{
	"credit": "Made with Blockbench",
	"parent": "block/block",
	"textures": {
		"particle": "#lantern"
	},
	"elements": [
		{
			"name": "inside_1",
			"from": [8.5, 10, 8.5],
			"to": [7.5, 9, 7.5],
			"rotation": {"angle": 45, "axis": "y", "origin": [8, 9.5, 8]},
			"faces": {
				"north": {"uv": [10, 11, 11, 12], "texture": "#chain"},
				"south": {"uv": [14, 11, 15, 12], "texture": "#chain"},
				"down": {"uv": [12, 9, 13, 10], "rotation": 270, "texture": "#chain"}
			}
		},
		{
			"name": "chain_1",
			"from": [7.5, 9, 6.5],
			"to": [8.5, 11, 9.5],
			"rotation": {"angle": 45, "axis": "y", "origin": [8, 11, 8]},
			"faces": {
				"north": {"uv": [7, 9, 8, 11], "texture": "#chain"},
				"east": {"uv": [3, 9, 6, 11], "texture": "#chain"},
				"south": {"uv": [1, 9, 2, 11], "texture": "#chain"},
				"west": {"uv": [6, 9, 3, 11], "texture": "#chain"},
				"up": {"uv": [3, 1, 6, 2], "rotation": 90, "texture": "#chain"}
			}
		},
		{
			"name": "lantern_2",
			"from": [6, 7, 6],
			"to": [10, 9, 10],
			"faces": {
				"north": {"uv": [1, 0, 5, 2], "texture": "#lantern"},
				"east": {"uv": [1, 0, 5, 2], "texture": "#lantern"},
				"south": {"uv": [1, 0, 5, 2], "texture": "#lantern"},
				"west": {"uv": [1, 0, 5, 2], "texture": "#lantern"},
				"up": {"uv": [1, 10, 5, 14], "texture": "#lantern"}
			}
		},
		{
			"name": "lantern_1",
			"from": [5, 0, 5],
			"to": [11, 7, 11],
			"faces": {
				"north": {"uv": [0, 2, 6, 9], "texture": "#lantern"},
				"east": {"uv": [0, 2, 6, 9], "texture": "#lantern"},
				"south": {"uv": [0, 2, 6, 9], "texture": "#lantern"},
				"west": {"uv": [0, 2, 6, 9], "texture": "#lantern"},
				"up": {"uv": [0, 9, 6, 15], "texture": "#lantern"},
				"down": {"uv": [0, 9, 6, 15], "texture": "#lantern", "cullface": "down"}
			}
		}
	]
}