{
	"credit": "Made with Blockbench",
	"ambientocclusion": false,
	"textures": {
		"2": "block/05m_amethyst_1",
		"3": "block/amethyst_block",
		"4": "block/05m_amethyst_2",
		"particle": "block/amethyst_block"
	},
	"elements": [
		{
			"name": "bottom_4",
			"from": [4.605, -0.025, 3.227],
			"to": [7.305, 3.6, 5.927],
			"rotation": {"angle": -45, "axis": "y", "origin": [4.35, 1.7875, 4.35]},
			"faces": {
				"north": {"uv": [0, 11, 3, 15], "texture": "#3"},
				"south": {"uv": [6, 11, 9, 15], "texture": "#3"},
				"west": {"uv": [3, 11, 6, 15], "texture": "#3"},
				"up": {"uv": [3, 8, 6, 11], "rotation": 90, "texture": "#3"},
				"down": {"uv": [7, 9, 10, 12], "texture": "#3", "cullface": "down"}
			}
		},
		{
			"name": "bottom_3",
			"from": [9.315, -0.213, 3.975],
			"to": [12.115, 2.587, 6.675],
			"rotation": {"angle": 22.5, "axis": "z", "origin": [10.65, 1.35, 5.3]},
			"faces": {
				"north": {"uv": [3, 6, 6, 9], "texture": "#3"},
				"east": {"uv": [0, 6, 3, 9], "texture": "#3"},
				"south": {"uv": [13, 6, 16, 9], "texture": "#3"},
				"west": {"uv": [6, 6, 9, 9], "texture": "#3"},
				"up": {"uv": [0, 3, 3, 6], "rotation": 270, "texture": "#3"},
				"down": {"uv": [0, 9, 3, 12], "rotation": 90, "texture": "#3"}
			}
		},
		{
			"name": "bottom_2",
			"from": [9.775, 0.743, 9.241],
			"to": [11.575, 2.543, 13.741],
			"rotation": {"angle": -22.5, "axis": "x", "origin": [8, 0.9, 8]},
			"faces": {
				"east": {"uv": [10, 1, 12, 6], "rotation": 270, "texture": "#4"},
				"south": {"uv": [13, 1, 15, 3], "texture": "#4"},
				"west": {"uv": [10, 1, 12, 6], "rotation": 90, "texture": "#4"},
				"up": {"uv": [10, 1, 12, 6], "rotation": 180, "texture": "#4"},
				"down": {"uv": [10, 1, 12, 6], "texture": "#4"}
			}
		},
		{
			"name": "bottom_1",
			"from": [5.923, -0.025, 9.032],
			"to": [11.323, 1.8, 11.732],
			"rotation": {"angle": -22.5, "axis": "y", "origin": [8, 0.8875, 8]},
			"faces": {
				"east": {"uv": [11, 11, 14, 13], "texture": "#3"},
				"south": {"uv": [5, 11, 11, 13], "texture": "#3"},
				"west": {"uv": [7, 9, 10, 11], "texture": "#3"},
				"up": {"uv": [5, 8, 11, 11], "texture": "#3"},
				"down": {"uv": [3, 2, 9, 5], "texture": "#3", "cullface": "down"}
			}
		},
		{
			"name": "spire_n",
			"from": [6.175, 4.5, 0.68],
			"to": [9.825, 7.05, 3.23],
			"rotation": {"angle": 0, "axis": "y", "origin": [8, 5.775, 1.955]},
			"faces": {
				"north": {"uv": [12, 12, 16, 15], "texture": "#4"},
				"east": {"uv": [1, 12, 4, 15], "rotation": 90, "texture": "#2"},
				"west": {"uv": [1, 12, 4, 15], "texture": "#2"},
				"up": {"uv": [9, 12, 13, 15], "texture": "#2"}
			}
		},
		{
			"name": "spire_s",
			"from": [4.375, 4.5, 12.77],
			"to": [8.025, 7.05, 15.32],
			"rotation": {"angle": 0, "axis": "y", "origin": [6.2, 5.775, 14.045]},
			"faces": {
				"east": {"uv": [1, 12, 4, 15], "texture": "#2"},
				"south": {"uv": [12, 12, 16, 15], "texture": "#4"},
				"west": {"uv": [1, 12, 4, 15], "rotation": 90, "texture": "#2"},
				"up": {"uv": [9, 12, 13, 15], "rotation": 180, "texture": "#2"}
			}
		},
		{
			"name": "spire_w",
			"from": [0.64, 4.99, 7.525],
			"to": [3.19, 7.54, 10.275],
			"rotation": {"angle": 0, "axis": "y", "origin": [1.915, 6.265, 8.9]},
			"faces": {
				"north": {"uv": [1, 12, 4, 15], "rotation": 90, "texture": "#2"},
				"south": {"uv": [1, 12, 4, 15], "texture": "#2"},
				"west": {"uv": [5, 12, 8, 15], "texture": "#2"},
				"up": {"uv": [12, 8, 15, 11], "texture": "#4"}
			}
		},
		{
			"name": "spire_e",
			"from": [12.81, 4.09, 6.625],
			"to": [15.36, 6.64, 9.375],
			"rotation": {"angle": 0, "axis": "y", "origin": [14.085, 5.365, 8]},
			"faces": {
				"north": {"uv": [1, 12, 4, 15], "texture": "#2"},
				"east": {"uv": [5, 12, 8, 15], "texture": "#2"},
				"south": {"uv": [1, 12, 4, 15], "rotation": 90, "texture": "#2"},
				"up": {"uv": [12, 8, 15, 11], "rotation": 180, "texture": "#4"}
			}
		},
		{
			"name": "pillar_n",
			"from": [6.2, -1.24, 0.16],
			"to": [9.8, 2.36, 7.36],
			"rotation": {"angle": 45, "axis": "x", "origin": [8, 1, 7.35]},
			"faces": {
				"east": {"uv": [1, 1, 5, 9], "rotation": 90, "texture": "#4"},
				"south": {"uv": [4, 3, 8, 7], "texture": "#3", "cullface": "down"},
				"west": {"uv": [1, 1, 5, 9], "rotation": 270, "texture": "#4"},
				"up": {"uv": [5, 1, 1, 9], "texture": "#4"},
				"down": {"uv": [5, 1, 1, 9], "rotation": 180, "texture": "#4"}
			}
		},
		{
			"name": "pillar_s",
			"from": [4.4, 0.99, 7.29],
			"to": [8, 8.19, 10.89],
			"rotation": {"angle": 45, "axis": "x", "origin": [6.2, 1, 8.65]},
			"faces": {
				"north": {"uv": [5, 1, 1, 9], "texture": "#4"},
				"east": {"uv": [1, 1, 5, 9], "texture": "#4"},
				"south": {"uv": [5, 1, 1, 9], "texture": "#4"},
				"west": {"uv": [1, 1, 5, 9], "texture": "#4"},
				"down": {"uv": [8, 6, 12, 10], "texture": "#3", "cullface": "down"}
			}
		},
		{
			"name": "pillar_w",
			"from": [5.61, 1.01, 7.55],
			"to": [9.21, 8.21, 10.25],
			"rotation": {"angle": 45, "axis": "z", "origin": [7, 0.6, 8.9]},
			"faces": {
				"north": {"uv": [1, 1, 5, 9], "texture": "#4"},
				"east": {"uv": [6, 1, 9, 9], "texture": "#4"},
				"south": {"uv": [1, 1, 5, 9], "texture": "#4"},
				"west": {"uv": [6, 1, 9, 9], "texture": "#4"},
				"down": {"uv": [7, 10, 11, 13], "texture": "#3", "cullface": "down"}
			}
		},
		{
			"name": "pillar_e",
			"from": [7.18, 0.27, 6.65],
			"to": [10.78, 7.47, 9.35],
			"rotation": {"angle": -45, "axis": "z", "origin": [9, 0.25, 8]},
			"faces": {
				"north": {"uv": [1, 1, 5, 9], "texture": "#4"},
				"east": {"uv": [6, 1, 9, 9], "texture": "#4"},
				"south": {"uv": [1, 1, 5, 9], "texture": "#4"},
				"west": {"uv": [6, 1, 9, 9], "texture": "#4"},
				"down": {"uv": [5, 2, 9, 5], "texture": "#3", "cullface": "down"}
			}
		},
		{
			"name": "spire_0",
			"from": [6.1, 8, 5.8],
			"to": [9.9, 11.8, 10.2],
			"rotation": {"angle": 45, "axis": "z", "origin": [8, 9.9, 8]},
			"faces": {
				"north": {"uv": [1, 11, 5, 15], "texture": "#4"},
				"east": {"uv": [6, 11, 11, 15], "texture": "#4"},
				"south": {"uv": [1, 11, 5, 15], "rotation": 90, "texture": "#4"},
				"up": {"uv": [6, 11, 11, 15], "rotation": 90, "texture": "#4"}
			}
		},
		{
			"name": "pillar_0",
			"from": [5.325, 0, 5.775],
			"to": [10.675, 9.9, 10.225],
			"rotation": {"angle": 0, "axis": "y", "origin": [8.5, 5.5, 8.5]},
			"faces": {
				"north": {"uv": [1, 0, 7, 11], "texture": "#2"},
				"east": {"uv": [8, 0, 13, 11], "texture": "#2"},
				"south": {"uv": [1, 0, 7, 11], "texture": "#2"},
				"west": {"uv": [8, 0, 13, 11], "texture": "#2"},
				"down": {"uv": [7, 6, 13, 11], "texture": "#3", "cullface": "down"}
			}
		}
	]
}