{
	"credit": "Made with Blockbench",
	"ambientocclusion": false,
	"textures": {
		"2": "block/05m_amethyst_1",
		"3": "block/amethyst_block",
		"4": "block/05m_amethyst_2",
		"5": "block/05m_amethyst_3",
		"particle": "block/amethyst_block"
	},
	"elements": [
		{
			"name": "bottom_4",
			"from": [9.19015, -0.01375, 6.13275],
			"to": [10.67515, 1.98, 7.61775],
			"rotation": {"angle": -45, "axis": "y", "origin": [10.0575, 0.98313, 5.9925]},
			"faces": {
				"north": {"uv": [3, 11, 5, 14], "texture": "#3"},
				"east": {"uv": [1, 11, 3, 14], "texture": "#3"},
				"west": {"uv": [5, 11, 7, 14], "texture": "#3"},
				"up": {"uv": [3, 9, 5, 11], "rotation": 180, "texture": "#3"},
				"down": {"uv": [8, 9, 10, 11], "rotation": 270, "texture": "#3", "cullface": "down"}
			}
		},
		{
			"name": "bottom_3",
			"from": [8.77875, -0.11715, 8.72325],
			"to": [10.26375, 1.42285, 10.26325],
			"rotation": {"angle": -22.5, "axis": "x", "origin": [9.535, 0.7425, 9.4575]},
			"faces": {
				"north": {"uv": [4, 6, 6, 8], "texture": "#3"},
				"east": {"uv": [2, 6, 4, 8], "texture": "#3"},
				"south": {"uv": [0, 6, 2, 8], "texture": "#3"},
				"west": {"uv": [14, 6, 16, 8], "texture": "#3"},
				"up": {"uv": [1, 4, 3, 6], "texture": "#3"},
				"down": {"uv": [0, 8, 2, 10], "texture": "#3"}
			}
		},
		{
			"name": "bottom_2",
			"from": [4.89245, 0.40865, 8.97625],
			"to": [7.36745, 1.39865, 9.96625],
			"rotation": {"angle": -22.5, "axis": "z", "origin": [8.05, 0.495, 8]},
			"faces": {
				"north": {"uv": [8, 1, 9, 4], "rotation": 90, "texture": "#5"},
				"south": {"uv": [8, 1, 9, 4], "rotation": 270, "texture": "#5"},
				"west": {"uv": [8, 5, 9, 6], "texture": "#5"},
				"up": {"uv": [8, 1, 9, 4], "rotation": 270, "texture": "#5"},
				"down": {"uv": [8, 1, 9, 4], "rotation": 270, "texture": "#5"}
			}
		},
		{
			"name": "bottom_1",
			"from": [5.9974, -0.01375, 6.85765],
			"to": [7.4824, 0.74, 9.82765],
			"rotation": {"angle": -22.5, "axis": "y", "origin": [8.05, 0.48813, 8]},
			"faces": {
				"north": {"uv": [7, 9, 9, 10], "texture": "#3"},
				"south": {"uv": [10, 11, 12, 12], "texture": "#3"},
				"west": {"uv": [6, 11, 10, 12], "texture": "#3"},
				"up": {"uv": [6, 9, 10, 11], "rotation": 90, "texture": "#3"},
				"down": {"uv": [3, 2, 9, 5], "rotation": 270, "texture": "#3", "cullface": "down"}
			}
		},
		{
			"name": "spire_n",
			"from": [10.6735, 1.925, 6.99625],
			"to": [12.076, 3.3275, 9.00375],
			"rotation": {"angle": 0, "axis": "y", "origin": [11.37475, 2.62625, 8]},
			"faces": {
				"north": {"uv": [1, 8, 3, 10], "texture": "#5"},
				"east": {"uv": [8, 8, 11, 10], "texture": "#5"},
				"south": {"uv": [1, 8, 3, 10], "rotation": 90, "texture": "#5"},
				"up": {"uv": [4, 8, 7, 10], "rotation": 90, "texture": "#5"}
			}
		},
		{
			"name": "spire_s",
			"from": [4.024, 1.925, 6.00625],
			"to": [5.4265, 3.3275, 8.01375],
			"rotation": {"angle": 0, "axis": "y", "origin": [4.72525, 2.62625, 7.01]},
			"faces": {
				"north": {"uv": [1, 8, 3, 10], "rotation": 90, "texture": "#5"},
				"south": {"uv": [1, 8, 3, 10], "texture": "#5"},
				"west": {"uv": [8, 8, 11, 10], "texture": "#5"},
				"up": {"uv": [4, 8, 7, 10], "rotation": 270, "texture": "#5"}
			}
		},
		{
			"name": "spire_w",
			"from": [6.79875, 2.1945, 3.952],
			"to": [8.31125, 3.597, 5.3545],
			"rotation": {"angle": 0, "axis": "y", "origin": [7.555, 2.89575, 4.65325]},
			"faces": {
				"north": {"uv": [10, 5, 12, 7], "texture": "#5"},
				"east": {"uv": [1, 8, 3, 10], "rotation": 90, "texture": "#5"},
				"west": {"uv": [1, 8, 3, 10], "texture": "#5"},
				"up": {"uv": [12, 8, 14, 10], "rotation": 90, "texture": "#5"}
			}
		},
		{
			"name": "spire_e",
			"from": [7.29375, 1.6995, 10.6455],
			"to": [8.80625, 3.102, 12.048],
			"rotation": {"angle": 0, "axis": "y", "origin": [8.05, 2.40075, 11.34675]},
			"faces": {
				"east": {"uv": [1, 8, 3, 10], "texture": "#5"},
				"south": {"uv": [10, 5, 12, 7], "texture": "#5"},
				"west": {"uv": [1, 8, 3, 10], "rotation": 90, "texture": "#5"},
				"up": {"uv": [12, 8, 14, 10], "rotation": 270, "texture": "#5"}
			}
		},
		{
			"name": "pillar_n",
			"from": [8.402, -1.232, 7.01],
			"to": [12.362, 0.748, 8.99],
			"rotation": {"angle": 45, "axis": "z", "origin": [8.4075, 0, 8]},
			"faces": {
				"north": {"uv": [1, 1, 4, 7], "rotation": 270, "texture": "#5"},
				"south": {"uv": [1, 1, 4, 7], "rotation": 90, "texture": "#5"},
				"west": {"uv": [4, 3, 8, 7], "texture": "#3", "cullface": "down"},
				"up": {"uv": [4, 1, 1, 7], "rotation": 90, "texture": "#5"},
				"down": {"uv": [4, 1, 1, 7], "rotation": 90, "texture": "#5"}
			}
		},
		{
			"name": "pillar_s",
			"from": [6.4605, -0.0055, 6.02],
			"to": [8.4405, 3.9545, 8],
			"rotation": {"angle": 45, "axis": "z", "origin": [7.6925, 0, 7.01]},
			"faces": {
				"north": {"uv": [1, 1, 4, 7], "texture": "#5"},
				"east": {"uv": [4, 1, 1, 7], "texture": "#5"},
				"south": {"uv": [1, 1, 4, 7], "texture": "#5"},
				"west": {"uv": [4, 1, 1, 7], "texture": "#5"},
				"down": {"uv": [8, 6, 12, 10], "rotation": 270, "texture": "#3", "cullface": "down"}
			}
		},
		{
			"name": "pillar_w",
			"from": [6.8125, 0.0055, 6.6855],
			"to": [8.2975, 3.9655, 8.6655],
			"rotation": {"angle": -45, "axis": "x", "origin": [7.555, -0.22, 7.45]},
			"faces": {
				"north": {"uv": [5, 1, 7, 7], "texture": "#5"},
				"east": {"uv": [1, 1, 4, 7], "texture": "#5"},
				"south": {"uv": [5, 1, 7, 7], "texture": "#5"},
				"west": {"uv": [1, 1, 4, 7], "texture": "#5"},
				"down": {"uv": [7, 10, 11, 13], "rotation": 270, "texture": "#3", "cullface": "down"}
			}
		},
		{
			"name": "pillar_e",
			"from": [7.3075, -0.4015, 7.549],
			"to": [8.7925, 3.5585, 9.529],
			"rotation": {"angle": 45, "axis": "x", "origin": [8.05, -0.4125, 8.55]},
			"faces": {
				"north": {"uv": [5, 1, 7, 7], "texture": "#5"},
				"east": {"uv": [1, 1, 4, 7], "texture": "#5"},
				"south": {"uv": [5, 1, 7, 7], "texture": "#5"},
				"west": {"uv": [1, 1, 4, 7], "texture": "#5"},
				"down": {"uv": [4, 2, 8, 5], "rotation": 270, "texture": "#3", "cullface": "down"}
			}
		},
		{
			"name": "spire_0",
			"from": [6.8125, 2.2, 6.955],
			"to": [9.2875, 4.29, 9.045],
			"rotation": {"angle": -45, "axis": "x", "origin": [8.05, 3.245, 8]},
			"faces": {
				"east": {"uv": [1, 12, 4, 15], "texture": "#2"},
				"south": {"uv": [5, 12, 8, 15], "texture": "#2"},
				"west": {"uv": [1, 12, 4, 15], "rotation": 90, "texture": "#2"},
				"up": {"uv": [5, 12, 8, 15], "rotation": 180, "texture": "#2"}
			}
		},
		{
			"name": "pillar_0",
			"from": [6.82625, -0.55, 6.52875],
			"to": [9.27375, 3.245, 9.47125],
			"rotation": {"angle": 0, "axis": "y", "origin": [7.775, 0.825, 8.275]},
			"faces": {
				"north": {"uv": [6, 1, 9, 7], "texture": "#4"},
				"east": {"uv": [1, 1, 5, 7], "texture": "#4"},
				"south": {"uv": [6, 1, 9, 7], "texture": "#4"},
				"west": {"uv": [1, 1, 5, 7], "texture": "#4"},
				"down": {"uv": [7, 8, 11, 11], "rotation": 270, "texture": "#3", "cullface": "down"}
			}
		}
	]
}