{
	"credit": "Made with Blockbench",
	"ambientocclusion": false,
	"textures": {
		"05m": "block/05m_iron_bars",
		"particle": "block/iron_bars"
	},
	"elements": [
		{
			"from": [6.99, -0.01, 6.99],
			"to": [9.01, 16.01, 9.01],
			"rotation": {"angle": 0, "axis": "y", "origin": [7, 0, 8]},
			"faces": {
				"north": {"uv": [7, 0, 9, 16], "texture": "#05m"},
				"east": {"uv": [4, 0, 6, 16], "texture": "#05m"},
				"south": {"uv": [7, 0, 9, 16], "texture": "#05m"},
				"west": {"uv": [4, 0, 6, 16], "texture": "#05m"},
				"up": {"uv": [10, 1, 12, 3], "texture": "#05m"},
				"down": {"uv": [13, 1, 15, 3], "texture": "#05m"}
			}
		}
	]
}