{
	"credit": "Made with Blockbench",
	"ambientocclusion": false,
	"textures": {
		"cross": "block/pointed_dripstone_up_middle",
		"particle": "block/dripstone_block"
	},
	"elements": [
		{
			"from": [3.5, 14, 3.5],
			"to": [12.5, 16, 12.5],
			"rotation": {"angle": 0, "axis": "y", "origin": [8, 8.5, 8]},
			"faces": {
				"north": {"uv": [2, 0, 14, 2], "texture": "#cross"},
				"east": {"uv": [14, 0, 2, 2], "texture": "#cross"},
				"south": {"uv": [14, 0, 2, 2], "texture": "#cross"},
				"west": {"uv": [2, 0, 14, 2], "texture": "#cross"},
				"up": {"uv": [2, 2, 14, 14], "texture": "#particle", "cullface": "up"},
				"down": {"uv": [2, 2, 14, 14], "texture": "#particle"}
			}
		},
		{
			"from": [3.5, 11, 4.25],
			"to": [11.75, 14, 12.5],
			"rotation": {"angle": 0, "axis": "y", "origin": [8, 8.5, 8]},
			"faces": {
				"north": {"uv": [3, 2, 14, 5], "texture": "#cross"},
				"east": {"uv": [14, 2, 3, 5], "texture": "#cross"},
				"south": {"uv": [14, 2, 3, 5], "texture": "#cross"},
				"west": {"uv": [3, 2, 14, 5], "texture": "#cross"}
			}
		},
		{
			"from": [3.5, 7, 3.5],
			"to": [12.5, 11, 12.5],
			"rotation": {"angle": 0, "axis": "y", "origin": [8, 8.5, 8]},
			"faces": {
				"north": {"uv": [2, 5, 14, 9], "texture": "#cross"},
				"east": {"uv": [14, 5, 2, 9], "texture": "#cross"},
				"south": {"uv": [14, 5, 2, 9], "texture": "#cross"},
				"west": {"uv": [2, 5, 14, 9], "texture": "#cross"},
				"up": {"uv": [2, 2, 14, 14], "texture": "#particle"},
				"down": {"uv": [2, 2, 14, 14], "texture": "#particle"}
			}
		},
		{
			"from": [4.25, 4, 3.5],
			"to": [12.5, 7, 11.75],
			"rotation": {"angle": 0, "axis": "y", "origin": [8, 8.5, 8]},
			"faces": {
				"north": {"uv": [2, 9, 13, 12], "texture": "#cross"},
				"east": {"uv": [13, 9, 2, 12], "texture": "#cross"},
				"south": {"uv": [13, 9, 2, 12], "texture": "#cross"},
				"west": {"uv": [2, 9, 13, 12], "texture": "#cross"}
			}
		},
		{
			"from": [3.5, 0, 3.5],
			"to": [12.5, 4, 12.5],
			"rotation": {"angle": 0, "axis": "y", "origin": [8, 8.5, 8]},
			"faces": {
				"north": {"uv": [2, 12, 14, 16], "texture": "#cross"},
				"east": {"uv": [14, 12, 2, 16], "texture": "#cross"},
				"south": {"uv": [14, 12, 2, 16], "texture": "#cross"},
				"west": {"uv": [2, 12, 14, 16], "texture": "#cross"},
				"up": {"uv": [2, 2, 14, 14], "texture": "#particle"},
				"down": {"uv": [2, 2, 14, 14], "texture": "#particle", "cullface": "down"}
			}
		}
	]
}