{
	"credit": "Made with Blockbench",
	"ambientocclusion": false,
	"textures": {
		"cross": "block/pointed_dripstone_up_frustum",
		"particle": "block/dripstone_block"
	},
	"elements": [
		{
			"from": [5, 14, 5],
			"to": [11, 16, 11],
			"rotation": {"angle": 0, "axis": "y", "origin": [7.8125, 8.75, 8.1875]},
			"faces": {
				"north": {"uv": [4, 0, 12, 2], "texture": "#cross"},
				"east": {"uv": [12, 0, 4, 2], "texture": "#cross"},
				"south": {"uv": [12, 0, 4, 2], "texture": "#cross"},
				"west": {"uv": [4, 0, 12, 2], "texture": "#cross"},
				"up": {"uv": [4, 4, 12, 12], "texture": "#particle", "cullface": "up"}
			}
		},
		{
			"from": [4.25, 11, 5],
			"to": [11, 14, 11.75],
			"rotation": {"angle": 0, "axis": "y", "origin": [7.8125, 8.75, 8.1875]},
			"faces": {
				"north": {"uv": [4, 2, 13, 5], "texture": "#cross"},
				"east": {"uv": [13, 2, 4, 5], "texture": "#cross"},
				"south": {"uv": [13, 2, 4, 5], "texture": "#cross"},
				"west": {"uv": [4, 2, 13, 5], "texture": "#cross"},
				"up": {"uv": [3, 4, 12, 13], "texture": "#particle"}
			}
		},
		{
			"from": [4.25, 8, 4.25],
			"to": [11.75, 11, 11.75],
			"rotation": {"angle": 0, "axis": "y", "origin": [7.8125, 8.75, 8.1875]},
			"faces": {
				"north": {"uv": [3, 5, 13, 8], "texture": "#cross"},
				"east": {"uv": [13, 5, 3, 8], "texture": "#cross"},
				"south": {"uv": [13, 5, 3, 8], "texture": "#cross"},
				"west": {"uv": [3, 5, 13, 8], "texture": "#cross"},
				"up": {"uv": [3, 3, 13, 13], "texture": "#particle"}
			}
		},
		{
			"from": [3.5, 5, 4.25],
			"to": [11.75, 8, 12.5],
			"rotation": {"angle": 0, "axis": "y", "origin": [7.8125, 8.75, 8.1875]},
			"faces": {
				"north": {"uv": [3, 8, 14, 11], "texture": "#cross"},
				"east": {"uv": [14, 8, 3, 11], "texture": "#cross"},
				"south": {"uv": [14, 8, 3, 11], "texture": "#cross"},
				"west": {"uv": [3, 8, 14, 11], "texture": "#cross"},
				"up": {"uv": [2, 3, 13, 14], "texture": "#particle"}
			}
		},
		{
			"from": [3.5, 0, 3.5],
			"to": [12.5, 5, 12.5],
			"rotation": {"angle": 0, "axis": "y", "origin": [7.8125, 8.75, 8.1875]},
			"faces": {
				"north": {"uv": [2, 11, 14, 16], "texture": "#cross"},
				"east": {"uv": [14, 11, 2, 16], "texture": "#cross"},
				"south": {"uv": [14, 11, 2, 16], "texture": "#cross"},
				"west": {"uv": [2, 11, 14, 16], "texture": "#cross"},
				"up": {"uv": [2, 2, 14, 14], "texture": "#particle"},
				"down": {"uv": [2, 2, 14, 14], "texture": "#particle", "cullface": "down"}
			}
		}
	]
}