{
	"credit": "Made with Blockbench",
	"ambientocclusion": false,
	"textures": {
		"2": "block/05m_amethyst_1",
		"3": "block/amethyst_block",
		"4": "block/05m_amethyst_2",
		"5": "block/05m_amethyst_3",
		"particle": "block/amethyst_block"
	},
	"elements": [
		{
			"name": "bottom_4",
			"from": [5.37485, -0.01375, 8.43225],
			"to": [6.85985, 1.98, 9.91725],
			"rotation": {"angle": -45, "axis": "y", "origin": [5.9925, 0.98313, 10.0575]},
			"faces": {
				"east": {"uv": [5, 11, 7, 14], "texture": "#3"},
				"south": {"uv": [3, 11, 5, 14], "texture": "#3"},
				"west": {"uv": [1, 11, 3, 14], "texture": "#3"},
				"up": {"uv": [3, 9, 5, 11], "texture": "#3"},
				"down": {"uv": [8, 9, 10, 11], "rotation": 90, "texture": "#3", "cullface": "down"}
			}
		},
		{
			"name": "bottom_3",
			"from": [5.78625, -0.11715, 5.78675],
			"to": [7.27125, 1.42285, 7.32675],
			"rotation": {"angle": 22.5, "axis": "x", "origin": [6.515, 0.7425, 6.5925]},
			"faces": {
				"north": {"uv": [0, 6, 2, 8], "texture": "#3"},
				"east": {"uv": [14, 6, 16, 8], "texture": "#3"},
				"south": {"uv": [4, 6, 6, 8], "texture": "#3"},
				"west": {"uv": [2, 6, 4, 8], "texture": "#3"},
				"up": {"uv": [1, 4, 3, 6], "rotation": 180, "texture": "#3"},
				"down": {"uv": [0, 8, 2, 10], "rotation": 180, "texture": "#3"}
			}
		},
		{
			"name": "bottom_2",
			"from": [8.68255, 0.40865, 6.08375],
			"to": [11.15755, 1.39865, 7.07375],
			"rotation": {"angle": 22.5, "axis": "z", "origin": [8, 0.495, 8.05]},
			"faces": {
				"north": {"uv": [8, 1, 9, 4], "rotation": 270, "texture": "#5"},
				"east": {"uv": [8, 5, 9, 6], "texture": "#5"},
				"south": {"uv": [8, 1, 9, 4], "rotation": 90, "texture": "#5"},
				"up": {"uv": [8, 1, 9, 4], "rotation": 90, "texture": "#5"},
				"down": {"uv": [8, 1, 9, 4], "rotation": 90, "texture": "#5"}
			}
		},
		{
			"name": "bottom_1",
			"from": [8.5676, -0.01375, 6.22235],
			"to": [10.0526, 0.74, 9.19235],
			"rotation": {"angle": -22.5, "axis": "y", "origin": [8, 0.48813, 8.05]},
			"faces": {
				"north": {"uv": [10, 11, 12, 12], "texture": "#3"},
				"east": {"uv": [6, 11, 10, 12], "texture": "#3"},
				"south": {"uv": [7, 9, 9, 10], "texture": "#3"},
				"up": {"uv": [6, 9, 10, 11], "rotation": 270, "texture": "#3"},
				"down": {"uv": [3, 2, 9, 5], "rotation": 90, "texture": "#3", "cullface": "down"}
			}
		},
		{
			"name": "spire_n",
			"from": [3.974, 1.925, 7.04625],
			"to": [5.3765, 3.3275, 9.05375],
			"rotation": {"angle": 0, "axis": "y", "origin": [4.67525, 2.62625, 8.05]},
			"faces": {
				"north": {"uv": [1, 8, 3, 10], "rotation": 90, "texture": "#5"},
				"south": {"uv": [1, 8, 3, 10], "texture": "#5"},
				"west": {"uv": [8, 8, 11, 10], "texture": "#5"},
				"up": {"uv": [4, 8, 7, 10], "rotation": 270, "texture": "#5"}
			}
		},
		{
			"name": "spire_s",
			"from": [10.6235, 1.925, 8.03625],
			"to": [12.026, 3.3275, 10.04375],
			"rotation": {"angle": 0, "axis": "y", "origin": [11.32475, 2.62625, 9.04]},
			"faces": {
				"north": {"uv": [1, 8, 3, 10], "texture": "#5"},
				"east": {"uv": [8, 8, 11, 10], "texture": "#5"},
				"south": {"uv": [1, 8, 3, 10], "rotation": 90, "texture": "#5"},
				"up": {"uv": [4, 8, 7, 10], "rotation": 90, "texture": "#5"}
			}
		},
		{
			"name": "spire_w",
			"from": [7.73875, 2.1945, 10.6955],
			"to": [9.25125, 3.597, 12.098],
			"rotation": {"angle": 0, "axis": "y", "origin": [8.495, 2.89575, 11.39675]},
			"faces": {
				"east": {"uv": [1, 8, 3, 10], "texture": "#5"},
				"south": {"uv": [10, 5, 12, 7], "texture": "#5"},
				"west": {"uv": [1, 8, 3, 10], "rotation": 90, "texture": "#5"},
				"up": {"uv": [12, 8, 14, 10], "rotation": 270, "texture": "#5"}
			}
		},
		{
			"name": "spire_e",
			"from": [7.24375, 1.6995, 4.002],
			"to": [8.75625, 3.102, 5.4045],
			"rotation": {"angle": 0, "axis": "y", "origin": [8, 2.40075, 4.70325]},
			"faces": {
				"north": {"uv": [10, 5, 12, 7], "texture": "#5"},
				"east": {"uv": [1, 8, 3, 10], "rotation": 90, "texture": "#5"},
				"west": {"uv": [1, 8, 3, 10], "texture": "#5"},
				"up": {"uv": [12, 8, 14, 10], "rotation": 90, "texture": "#5"}
			}
		},
		{
			"name": "pillar_n",
			"from": [3.688, -1.232, 7.06],
			"to": [7.648, 0.748, 9.04],
			"rotation": {"angle": -45, "axis": "z", "origin": [7.6425, 0, 8.05]},
			"faces": {
				"north": {"uv": [1, 1, 4, 7], "rotation": 90, "texture": "#5"},
				"east": {"uv": [4, 3, 8, 7], "texture": "#3", "cullface": "down"},
				"south": {"uv": [1, 1, 4, 7], "rotation": 270, "texture": "#5"},
				"up": {"uv": [4, 1, 1, 7], "rotation": 270, "texture": "#5"},
				"down": {"uv": [4, 1, 1, 7], "rotation": 270, "texture": "#5"}
			}
		},
		{
			"name": "pillar_s",
			"from": [7.6095, -0.0055, 8.05],
			"to": [9.5895, 3.9545, 10.03],
			"rotation": {"angle": -45, "axis": "z", "origin": [8.3575, 0, 9.04]},
			"faces": {
				"north": {"uv": [1, 1, 4, 7], "texture": "#5"},
				"east": {"uv": [4, 1, 1, 7], "texture": "#5"},
				"south": {"uv": [1, 1, 4, 7], "texture": "#5"},
				"west": {"uv": [4, 1, 1, 7], "texture": "#5"},
				"down": {"uv": [8, 6, 12, 10], "rotation": 90, "texture": "#3", "cullface": "down"}
			}
		},
		{
			"name": "pillar_w",
			"from": [7.7525, 0.0055, 7.3845],
			"to": [9.2375, 3.9655, 9.3645],
			"rotation": {"angle": 45, "axis": "x", "origin": [8.495, -0.22, 8.6]},
			"faces": {
				"north": {"uv": [5, 1, 7, 7], "texture": "#5"},
				"east": {"uv": [1, 1, 4, 7], "texture": "#5"},
				"south": {"uv": [5, 1, 7, 7], "texture": "#5"},
				"west": {"uv": [1, 1, 4, 7], "texture": "#5"},
				"down": {"uv": [7, 10, 11, 13], "rotation": 90, "texture": "#3", "cullface": "down"}
			}
		},
		{
			"name": "pillar_e",
			"from": [7.2575, -0.4015, 6.521],
			"to": [8.7425, 3.5585, 8.501],
			"rotation": {"angle": -45, "axis": "x", "origin": [8, -0.4125, 7.5]},
			"faces": {
				"north": {"uv": [5, 1, 7, 7], "texture": "#5"},
				"east": {"uv": [1, 1, 4, 7], "texture": "#5"},
				"south": {"uv": [5, 1, 7, 7], "texture": "#5"},
				"west": {"uv": [1, 1, 4, 7], "texture": "#5"},
				"down": {"uv": [4, 2, 8, 5], "rotation": 90, "texture": "#3", "cullface": "down"}
			}
		},
		{
			"name": "spire_0",
			"from": [6.7625, 2.2, 7.005],
			"to": [9.2375, 4.29, 9.095],
			"rotation": {"angle": 45, "axis": "x", "origin": [8, 3.245, 8.05]},
			"faces": {
				"north": {"uv": [5, 12, 8, 15], "texture": "#2"},
				"east": {"uv": [1, 12, 4, 15], "rotation": 90, "texture": "#2"},
				"west": {"uv": [1, 12, 4, 15], "texture": "#2"},
				"up": {"uv": [5, 12, 8, 15], "texture": "#2"}
			}
		},
		{
			"name": "pillar_0",
			"from": [6.77625, -0.55, 6.57875],
			"to": [9.22375, 3.245, 9.52125],
			"rotation": {"angle": 0, "axis": "y", "origin": [8.275, 0.825, 7.775]},
			"faces": {
				"north": {"uv": [6, 1, 9, 7], "texture": "#4"},
				"east": {"uv": [1, 1, 5, 7], "texture": "#4"},
				"south": {"uv": [6, 1, 9, 7], "texture": "#4"},
				"west": {"uv": [1, 1, 5, 7], "texture": "#4"},
				"down": {"uv": [7, 8, 11, 11], "rotation": 90, "texture": "#3", "cullface": "down"}
			}
		}
	]
}