{
	"credit": "Made with Blockbench",
	"ambientocclusion": false,
	"textures": {
		"2": "block/05m_amethyst_1",
		"3": "block/amethyst_block",
		"4": "block/05m_amethyst_2",
		"particle": "block/amethyst_block"
	},
	"elements": [
		{
			"name": "bottom_4",
			"from": [9.76205, -0.02125, 5.11425],
			"to": [12.05705, 3.06, 7.40925],
			"rotation": {"angle": -45, "axis": "y", "origin": [11.1025, 1.51938, 4.8975]},
			"faces": {
				"north": {"uv": [3, 11, 6, 15], "texture": "#3"},
				"east": {"uv": [0, 11, 3, 15], "texture": "#3"},
				"west": {"uv": [6, 11, 9, 15], "texture": "#3"},
				"up": {"uv": [3, 8, 6, 11], "rotation": 180, "texture": "#3"},
				"down": {"uv": [7, 9, 10, 12], "rotation": 270, "texture": "#3", "cullface": "down"}
			}
		},
		{
			"name": "bottom_3",
			"from": [9.12625, -0.18105, 9.11775],
			"to": [11.42125, 2.19895, 11.49775],
			"rotation": {"angle": -22.5, "axis": "x", "origin": [10.295, 1.1475, 10.2525]},
			"faces": {
				"north": {"uv": [6, 6, 9, 9], "texture": "#3"},
				"east": {"uv": [3, 6, 6, 9], "texture": "#3"},
				"south": {"uv": [0, 6, 3, 9], "texture": "#3"},
				"west": {"uv": [13, 6, 16, 9], "texture": "#3"},
				"up": {"uv": [0, 3, 3, 6], "texture": "#3"},
				"down": {"uv": [0, 9, 3, 12], "texture": "#3"}
			}
		},
		{
			"name": "bottom_2",
			"from": [3.12015, 0.63155, 9.50875],
			"to": [6.94515, 2.16155, 11.03875],
			"rotation": {"angle": -22.5, "axis": "z", "origin": [8, 0.765, 8]},
			"faces": {
				"north": {"uv": [10, 1, 12, 6], "rotation": 90, "texture": "#4"},
				"south": {"uv": [10, 1, 12, 6], "rotation": 270, "texture": "#4"},
				"west": {"uv": [13, 1, 15, 3], "texture": "#4"},
				"up": {"uv": [10, 1, 12, 6], "rotation": 270, "texture": "#4"},
				"down": {"uv": [10, 1, 12, 6], "rotation": 270, "texture": "#4"}
			}
		},
		{
			"name": "bottom_1",
			"from": [4.8278, -0.02125, 6.23455],
			"to": [7.1228, 1.53, 10.82455],
			"rotation": {"angle": -22.5, "axis": "y", "origin": [8, 0.75437, 8]},
			"faces": {
				"north": {"uv": [7, 9, 10, 11], "texture": "#3"},
				"south": {"uv": [11, 11, 14, 13], "texture": "#3"},
				"west": {"uv": [5, 11, 11, 13], "texture": "#3"},
				"up": {"uv": [5, 8, 11, 11], "rotation": 90, "texture": "#3"},
				"down": {"uv": [3, 2, 9, 5], "rotation": 270, "texture": "#3", "cullface": "down"}
			}
		},
		{
			"name": "spire_n",
			"from": [12.0545, 3.825, 6.44875],
			"to": [14.222, 5.9925, 9.55125],
			"rotation": {"angle": 0, "axis": "y", "origin": [13.13825, 4.90875, 8]},
			"faces": {
				"north": {"uv": [1, 12, 4, 15], "texture": "#2"},
				"east": {"uv": [12, 12, 16, 15], "texture": "#4"},
				"south": {"uv": [1, 12, 4, 15], "rotation": 90, "texture": "#2"},
				"up": {"uv": [9, 12, 13, 15], "rotation": 90, "texture": "#2"}
			}
		},
		{
			"name": "spire_s",
			"from": [1.778, 3.825, 4.91875],
			"to": [3.9455, 5.9925, 8.02125],
			"rotation": {"angle": 0, "axis": "y", "origin": [2.86175, 4.90875, 6.47]},
			"faces": {
				"north": {"uv": [1, 12, 4, 15], "rotation": 90, "texture": "#2"},
				"south": {"uv": [1, 12, 4, 15], "texture": "#2"},
				"west": {"uv": [12, 12, 16, 15], "texture": "#4"},
				"up": {"uv": [9, 12, 13, 15], "rotation": 270, "texture": "#2"}
			}
		},
		{
			"name": "spire_w",
			"from": [6.06625, 4.2415, 1.744],
			"to": [8.40375, 6.409, 3.9115],
			"rotation": {"angle": 0, "axis": "y", "origin": [7.235, 5.32525, 2.82775]},
			"faces": {
				"north": {"uv": [5, 12, 8, 15], "texture": "#2"},
				"east": {"uv": [1, 12, 4, 15], "rotation": 90, "texture": "#2"},
				"west": {"uv": [1, 12, 4, 15], "texture": "#2"},
				"up": {"uv": [12, 8, 15, 11], "rotation": 90, "texture": "#4"}
			}
		},
		{
			"name": "spire_e",
			"from": [6.83125, 3.4765, 12.0885],
			"to": [9.16875, 5.644, 14.256],
			"rotation": {"angle": 0, "axis": "y", "origin": [8, 4.56025, 13.17225]},
			"faces": {
				"east": {"uv": [1, 12, 4, 15], "texture": "#2"},
				"south": {"uv": [5, 12, 8, 15], "texture": "#2"},
				"west": {"uv": [1, 12, 4, 15], "rotation": 90, "texture": "#2"},
				"up": {"uv": [12, 8, 15, 11], "rotation": 270, "texture": "#4"}
			}
		},
		{
			"name": "pillar_n",
			"from": [8.544, -1.054, 6.47],
			"to": [14.664, 2.006, 9.53],
			"rotation": {"angle": 45, "axis": "z", "origin": [8.5525, 0.85, 8]},
			"faces": {
				"north": {"uv": [1, 1, 5, 9], "rotation": 270, "texture": "#4"},
				"south": {"uv": [1, 1, 5, 9], "rotation": 90, "texture": "#4"},
				"west": {"uv": [4, 3, 8, 7], "texture": "#3", "cullface": "down"},
				"up": {"uv": [5, 1, 1, 9], "rotation": 90, "texture": "#4"},
				"down": {"uv": [5, 1, 1, 9], "rotation": 90, "texture": "#4"}
			}
		},
		{
			"name": "pillar_s",
			"from": [5.5435, 0.8415, 4.94],
			"to": [8.6035, 6.9615, 8],
			"rotation": {"angle": 45, "axis": "z", "origin": [7.4475, 0.85, 6.47]},
			"faces": {
				"north": {"uv": [1, 1, 5, 9], "texture": "#4"},
				"east": {"uv": [5, 1, 1, 9], "texture": "#4"},
				"south": {"uv": [1, 1, 5, 9], "texture": "#4"},
				"west": {"uv": [5, 1, 1, 9], "texture": "#4"},
				"down": {"uv": [8, 6, 12, 10], "rotation": 270, "texture": "#3", "cullface": "down"}
			}
		},
		{
			"name": "pillar_w",
			"from": [6.0875, 0.8585, 5.9685],
			"to": [8.3825, 6.9785, 9.0285],
			"rotation": {"angle": -45, "axis": "x", "origin": [7.235, 0.51, 7.15]},
			"faces": {
				"north": {"uv": [6, 1, 9, 9], "texture": "#4"},
				"east": {"uv": [1, 1, 5, 9], "texture": "#4"},
				"south": {"uv": [6, 1, 9, 9], "texture": "#4"},
				"west": {"uv": [1, 1, 5, 9], "texture": "#4"},
				"down": {"uv": [7, 10, 11, 13], "rotation": 270, "texture": "#3", "cullface": "down"}
			}
		},
		{
			"name": "pillar_e",
			"from": [6.8525, 0.2295, 7.303],
			"to": [9.1475, 6.3495, 10.363],
			"rotation": {"angle": 45, "axis": "x", "origin": [8, 0.2125, 8.85]},
			"faces": {
				"north": {"uv": [6, 1, 9, 9], "texture": "#4"},
				"east": {"uv": [1, 1, 5, 9], "texture": "#4"},
				"south": {"uv": [6, 1, 9, 9], "texture": "#4"},
				"west": {"uv": [1, 1, 5, 9], "texture": "#4"},
				"down": {"uv": [5, 2, 9, 5], "rotation": 270, "texture": "#3", "cullface": "down"}
			}
		},
		{
			"name": "spire_0",
			"from": [6.0875, 5.95, 6.385],
			"to": [9.9125, 9.18, 9.615],
			"rotation": {"angle": 45, "axis": "x", "origin": [8, 7.565, 8]},
			"faces": {
				"north": {"uv": [5, 12, 8, 15], "texture": "#2"},
				"east": {"uv": [1, 12, 4, 15], "rotation": 90, "texture": "#2"},
				"west": {"uv": [1, 12, 4, 15], "texture": "#2"},
				"up": {"uv": [5, 12, 8, 15], "texture": "#2"}
			}
		},
		{
			"name": "pillar_0",
			"from": [6.10875, 0, 5.72625],
			"to": [9.89125, 7.565, 10.27375],
			"rotation": {"angle": 0, "axis": "y", "origin": [7.575, 3.825, 8.425]},
			"faces": {
				"north": {"uv": [6, 1, 9, 8], "texture": "#4"},
				"east": {"uv": [1, 1, 5, 8], "texture": "#4"},
				"south": {"uv": [6, 1, 9, 8], "texture": "#4"},
				"west": {"uv": [1, 1, 5, 8], "texture": "#4"},
				"down": {"uv": [7, 8, 11, 11], "rotation": 270, "texture": "#3", "cullface": "down"}
			}
		}
	]
}