{
	"credit": "Made with Blockbench",
	"ambientocclusion": false,
	"textures": {
		"cross": "block/pointed_dripstone_up_base",
		"particle": "block/dripstone_block"
	},
	"elements": [
		{
			"from": [3.5, 15, 3.5],
			"to": [12.5, 16, 12.5],
			"rotation": {"angle": 0, "axis": "y", "origin": [8.1875, 8.75, 7.8125]},
			"faces": {
				"north": {"uv": [2, 0, 14, 1], "texture": "#cross"},
				"east": {"uv": [14, 0, 2, 1], "texture": "#cross"},
				"south": {"uv": [14, 0, 2, 1], "texture": "#cross"},
				"west": {"uv": [2, 0, 14, 1], "texture": "#cross"},
				"up": {"uv": [2, 2, 14, 14], "texture": "#particle", "cullface": "up"}
			}
		},
		{
			"from": [3.5, 14, 2.75],
			"to": [13.25, 15, 12.5],
			"rotation": {"angle": 0, "axis": "y", "origin": [8.1875, 8.75, 7.8125]},
			"faces": {
				"north": {"uv": [1, 1, 14, 2], "texture": "#cross"},
				"east": {"uv": [14, 1, 1, 2], "texture": "#cross"},
				"south": {"uv": [14, 1, 1, 2], "texture": "#cross"},
				"west": {"uv": [1, 1, 14, 2], "texture": "#cross"},
				"up": {"uv": [2, 1, 15, 14], "texture": "#particle"}
			}
		},
		{
			"from": [2.75, 5, 2.75],
			"to": [13.25, 14, 13.25],
			"rotation": {"angle": 0, "axis": "y", "origin": [8.1875, 8.75, 7.8125]},
			"faces": {
				"north": {"uv": [1, 2, 15, 11], "texture": "#cross"},
				"east": {"uv": [15, 2, 1, 11], "texture": "#cross"},
				"south": {"uv": [15, 2, 1, 11], "texture": "#cross"},
				"west": {"uv": [1, 2, 15, 11], "texture": "#cross"},
				"up": {"uv": [1, 1, 15, 15], "texture": "#particle"}
			}
		},
		{
			"from": [2.75, 4, 2],
			"to": [14, 5, 13.25],
			"rotation": {"angle": 0, "axis": "y", "origin": [8.1875, 8.75, 7.8125]},
			"faces": {
				"north": {"uv": [0, 11, 15, 12], "texture": "#cross"},
				"east": {"uv": [15, 11, 0, 12], "texture": "#cross"},
				"south": {"uv": [15, 11, 0, 12], "texture": "#cross"},
				"west": {"uv": [0, 11, 15, 12], "texture": "#cross"},
				"up": {"uv": [1, 0, 16, 15], "texture": "#particle"}
			}
		},
		{
			"from": [2, 0, 2],
			"to": [14, 4, 14],
			"rotation": {"angle": 0, "axis": "y", "origin": [8.1875, 8.75, 7.8125]},
			"faces": {
				"north": {"uv": [0, 12, 16, 16], "texture": "#cross"},
				"east": {"uv": [16, 12, 0, 16], "texture": "#cross"},
				"south": {"uv": [16, 12, 0, 16], "texture": "#cross"},
				"west": {"uv": [0, 12, 16, 16], "texture": "#cross"},
				"up": {"uv": [0, 0, 16, 16], "texture": "#particle"},
				"down": {"uv": [0, 0, 16, 16], "texture": "#particle", "cullface": "down"}
			}
		}
	]
}