{
	"credit": "Made with Blockbench",
	"ambientocclusion": false,
	"textures": {
		"2": "block/05m_amethyst_1",
		"3": "block/amethyst_block",
		"4": "block/05m_amethyst_2",
		"5": "block/05m_amethyst_3",
		"particle": "block/amethyst_block"
	},
	"elements": [
		{
			"name": "bottom_4",
			"from": [4.6589, -0.0175, 8.4765],
			"to": [6.5489, 2.52, 10.3665],
			"rotation": {"angle": -45, "axis": "y", "origin": [5.445, 1.25125, 10.545]},
			"faces": {
				"east": {"uv": [5, 11, 7, 14], "texture": "#3"},
				"south": {"uv": [3, 11, 5, 14], "texture": "#3"},
				"west": {"uv": [1, 11, 3, 14], "texture": "#3"},
				"up": {"uv": [3, 9, 5, 11], "texture": "#3"},
				"down": {"uv": [8, 9, 10, 11], "rotation": 90, "texture": "#3", "cullface": "down"}
			}
		},
		{
			"name": "bottom_3",
			"from": [5.1825, -0.1491, 5.1095],
			"to": [7.0725, 1.8109, 7.0695],
			"rotation": {"angle": 22.5, "axis": "x", "origin": [6.11, 0.945, 6.135]},
			"faces": {
				"north": {"uv": [0, 6, 2, 8], "texture": "#3"},
				"east": {"uv": [14, 6, 16, 8], "texture": "#3"},
				"south": {"uv": [4, 6, 6, 8], "texture": "#3"},
				"west": {"uv": [2, 6, 4, 8], "texture": "#3"},
				"up": {"uv": [1, 4, 3, 6], "rotation": 180, "texture": "#3"},
				"down": {"uv": [0, 8, 2, 10], "rotation": 180, "texture": "#3"}
			}
		},
		{
			"name": "bottom_2",
			"from": [8.8687, 0.5201, 5.4875],
			"to": [12.0187, 1.7801, 6.7475],
			"rotation": {"angle": 22.5, "axis": "z", "origin": [8, 0.63, 7.99]},
			"faces": {
				"north": {"uv": [8, 1, 9, 4], "rotation": 270, "texture": "#5"},
				"east": {"uv": [8, 5, 9, 6], "texture": "#5"},
				"south": {"uv": [8, 1, 9, 4], "rotation": 90, "texture": "#5"},
				"up": {"uv": [8, 1, 9, 4], "rotation": 90, "texture": "#5"},
				"down": {"uv": [8, 1, 9, 4], "rotation": 90, "texture": "#5"}
			}
		},
		{
			"name": "bottom_1",
			"from": [8.7224, -0.0175, 5.6639],
			"to": [10.6124, 0.91, 9.4439],
			"rotation": {"angle": -22.5, "axis": "y", "origin": [8, 0.62125, 7.99]},
			"faces": {
				"north": {"uv": [11, 11, 13, 12], "texture": "#3"},
				"east": {"uv": [7, 11, 11, 12], "texture": "#3"},
				"south": {"uv": [8, 9, 10, 10], "texture": "#3"},
				"up": {"uv": [7, 9, 11, 11], "rotation": 270, "texture": "#3"},
				"down": {"uv": [3, 2, 9, 5], "rotation": 90, "texture": "#3", "cullface": "down"}
			}
		},
		{
			"name": "spire_n",
			"from": [2.876, 3.15, 6.7125],
			"to": [4.661, 4.935, 9.2675],
			"rotation": {"angle": 0, "axis": "y", "origin": [3.7685, 4.0425, 7.99]},
			"faces": {
				"north": {"uv": [1, 8, 3, 10], "rotation": 90, "texture": "#5"},
				"south": {"uv": [1, 8, 3, 10], "texture": "#5"},
				"west": {"uv": [8, 8, 11, 10], "texture": "#5"},
				"up": {"uv": [4, 8, 7, 10], "rotation": 270, "texture": "#5"}
			}
		},
		{
			"name": "spire_s",
			"from": [11.339, 3.15, 7.9725],
			"to": [13.124, 4.935, 10.5275],
			"rotation": {"angle": 0, "axis": "y", "origin": [12.2315, 4.0425, 9.25]},
			"faces": {
				"north": {"uv": [1, 8, 3, 10], "texture": "#5"},
				"east": {"uv": [8, 8, 11, 10], "texture": "#5"},
				"south": {"uv": [1, 8, 3, 10], "rotation": 90, "texture": "#5"},
				"up": {"uv": [4, 8, 7, 10], "rotation": 90, "texture": "#5"}
			}
		},
		{
			"name": "spire_w",
			"from": [7.6675, 3.493, 11.357],
			"to": [9.5925, 5.278, 13.142],
			"rotation": {"angle": 0, "axis": "y", "origin": [8.63, 4.3855, 12.2495]},
			"faces": {
				"east": {"uv": [1, 8, 3, 10], "texture": "#5"},
				"south": {"uv": [10, 5, 12, 7], "texture": "#5"},
				"west": {"uv": [1, 8, 3, 10], "rotation": 90, "texture": "#5"},
				"up": {"uv": [12, 8, 14, 10], "rotation": 270, "texture": "#5"}
			}
		},
		{
			"name": "spire_e",
			"from": [7.0375, 2.863, 2.838],
			"to": [8.9625, 4.648, 4.623],
			"rotation": {"angle": 0, "axis": "y", "origin": [8, 3.7555, 3.7305]},
			"faces": {
				"north": {"uv": [10, 5, 12, 7], "texture": "#5"},
				"east": {"uv": [1, 8, 3, 10], "rotation": 90, "texture": "#5"},
				"west": {"uv": [1, 8, 3, 10], "texture": "#5"},
				"up": {"uv": [12, 8, 14, 10], "rotation": 90, "texture": "#5"}
			}
		},
		{
			"name": "pillar_n",
			"from": [2.512, -0.868, 6.73],
			"to": [7.552, 1.652, 9.25],
			"rotation": {"angle": -45, "axis": "z", "origin": [7.545, 0.7, 7.99]},
			"faces": {
				"north": {"uv": [1, 1, 4, 7], "rotation": 90, "texture": "#5"},
				"east": {"uv": [4, 3, 7, 5], "texture": "#3", "cullface": "down"},
				"south": {"uv": [1, 1, 4, 7], "rotation": 270, "texture": "#5"},
				"up": {"uv": [4, 1, 1, 7], "rotation": 270, "texture": "#5"},
				"down": {"uv": [4, 1, 1, 7], "rotation": 270, "texture": "#5"}
			}
		},
		{
			"name": "pillar_s",
			"from": [7.503, 0.693, 7.99],
			"to": [10.023, 5.733, 10.51],
			"rotation": {"angle": -45, "axis": "z", "origin": [8.455, 0.7, 9.25]},
			"faces": {
				"north": {"uv": [1, 1, 4, 7], "texture": "#5"},
				"east": {"uv": [4, 1, 1, 7], "texture": "#5"},
				"south": {"uv": [1, 1, 4, 7], "texture": "#5"},
				"west": {"uv": [4, 1, 1, 7], "texture": "#5"},
				"down": {"uv": [8, 6, 12, 10], "rotation": 90, "texture": "#3", "cullface": "down"}
			}
		},
		{
			"name": "pillar_w",
			"from": [7.685, 0.707, 7.143],
			"to": [9.575, 5.747, 9.663],
			"rotation": {"angle": 45, "axis": "x", "origin": [8.63, 0.42, 8.69]},
			"faces": {
				"north": {"uv": [5, 1, 7, 7], "texture": "#5"},
				"east": {"uv": [1, 1, 4, 7], "texture": "#5"},
				"south": {"uv": [5, 1, 7, 7], "texture": "#5"},
				"west": {"uv": [1, 1, 4, 7], "texture": "#5"},
				"down": {"uv": [7, 10, 11, 13], "rotation": 90, "texture": "#3", "cullface": "down"}
			}
		},
		{
			"name": "pillar_e",
			"from": [7.055, 0.189, 6.044],
			"to": [8.945, 5.229, 8.564],
			"rotation": {"angle": -45, "axis": "x", "origin": [8, 0.175, 7.29]},
			"faces": {
				"north": {"uv": [5, 1, 7, 7], "texture": "#5"},
				"east": {"uv": [1, 1, 4, 7], "texture": "#5"},
				"south": {"uv": [5, 1, 7, 7], "texture": "#5"},
				"west": {"uv": [1, 1, 4, 7], "texture": "#5"},
				"down": {"uv": [4, 2, 8, 5], "rotation": 90, "texture": "#3", "cullface": "down"}
			}
		},
		{
			"name": "spire_0",
			"from": [6.425, 4.2, 6.66],
			"to": [9.575, 6.86, 9.32],
			"rotation": {"angle": 45, "axis": "x", "origin": [8, 5.53, 7.99]},
			"faces": {
				"north": {"uv": [5, 12, 8, 15], "texture": "#2"},
				"east": {"uv": [1, 12, 4, 15], "rotation": 90, "texture": "#2"},
				"west": {"uv": [1, 12, 4, 15], "texture": "#2"},
				"up": {"uv": [5, 12, 8, 15], "texture": "#2"}
			}
		},
		{
			"name": "pillar_0",
			"from": [6.4425, 0, 6.1175],
			"to": [9.5575, 5.53, 9.8625],
			"rotation": {"angle": 0, "axis": "y", "origin": [8.35, 2.45, 7.64]},
			"faces": {
				"north": {"uv": [6, 1, 9, 7], "texture": "#4"},
				"east": {"uv": [1, 1, 5, 7], "texture": "#4"},
				"south": {"uv": [6, 1, 9, 7], "texture": "#4"},
				"west": {"uv": [1, 1, 5, 7], "texture": "#4"},
				"down": {"uv": [7, 8, 11, 11], "rotation": 90, "texture": "#3", "cullface": "down"}
			}
		}
	]
}