{
	"credit": "Made with Blockbench",
	"ambientocclusion": false,
	"textures": {
		"cross": "block/pointed_dripstone_down_tip",
		"particle": "block/dripstone_block"
	},
	"elements": [
		{
			"from": [5, 15, 5],
			"to": [11, 16, 11],
			"rotation": {"angle": 0, "axis": "y", "origin": [8, 10.5, 8]},
			"faces": {
				"north": {"uv": [4, 0, 12, 1], "texture": "#cross"},
				"east": {"uv": [12, 0, 4, 1], "texture": "#cross"},
				"south": {"uv": [4, 0, 12, 1], "texture": "#cross"},
				"west": {"uv": [4, 0, 12, 1], "texture": "#cross"},
				"up": {"uv": [4, 4, 12, 12], "texture": "#particle", "cullface": "up"},
				"down": {"uv": [4, 4, 12, 12], "texture": "#particle"}
			}
		},
		{
			"from": [5, 14, 5.75],
			"to": [10.25, 15, 11],
			"rotation": {"angle": 0, "axis": "y", "origin": [8, 10.5, 8]},
			"faces": {
				"north": {"uv": [5, 1, 12, 2], "texture": "#cross"},
				"east": {"uv": [12, 1, 5, 2], "texture": "#cross"},
				"south": {"uv": [12, 1, 5, 2], "texture": "#cross"},
				"west": {"uv": [5, 1, 12, 2], "texture": "#cross"},
				"down": {"uv": [4, 4, 11, 11], "texture": "#particle"}
			}
		},
		{
			"from": [5.75, 11, 5.75],
			"to": [10.25, 14, 10.25],
			"rotation": {"angle": 0, "axis": "y", "origin": [8, 10.5, 8]},
			"faces": {
				"north": {"uv": [5, 2, 11, 5], "texture": "#cross"},
				"east": {"uv": [11, 2, 5, 5], "texture": "#cross"},
				"south": {"uv": [11, 2, 5, 5], "texture": "#cross"},
				"west": {"uv": [5, 2, 11, 5], "texture": "#cross"},
				"down": {"uv": [5, 5, 11, 11], "texture": "#particle"}
			}
		},
		{
			"from": [6.5, 8, 6.5],
			"to": [9.5, 11, 9.5],
			"rotation": {"angle": 0, "axis": "y", "origin": [8, 10.5, 8]},
			"faces": {
				"north": {"uv": [6, 5, 10, 8], "texture": "#cross"},
				"east": {"uv": [10, 5, 6, 8], "texture": "#cross"},
				"south": {"uv": [10, 5, 6, 8], "texture": "#cross"},
				"west": {"uv": [6, 5, 10, 8], "texture": "#cross"},
				"down": {"uv": [6, 6, 10, 10], "texture": "#particle"}
			}
		},
		{
			"from": [7.25, 6, 6.5],
			"to": [9.5, 8, 8.75],
			"rotation": {"angle": 0, "axis": "y", "origin": [8, 10.5, 8]},
			"faces": {
				"north": {"uv": [6, 8, 9, 10], "texture": "#cross"},
				"east": {"uv": [9, 8, 6, 10], "texture": "#cross"},
				"south": {"uv": [9, 8, 6, 10], "texture": "#cross"},
				"west": {"uv": [6, 8, 9, 10], "texture": "#cross"},
				"down": {"uv": [7, 7, 10, 10], "texture": "#particle"}
			}
		},
		{
			"from": [7.25, 5, 7.25],
			"to": [8.75, 6, 8.75],
			"rotation": {"angle": 0, "axis": "y", "origin": [8, 10.5, 8]},
			"faces": {
				"north": {"uv": [7, 10, 9, 11], "texture": "#cross"},
				"east": {"uv": [9, 10, 7, 11], "texture": "#cross"},
				"south": {"uv": [9, 10, 7, 11], "texture": "#cross"},
				"west": {"uv": [7, 10, 9, 11], "texture": "#cross"},
				"down": {"uv": [7, 7, 9, 9], "texture": "#particle"}
			}
		}
	]
}