{
	"credit": "Made with Blockbench",
	"ambientocclusion": false,
	"textures": {
		"2": "block/05m_amethyst_1",
		"3": "block/amethyst_block",
		"4": "block/05m_amethyst_2",
		"particle": "block/amethyst_block"
	},
	"elements": [
		{
			"name": "bottom_4",
			"from": [8.695, -0.025, 10.073],
			"to": [11.395, 3.6, 12.773],
			"rotation": {"angle": -45, "axis": "y", "origin": [11.65, 1.7875, 11.65]},
			"faces": {
				"north": {"uv": [6, 11, 9, 15], "texture": "#3"},
				"east": {"uv": [3, 11, 6, 15], "texture": "#3"},
				"south": {"uv": [0, 11, 3, 15], "texture": "#3"},
				"up": {"uv": [3, 8, 6, 11], "rotation": 270, "texture": "#3"},
				"down": {"uv": [7, 9, 10, 12], "rotation": 180, "texture": "#3", "cullface": "down"}
			}
		},
		{
			"name": "bottom_3",
			"from": [3.885, -0.213, 9.325],
			"to": [6.685, 2.587, 12.025],
			"rotation": {"angle": -22.5, "axis": "z", "origin": [5.35, 1.35, 10.7]},
			"faces": {
				"north": {"uv": [13, 6, 16, 9], "texture": "#3"},
				"east": {"uv": [6, 6, 9, 9], "texture": "#3"},
				"south": {"uv": [3, 6, 6, 9], "texture": "#3"},
				"west": {"uv": [0, 6, 3, 9], "texture": "#3"},
				"up": {"uv": [0, 3, 3, 6], "rotation": 90, "texture": "#3"},
				"down": {"uv": [0, 9, 3, 12], "rotation": 270, "texture": "#3"}
			}
		},
		{
			"name": "bottom_2",
			"from": [4.425, 0.743, 2.259],
			"to": [6.225, 2.543, 6.759],
			"rotation": {"angle": 22.5, "axis": "x", "origin": [8, 0.9, 8]},
			"faces": {
				"north": {"uv": [13, 1, 15, 3], "texture": "#4"},
				"east": {"uv": [10, 1, 12, 6], "rotation": 90, "texture": "#4"},
				"west": {"uv": [10, 1, 12, 6], "rotation": 270, "texture": "#4"},
				"up": {"uv": [10, 1, 12, 6], "texture": "#4"},
				"down": {"uv": [10, 1, 12, 6], "rotation": 180, "texture": "#4"}
			}
		},
		{
			"name": "bottom_1",
			"from": [4.677, -0.025, 4.268],
			"to": [10.077, 1.8, 6.968],
			"rotation": {"angle": -22.5, "axis": "y", "origin": [8, 0.8875, 8]},
			"faces": {
				"north": {"uv": [5, 11, 11, 13], "texture": "#3"},
				"east": {"uv": [7, 9, 10, 11], "texture": "#3"},
				"west": {"uv": [11, 11, 14, 13], "texture": "#3"},
				"up": {"uv": [5, 8, 11, 11], "rotation": 180, "texture": "#3"},
				"down": {"uv": [3, 2, 9, 5], "rotation": 180, "texture": "#3", "cullface": "down"}
			}
		},
		{
			"name": "spire_n",
			"from": [6.175, 4.5, 12.77],
			"to": [9.825, 7.05, 15.32],
			"rotation": {"angle": 0, "axis": "y", "origin": [8, 5.775, 14.045]},
			"faces": {
				"east": {"uv": [1, 12, 4, 15], "texture": "#2"},
				"south": {"uv": [12, 12, 16, 15], "texture": "#4"},
				"west": {"uv": [1, 12, 4, 15], "rotation": 90, "texture": "#2"},
				"up": {"uv": [9, 12, 13, 15], "rotation": 180, "texture": "#2"}
			}
		},
		{
			"name": "spire_s",
			"from": [7.975, 4.5, 0.68],
			"to": [11.625, 7.05, 3.23],
			"rotation": {"angle": 0, "axis": "y", "origin": [9.8, 5.775, 1.955]},
			"faces": {
				"north": {"uv": [12, 12, 16, 15], "texture": "#4"},
				"east": {"uv": [1, 12, 4, 15], "rotation": 90, "texture": "#2"},
				"west": {"uv": [1, 12, 4, 15], "texture": "#2"},
				"up": {"uv": [9, 12, 13, 15], "texture": "#2"}
			}
		},
		{
			"name": "spire_w",
			"from": [12.81, 4.99, 5.725],
			"to": [15.36, 7.54, 8.475],
			"rotation": {"angle": 0, "axis": "y", "origin": [14.085, 6.265, 7.1]},
			"faces": {
				"north": {"uv": [1, 12, 4, 15], "texture": "#2"},
				"east": {"uv": [5, 12, 8, 15], "texture": "#2"},
				"south": {"uv": [1, 12, 4, 15], "rotation": 90, "texture": "#2"},
				"up": {"uv": [12, 8, 15, 11], "rotation": 180, "texture": "#4"}
			}
		},
		{
			"name": "spire_e",
			"from": [0.64, 4.09, 6.625],
			"to": [3.19, 6.64, 9.375],
			"rotation": {"angle": 0, "axis": "y", "origin": [1.915, 5.365, 8]},
			"faces": {
				"north": {"uv": [1, 12, 4, 15], "rotation": 90, "texture": "#2"},
				"south": {"uv": [1, 12, 4, 15], "texture": "#2"},
				"west": {"uv": [5, 12, 8, 15], "texture": "#2"},
				"up": {"uv": [12, 8, 15, 11], "texture": "#4"}
			}
		},
		{
			"name": "pillar_n",
			"from": [6.2, -1.24, 8.64],
			"to": [9.8, 2.36, 15.84],
			"rotation": {"angle": -45, "axis": "x", "origin": [8, 1, 8.65]},
			"faces": {
				"north": {"uv": [4, 3, 8, 7], "texture": "#3", "cullface": "down"},
				"east": {"uv": [1, 1, 5, 9], "rotation": 270, "texture": "#4"},
				"west": {"uv": [1, 1, 5, 9], "rotation": 90, "texture": "#4"},
				"up": {"uv": [5, 1, 1, 9], "rotation": 180, "texture": "#4"},
				"down": {"uv": [5, 1, 1, 9], "texture": "#4"}
			}
		},
		{
			"name": "pillar_s",
			"from": [8, 0.99, 5.11],
			"to": [11.6, 8.19, 8.71],
			"rotation": {"angle": -45, "axis": "x", "origin": [9.8, 1, 7.35]},
			"faces": {
				"north": {"uv": [5, 1, 1, 9], "texture": "#4"},
				"east": {"uv": [1, 1, 5, 9], "texture": "#4"},
				"south": {"uv": [5, 1, 1, 9], "texture": "#4"},
				"west": {"uv": [1, 1, 5, 9], "texture": "#4"},
				"down": {"uv": [8, 6, 12, 10], "rotation": 180, "texture": "#3", "cullface": "down"}
			}
		},
		{
			"name": "pillar_w",
			"from": [6.79, 1.01, 5.75],
			"to": [10.39, 8.21, 8.45],
			"rotation": {"angle": -45, "axis": "z", "origin": [9, 0.6, 7.1]},
			"faces": {
				"north": {"uv": [1, 1, 5, 9], "texture": "#4"},
				"east": {"uv": [6, 1, 9, 9], "texture": "#4"},
				"south": {"uv": [1, 1, 5, 9], "texture": "#4"},
				"west": {"uv": [6, 1, 9, 9], "texture": "#4"},
				"down": {"uv": [7, 10, 11, 13], "rotation": 180, "texture": "#3", "cullface": "down"}
			}
		},
		{
			"name": "pillar_e",
			"from": [5.22, 0.27, 6.65],
			"to": [8.82, 7.47, 9.35],
			"rotation": {"angle": 45, "axis": "z", "origin": [7, 0.25, 8]},
			"faces": {
				"north": {"uv": [1, 1, 5, 9], "texture": "#4"},
				"east": {"uv": [6, 1, 9, 9], "texture": "#4"},
				"south": {"uv": [1, 1, 5, 9], "texture": "#4"},
				"west": {"uv": [6, 1, 9, 9], "texture": "#4"},
				"down": {"uv": [5, 2, 9, 5], "rotation": 180, "texture": "#3", "cullface": "down"}
			}
		},
		{
			"name": "spire_0",
			"from": [6.1, 8, 5.8],
			"to": [9.9, 11.8, 10.2],
			"rotation": {"angle": -45, "axis": "z", "origin": [8, 9.9, 8]},
			"faces": {
				"north": {"uv": [1, 11, 5, 15], "rotation": 90, "texture": "#4"},
				"south": {"uv": [1, 11, 5, 15], "texture": "#4"},
				"west": {"uv": [6, 11, 11, 15], "texture": "#4"},
				"up": {"uv": [6, 11, 11, 15], "rotation": 270, "texture": "#4"}
			}
		},
		{
			"name": "pillar_0",
			"from": [5.325, 0, 5.775],
			"to": [10.675, 9.9, 10.225],
			"rotation": {"angle": 0, "axis": "y", "origin": [7.5, 5.5, 7.5]},
			"faces": {
				"north": {"uv": [1, 0, 7, 11], "texture": "#2"},
				"east": {"uv": [8, 0, 13, 11], "texture": "#2"},
				"south": {"uv": [1, 0, 7, 11], "texture": "#2"},
				"west": {"uv": [8, 0, 13, 11], "texture": "#2"},
				"down": {"uv": [7, 6, 13, 11], "rotation": 180, "texture": "#3", "cullface": "down"}
			}
		}
	]
}