{
	"credit": "Made with Blockbench",
	"ambientocclusion": false,
	"textures": {
		"cross": "block/pointed_dripstone_up_tip",
		"particle": "block/dripstone_block"
	},
	"elements": [
		{
			"from": [7.25, 10, 7.25],
			"to": [8.75, 11, 8.75],
			"rotation": {"angle": 0, "axis": "y", "origin": [8, 5.5, 8]},
			"faces": {
				"north": {"uv": [7, 5, 9, 6], "texture": "#cross"},
				"east": {"uv": [9, 5, 7, 6], "texture": "#cross"},
				"south": {"uv": [9, 5, 7, 6], "texture": "#cross"},
				"west": {"uv": [7, 5, 9, 6], "texture": "#cross"},
				"up": {"uv": [7, 7, 9, 9], "texture": "#particle"}
			}
		},
		{
			"from": [7.25, 8, 6.5],
			"to": [9.5, 10, 8.75],
			"rotation": {"angle": 0, "axis": "y", "origin": [8, 5.5, 8]},
			"faces": {
				"north": {"uv": [6, 6, 9, 8], "texture": "#cross"},
				"east": {"uv": [9, 6, 6, 8], "texture": "#cross"},
				"south": {"uv": [9, 6, 6, 8], "texture": "#cross"},
				"west": {"uv": [6, 6, 9, 8], "texture": "#cross"},
				"up": {"uv": [7, 6, 10, 9], "texture": "#particle"}
			}
		},
		{
			"from": [6.5, 5, 6.5],
			"to": [9.5, 8, 9.5],
			"rotation": {"angle": 0, "axis": "y", "origin": [8, 5.5, 8]},
			"faces": {
				"north": {"uv": [6, 8, 10, 11], "texture": "#cross"},
				"east": {"uv": [10, 8, 6, 11], "texture": "#cross"},
				"south": {"uv": [10, 8, 6, 11], "texture": "#cross"},
				"west": {"uv": [6, 8, 10, 11], "texture": "#cross"},
				"up": {"uv": [6, 6, 10, 10], "texture": "#particle"}
			}
		},
		{
			"from": [5.75, 2, 5.75],
			"to": [10.25, 5, 10.25],
			"rotation": {"angle": 0, "axis": "y", "origin": [8, 5.5, 8]},
			"faces": {
				"north": {"uv": [5, 11, 11, 14], "texture": "#cross"},
				"east": {"uv": [11, 11, 5, 14], "texture": "#cross"},
				"south": {"uv": [11, 11, 5, 14], "texture": "#cross"},
				"west": {"uv": [5, 11, 11, 14], "texture": "#cross"},
				"up": {"uv": [5, 5, 11, 11], "texture": "#particle"}
			}
		},
		{
			"from": [5, 1, 5.75],
			"to": [10.25, 2, 11],
			"rotation": {"angle": 0, "axis": "y", "origin": [8, 5.5, 8]},
			"faces": {
				"north": {"uv": [5, 14, 12, 15], "texture": "#cross"},
				"east": {"uv": [12, 14, 5, 15], "texture": "#cross"},
				"south": {"uv": [12, 14, 5, 15], "texture": "#cross"},
				"west": {"uv": [5, 14, 12, 15], "texture": "#cross"},
				"up": {"uv": [4, 5, 11, 12], "texture": "#particle"}
			}
		},
		{
			"from": [5, 0, 5],
			"to": [11, 1, 11],
			"rotation": {"angle": 0, "axis": "y", "origin": [8, 5.5, 8]},
			"faces": {
				"north": {"uv": [4, 15, 12, 16], "texture": "#cross"},
				"east": {"uv": [12, 15, 4, 16], "texture": "#cross"},
				"south": {"uv": [12, 15, 4, 16], "texture": "#cross"},
				"west": {"uv": [4, 15, 12, 16], "texture": "#cross"},
				"up": {"uv": [4, 4, 12, 12], "texture": "#particle"},
				"down": {"uv": [4, 4, 12, 12], "texture": "#particle", "cullface": "down"}
			}
		}
	]
}