{
	"credit": "Made with Blockbench",
	"ambientocclusion": false,
	"textures": {
		"0": "block/05m_mushroom_crimson_fungus_1",
		"2": "block/05m_mushroom_crimson_fungus_2",
		"3": "block/05m_mushroom_crimson_fungus_3",
		"particle": "block/flower_pot",
		"flowerpot": "block/flower_pot",
		"dirt": "block/dirt"
	},
	"elements": [
		{
			"name": "cap_3",
			"from": [5.3, 11.7, 5.3],
			"to": [10.7, 15.3, 10.7],
			"rotation": {"angle": 22.5, "axis": "y", "origin": [8, 10, 8]},
			"faces": {
				"north": {"uv": [2, 8, 8, 12], "texture": "#3"},
				"east": {"uv": [9, 8, 15, 12], "texture": "#3"},
				"south": {"uv": [2, 8, 8, 12], "texture": "#3"},
				"west": {"uv": [9, 8, 15, 12], "texture": "#3"},
				"up": {"uv": [9, 1, 15, 7], "texture": "#3"}
			}
		},
		{
			"name": "cap_2",
			"from": [3.5, 9, 4.4],
			"to": [12.5, 11.7, 11.6],
			"rotation": {"angle": 22.5, "axis": "y", "origin": [8, 10, 8]},
			"faces": {
				"north": {"uv": [1, 1, 4, 11], "rotation": 270, "texture": "#2"},
				"east": {"uv": [6, 11, 16, 14], "texture": "#0"},
				"south": {"uv": [1, 1, 4, 11], "rotation": 270, "texture": "#2"},
				"west": {"uv": [6, 11, 16, 14], "texture": "#0"},
				"up": {"uv": [6, 1, 16, 9], "texture": "#0"},
				"down": {"uv": [6, 1, 16, 9], "texture": "#2"}
			}
		},
		{
			"name": "cap_1",
			"from": [4.4, 9, 3.5],
			"to": [11.6, 11.7, 12.5],
			"rotation": {"angle": 22.5, "axis": "y", "origin": [8, 10, 8]},
			"faces": {
				"north": {"uv": [6, 11, 16, 14], "texture": "#2"},
				"east": {"uv": [1, 1, 4, 11], "rotation": 270, "texture": "#2"},
				"south": {"uv": [6, 11, 16, 14], "texture": "#2"},
				"west": {"uv": [1, 1, 4, 11], "rotation": 270, "texture": "#2"},
				"up": {"uv": [7, 0, 15, 10], "texture": "#0"},
				"down": {"uv": [7, 0, 15, 10], "texture": "#2"}
			}
		},
		{
			"name": "stem",
			"from": [7, 4, 7],
			"to": [9, 9, 9],
			"rotation": {"angle": 22.5, "axis": "y", "origin": [8, 10, 8]},
			"faces": {
				"north": {"uv": [5, 0, 3, 5], "texture": "#0"},
				"east": {"uv": [0, 0, 2, 5], "texture": "#0"},
				"south": {"uv": [5, 0, 3, 5], "texture": "#0"},
				"west": {"uv": [0, 0, 2, 5], "texture": "#0"}
			}
		},
		{
			"from": [5, 0, 5],
			"to": [6, 6, 11],
			"faces": {
				"north": {"uv": [10, 10, 11, 16], "texture": "#flowerpot"},
				"east": {"uv": [5, 10, 11, 16], "texture": "#flowerpot"},
				"south": {"uv": [5, 10, 6, 16], "texture": "#flowerpot"},
				"west": {"uv": [5, 10, 11, 16], "texture": "#flowerpot"},
				"up": {"uv": [5, 5, 6, 11], "texture": "#flowerpot"},
				"down": {"uv": [5, 5, 6, 11], "texture": "#flowerpot", "cullface": "down"}
			}
		},
		{
			"from": [10, 0, 5],
			"to": [11, 6, 11],
			"faces": {
				"north": {"uv": [5, 10, 6, 16], "texture": "#flowerpot"},
				"east": {"uv": [5, 10, 11, 16], "texture": "#flowerpot"},
				"south": {"uv": [10, 10, 11, 16], "texture": "#flowerpot"},
				"west": {"uv": [5, 10, 11, 16], "texture": "#flowerpot"},
				"up": {"uv": [10, 5, 11, 11], "texture": "#flowerpot"},
				"down": {"uv": [10, 5, 11, 11], "texture": "#flowerpot", "cullface": "down"}
			}
		},
		{
			"from": [6, 0, 5],
			"to": [10, 6, 6],
			"faces": {
				"north": {"uv": [6, 10, 10, 16], "texture": "#flowerpot"},
				"south": {"uv": [6, 10, 10, 16], "texture": "#flowerpot"},
				"up": {"uv": [6, 5, 10, 6], "texture": "#flowerpot"},
				"down": {"uv": [6, 10, 10, 11], "texture": "#flowerpot", "cullface": "down"}
			}
		},
		{
			"from": [6, 0, 10],
			"to": [10, 6, 11],
			"faces": {
				"north": {"uv": [6, 10, 10, 16], "texture": "#flowerpot"},
				"south": {"uv": [6, 10, 10, 16], "texture": "#flowerpot"},
				"up": {"uv": [6, 10, 10, 11], "texture": "#flowerpot"},
				"down": {"uv": [6, 5, 10, 6], "texture": "#flowerpot", "cullface": "down"}
			}
		},
		{
			"from": [6, 0, 6],
			"to": [10, 4, 10],
			"faces": {
				"up": {"uv": [6, 6, 10, 10], "texture": "#dirt"},
				"down": {"uv": [6, 12, 10, 16], "texture": "#flowerpot", "cullface": "down"}
			}
		}
	]
}