{
	"credit": "Made with Blockbench",
	"textures": {
		"0": "block/05m_mushroom_crimson_fungus_1",
		"2": "block/05m_mushroom_crimson_fungus_2",
		"3": "block/05m_mushroom_crimson_fungus_3",
		"particle": "block/crimson_fungus"
	},
	"elements": [
		{
			"name": "cap_3",
			"from": [5.3, 7.7, 5.3],
			"to": [10.7, 11.3, 10.7],
			"rotation": {"angle": -22.5, "axis": "y", "origin": [8, 6, 8]},
			"faces": {
				"north": {"uv": [2, 8, 8, 12], "texture": "#3"},
				"east": {"uv": [9, 8, 15, 12], "texture": "#3"},
				"south": {"uv": [2, 8, 8, 12], "texture": "#3"},
				"west": {"uv": [9, 8, 15, 12], "texture": "#3"},
				"up": {"uv": [9, 1, 15, 7], "texture": "#3"}
			}
		},
		{
			"name": "cap_2",
			"from": [3.5, 5, 4.4],
			"to": [12.5, 7.7, 11.6],
			"rotation": {"angle": -22.5, "axis": "y", "origin": [8, 6, 8]},
			"faces": {
				"north": {"uv": [1, 1, 4, 11], "rotation": 270, "texture": "#2"},
				"east": {"uv": [6, 11, 16, 14], "texture": "#0"},
				"south": {"uv": [1, 1, 4, 11], "rotation": 270, "texture": "#2"},
				"west": {"uv": [6, 11, 16, 14], "texture": "#0"},
				"up": {"uv": [6, 1, 16, 9], "texture": "#0"},
				"down": {"uv": [6, 1, 16, 9], "texture": "#2"}
			}
		},
		{
			"name": "cap_1",
			"from": [4.4, 5, 3.5],
			"to": [11.6, 7.7, 12.5],
			"rotation": {"angle": -22.5, "axis": "y", "origin": [8, 6, 8]},
			"faces": {
				"north": {"uv": [6, 11, 16, 14], "texture": "#2"},
				"east": {"uv": [1, 1, 4, 11], "rotation": 270, "texture": "#2"},
				"south": {"uv": [6, 11, 16, 14], "texture": "#2"},
				"west": {"uv": [1, 1, 4, 11], "rotation": 270, "texture": "#2"},
				"up": {"uv": [7, 0, 15, 10], "texture": "#0"},
				"down": {"uv": [7, 0, 15, 10], "texture": "#2"}
			}
		},
		{
			"name": "stem",
			"from": [7, 0, 7],
			"to": [9, 5, 9],
			"rotation": {"angle": -22.5, "axis": "y", "origin": [8, 6, 8]},
			"faces": {
				"north": {"uv": [5, 0, 3, 5], "texture": "#0"},
				"east": {"uv": [0, 0, 2, 5], "texture": "#0"},
				"south": {"uv": [5, 0, 3, 5], "texture": "#0"},
				"west": {"uv": [0, 0, 2, 5], "texture": "#0"},
				"up": {"uv": [0, 0, 0, 0], "texture": "#missing"},
				"down": {"uv": [0, 6, 2, 8], "texture": "#0", "cullface": "down"}
			}
		}
	]
}