{
	"credit": "Made with Blockbench",
	"ambientocclusion": false,
	"textures": {
		"cross": "block/pointed_dripstone_down_tip_merge",
		"particle": "block/dripstone_block"
	},
	"elements": [
		{
			"from": [5, 14, 5],
			"to": [11, 16, 11],
			"rotation": {"angle": 0, "axis": "y", "origin": [8.375, 8.25, 7.625]},
			"faces": {
				"north": {"uv": [4, 0, 12, 2], "texture": "#cross"},
				"east": {"uv": [12, 0, 4, 2], "texture": "#cross"},
				"south": {"uv": [12, 0, 4, 2], "texture": "#cross"},
				"west": {"uv": [4, 0, 12, 2], "texture": "#cross"},
				"up": {"uv": [4, 4, 12, 12], "texture": "#particle", "cullface": "up"},
				"down": {"uv": [4, 4, 12, 12], "texture": "#particle"}
			}
		},
		{
			"from": [5.75, 11, 5],
			"to": [11, 14, 10.25],
			"rotation": {"angle": 0, "axis": "y", "origin": [8.375, 8.25, 7.625]},
			"faces": {
				"north": {"uv": [4, 2, 11, 5], "texture": "#cross"},
				"east": {"uv": [11, 2, 4, 5], "texture": "#cross"},
				"south": {"uv": [11, 2, 4, 5], "texture": "#cross"},
				"west": {"uv": [4, 2, 11, 5], "texture": "#cross"},
				"down": {"uv": [5, 5, 12, 12], "texture": "#particle"}
			}
		},
		{
			"from": [6.5, 10, 5],
			"to": [11, 11, 9.5],
			"rotation": {"angle": 0, "axis": "y", "origin": [8.375, 8.25, 7.625]},
			"faces": {
				"north": {"uv": [4, 5, 10, 6], "texture": "#cross"},
				"east": {"uv": [10, 5, 4, 6], "texture": "#cross"},
				"south": {"uv": [10, 5, 4, 6], "texture": "#cross"},
				"west": {"uv": [4, 5, 10, 6], "texture": "#cross"},
				"down": {"uv": [6, 6, 12, 12], "texture": "#particle"}
			}
		},
		{
			"from": [6.5, 4, 5.75],
			"to": [10.25, 10, 9.5],
			"rotation": {"angle": 0, "axis": "y", "origin": [8.375, 8.25, 7.625]},
			"faces": {
				"north": {"uv": [5, 6, 10, 12], "texture": "#cross"},
				"east": {"uv": [10, 6, 5, 12], "texture": "#cross"},
				"south": {"uv": [10, 6, 5, 12], "texture": "#cross"},
				"west": {"uv": [5, 6, 10, 12], "texture": "#cross"},
				"down": {"uv": [6, 6, 11, 11], "texture": "#particle"}
			}
		},
		{
			"from": [7.25, 3, 5.75],
			"to": [10.25, 4, 8.75],
			"rotation": {"angle": 0, "axis": "y", "origin": [8.375, 8.25, 7.625]},
			"faces": {
				"north": {"uv": [5, 12, 9, 13], "texture": "#cross"},
				"east": {"uv": [9, 12, 5, 13], "texture": "#cross"},
				"south": {"uv": [9, 12, 5, 13], "texture": "#cross"},
				"west": {"uv": [5, 12, 9, 13], "texture": "#cross"},
				"down": {"uv": [7, 7, 11, 11], "texture": "#particle"}
			}
		},
		{
			"from": [7.25, 0, 6.5],
			"to": [9.5, 3, 8.75],
			"rotation": {"angle": 0, "axis": "y", "origin": [8.375, 8.25, 7.625]},
			"faces": {
				"north": {"uv": [6, 13, 9, 16], "texture": "#cross"},
				"east": {"uv": [9, 13, 6, 16], "texture": "#cross"},
				"south": {"uv": [9, 13, 6, 16], "texture": "#cross"},
				"west": {"uv": [6, 13, 9, 16], "texture": "#cross"},
				"down": {"uv": [7, 7, 10, 10], "texture": "#particle", "cullface": "down"}
			}
		}
	]
}