{
	"credit": "Made with Blockbench",
	"ambientocclusion": false,
	"textures": {
		"2": "block/05m_amethyst_1",
		"3": "block/amethyst_block",
		"4": "block/05m_amethyst_2",
		"particle": "block/amethyst_block"
	},
	"elements": [
		{
			"name": "bottom_4",
			"from": [10.073, -0.025, 4.605],
			"to": [12.773, 3.6, 7.305],
			"rotation": {"angle": -45, "axis": "y", "origin": [11.65, 1.7875, 4.35]},
			"faces": {
				"north": {"uv": [3, 11, 6, 15], "texture": "#3"},
				"east": {"uv": [0, 11, 3, 15], "texture": "#3"},
				"west": {"uv": [6, 11, 9, 15], "texture": "#3"},
				"up": {"uv": [3, 8, 6, 11], "rotation": 180, "texture": "#3"},
				"down": {"uv": [7, 9, 10, 12], "rotation": 270, "texture": "#3", "cullface": "down"}
			}
		},
		{
			"name": "bottom_3",
			"from": [9.325, -0.213, 9.315],
			"to": [12.025, 2.587, 12.115],
			"rotation": {"angle": -22.5, "axis": "x", "origin": [10.7, 1.35, 10.65]},
			"faces": {
				"north": {"uv": [6, 6, 9, 9], "texture": "#3"},
				"east": {"uv": [3, 6, 6, 9], "texture": "#3"},
				"south": {"uv": [0, 6, 3, 9], "texture": "#3"},
				"west": {"uv": [13, 6, 16, 9], "texture": "#3"},
				"up": {"uv": [0, 3, 3, 6], "texture": "#3"},
				"down": {"uv": [0, 9, 3, 12], "texture": "#3"}
			}
		},
		{
			"name": "bottom_2",
			"from": [2.259, 0.743, 9.775],
			"to": [6.759, 2.543, 11.575],
			"rotation": {"angle": -22.5, "axis": "z", "origin": [8, 0.9, 8]},
			"faces": {
				"north": {"uv": [10, 1, 12, 6], "rotation": 90, "texture": "#4"},
				"south": {"uv": [10, 1, 12, 6], "rotation": 270, "texture": "#4"},
				"west": {"uv": [13, 1, 15, 3], "texture": "#4"},
				"up": {"uv": [10, 1, 12, 6], "rotation": 270, "texture": "#4"},
				"down": {"uv": [10, 1, 12, 6], "rotation": 270, "texture": "#4"}
			}
		},
		{
			"name": "bottom_1",
			"from": [4.268, -0.025, 5.923],
			"to": [6.968, 1.8, 11.323],
			"rotation": {"angle": -22.5, "axis": "y", "origin": [8, 0.8875, 8]},
			"faces": {
				"north": {"uv": [7, 9, 10, 11], "texture": "#3"},
				"south": {"uv": [11, 11, 14, 13], "texture": "#3"},
				"west": {"uv": [5, 11, 11, 13], "texture": "#3"},
				"up": {"uv": [5, 8, 11, 11], "rotation": 90, "texture": "#3"},
				"down": {"uv": [3, 2, 9, 5], "rotation": 270, "texture": "#3", "cullface": "down"}
			}
		},
		{
			"name": "spire_n",
			"from": [12.77, 4.5, 6.175],
			"to": [15.32, 7.05, 9.825],
			"rotation": {"angle": 0, "axis": "y", "origin": [14.045, 5.775, 8]},
			"faces": {
				"north": {"uv": [1, 12, 4, 15], "texture": "#2"},
				"east": {"uv": [12, 12, 16, 15], "texture": "#4"},
				"south": {"uv": [1, 12, 4, 15], "rotation": 90, "texture": "#2"},
				"up": {"uv": [9, 12, 13, 15], "rotation": 90, "texture": "#2"}
			}
		},
		{
			"name": "spire_s",
			"from": [0.68, 4.5, 4.375],
			"to": [3.23, 7.05, 8.025],
			"rotation": {"angle": 0, "axis": "y", "origin": [1.955, 5.775, 6.2]},
			"faces": {
				"north": {"uv": [1, 12, 4, 15], "rotation": 90, "texture": "#2"},
				"south": {"uv": [1, 12, 4, 15], "texture": "#2"},
				"west": {"uv": [12, 12, 16, 15], "texture": "#4"},
				"up": {"uv": [9, 12, 13, 15], "rotation": 270, "texture": "#2"}
			}
		},
		{
			"name": "spire_w",
			"from": [5.725, 4.99, 0.64],
			"to": [8.475, 7.54, 3.19],
			"rotation": {"angle": 0, "axis": "y", "origin": [7.1, 6.265, 1.915]},
			"faces": {
				"north": {"uv": [5, 12, 8, 15], "texture": "#2"},
				"east": {"uv": [1, 12, 4, 15], "rotation": 90, "texture": "#2"},
				"west": {"uv": [1, 12, 4, 15], "texture": "#2"},
				"up": {"uv": [12, 8, 15, 11], "rotation": 90, "texture": "#4"}
			}
		},
		{
			"name": "spire_e",
			"from": [6.625, 4.09, 12.81],
			"to": [9.375, 6.64, 15.36],
			"rotation": {"angle": 0, "axis": "y", "origin": [8, 5.365, 14.085]},
			"faces": {
				"east": {"uv": [1, 12, 4, 15], "texture": "#2"},
				"south": {"uv": [5, 12, 8, 15], "texture": "#2"},
				"west": {"uv": [1, 12, 4, 15], "rotation": 90, "texture": "#2"},
				"up": {"uv": [12, 8, 15, 11], "rotation": 270, "texture": "#4"}
			}
		},
		{
			"name": "pillar_n",
			"from": [8.64, -1.24, 6.2],
			"to": [15.84, 2.36, 9.8],
			"rotation": {"angle": 45, "axis": "z", "origin": [8.65, 1, 8]},
			"faces": {
				"north": {"uv": [1, 1, 5, 9], "rotation": 270, "texture": "#4"},
				"south": {"uv": [1, 1, 5, 9], "rotation": 90, "texture": "#4"},
				"west": {"uv": [4, 3, 8, 7], "texture": "#3", "cullface": "down"},
				"up": {"uv": [5, 1, 1, 9], "rotation": 90, "texture": "#4"},
				"down": {"uv": [5, 1, 1, 9], "rotation": 90, "texture": "#4"}
			}
		},
		{
			"name": "pillar_s",
			"from": [5.11, 0.99, 4.4],
			"to": [8.71, 8.19, 8],
			"rotation": {"angle": 45, "axis": "z", "origin": [7.35, 1, 6.2]},
			"faces": {
				"north": {"uv": [1, 1, 5, 9], "texture": "#4"},
				"east": {"uv": [5, 1, 1, 9], "texture": "#4"},
				"south": {"uv": [1, 1, 5, 9], "texture": "#4"},
				"west": {"uv": [5, 1, 1, 9], "texture": "#4"},
				"down": {"uv": [8, 6, 12, 10], "rotation": 270, "texture": "#3", "cullface": "down"}
			}
		},
		{
			"name": "pillar_w",
			"from": [5.75, 1.01, 5.61],
			"to": [8.45, 8.21, 9.21],
			"rotation": {"angle": -45, "axis": "x", "origin": [7.1, 0.6, 7]},
			"faces": {
				"north": {"uv": [6, 1, 9, 9], "texture": "#4"},
				"east": {"uv": [1, 1, 5, 9], "texture": "#4"},
				"south": {"uv": [6, 1, 9, 9], "texture": "#4"},
				"west": {"uv": [1, 1, 5, 9], "texture": "#4"},
				"down": {"uv": [7, 10, 11, 13], "rotation": 270, "texture": "#3", "cullface": "down"}
			}
		},
		{
			"name": "pillar_e",
			"from": [6.65, 0.27, 7.18],
			"to": [9.35, 7.47, 10.78],
			"rotation": {"angle": 45, "axis": "x", "origin": [8, 0.25, 9]},
			"faces": {
				"north": {"uv": [6, 1, 9, 9], "texture": "#4"},
				"east": {"uv": [1, 1, 5, 9], "texture": "#4"},
				"south": {"uv": [6, 1, 9, 9], "texture": "#4"},
				"west": {"uv": [1, 1, 5, 9], "texture": "#4"},
				"down": {"uv": [5, 2, 9, 5], "rotation": 270, "texture": "#3", "cullface": "down"}
			}
		},
		{
			"name": "spire_0",
			"from": [5.8, 8, 6.1],
			"to": [10.2, 11.8, 9.9],
			"rotation": {"angle": -45, "axis": "x", "origin": [8, 9.9, 8]},
			"faces": {
				"east": {"uv": [1, 11, 5, 15], "texture": "#4"},
				"south": {"uv": [6, 11, 11, 15], "texture": "#4"},
				"west": {"uv": [1, 11, 5, 15], "rotation": 90, "texture": "#4"},
				"up": {"uv": [6, 11, 11, 15], "rotation": 180, "texture": "#4"}
			}
		},
		{
			"name": "pillar_0",
			"from": [5.775, 0, 5.325],
			"to": [10.225, 9.9, 10.675],
			"rotation": {"angle": 0, "axis": "y", "origin": [7.5, 5.5, 8.5]},
			"faces": {
				"north": {"uv": [8, 0, 13, 11], "texture": "#2"},
				"east": {"uv": [1, 0, 7, 11], "texture": "#2"},
				"south": {"uv": [8, 0, 13, 11], "texture": "#2"},
				"west": {"uv": [1, 0, 7, 11], "texture": "#2"},
				"down": {"uv": [7, 6, 13, 11], "rotation": 270, "texture": "#3", "cullface": "down"}
			}
		}
	]
}