{
	"credit": "Made with Blockbench",
	"ambientocclusion": false,
	"textures": {
		"2": "block/05m_amethyst_1",
		"3": "block/amethyst_block",
		"4": "block/05m_amethyst_2",
		"5": "block/05m_amethyst_3",
		"particle": "block/amethyst_block"
	},
	"elements": [
		{
			"name": "bottom_4",
			"from": [8.4765, -0.0175, 9.4411],
			"to": [10.3665, 2.52, 11.3311],
			"rotation": {"angle": -45, "axis": "y", "origin": [10.545, 1.25125, 10.545]},
			"faces": {
				"north": {"uv": [5, 11, 7, 14], "texture": "#3"},
				"east": {"uv": [3, 11, 5, 14], "texture": "#3"},
				"south": {"uv": [1, 11, 3, 14], "texture": "#3"},
				"up": {"uv": [3, 9, 5, 11], "rotation": 270, "texture": "#3"},
				"down": {"uv": [8, 9, 10, 11], "rotation": 180, "texture": "#3", "cullface": "down"}
			}
		},
		{
			"name": "bottom_3",
			"from": [5.1095, -0.1491, 8.9175],
			"to": [7.0695, 1.8109, 10.8075],
			"rotation": {"angle": -22.5, "axis": "z", "origin": [6.135, 0.945, 9.88]},
			"faces": {
				"north": {"uv": [14, 6, 16, 8], "texture": "#3"},
				"east": {"uv": [4, 6, 6, 8], "texture": "#3"},
				"south": {"uv": [2, 6, 4, 8], "texture": "#3"},
				"west": {"uv": [0, 6, 2, 8], "texture": "#3"},
				"up": {"uv": [1, 4, 3, 6], "rotation": 90, "texture": "#3"},
				"down": {"uv": [0, 8, 2, 10], "rotation": 270, "texture": "#3"}
			}
		},
		{
			"name": "bottom_2",
			"from": [5.4875, 0.5201, 3.9713],
			"to": [6.7475, 1.7801, 7.1213],
			"rotation": {"angle": 22.5, "axis": "x", "origin": [7.99, 0.63, 7.99]},
			"faces": {
				"north": {"uv": [8, 5, 9, 6], "texture": "#5"},
				"east": {"uv": [8, 1, 9, 4], "rotation": 90, "texture": "#5"},
				"west": {"uv": [8, 1, 9, 4], "rotation": 270, "texture": "#5"},
				"up": {"uv": [8, 1, 9, 4], "texture": "#5"},
				"down": {"uv": [8, 1, 9, 4], "rotation": 180, "texture": "#5"}
			}
		},
		{
			"name": "bottom_1",
			"from": [5.6639, -0.0175, 5.3776],
			"to": [9.4439, 0.91, 7.2676],
			"rotation": {"angle": -22.5, "axis": "y", "origin": [7.99, 0.62125, 7.99]},
			"faces": {
				"north": {"uv": [7, 11, 11, 12], "texture": "#3"},
				"east": {"uv": [8, 9, 10, 10], "texture": "#3"},
				"west": {"uv": [11, 11, 13, 12], "texture": "#3"},
				"up": {"uv": [7, 9, 11, 11], "rotation": 180, "texture": "#3"},
				"down": {"uv": [3, 2, 9, 5], "rotation": 180, "texture": "#3", "cullface": "down"}
			}
		},
		{
			"name": "spire_n",
			"from": [6.7125, 3.15, 11.329],
			"to": [9.2675, 4.935, 13.114],
			"rotation": {"angle": 0, "axis": "y", "origin": [7.99, 4.0425, 12.2215]},
			"faces": {
				"east": {"uv": [1, 8, 3, 10], "texture": "#5"},
				"south": {"uv": [8, 8, 11, 10], "texture": "#5"},
				"west": {"uv": [1, 8, 3, 10], "rotation": 90, "texture": "#5"},
				"up": {"uv": [4, 8, 7, 10], "rotation": 180, "texture": "#5"}
			}
		},
		{
			"name": "spire_s",
			"from": [7.9725, 3.15, 2.866],
			"to": [10.5275, 4.935, 4.651],
			"rotation": {"angle": 0, "axis": "y", "origin": [9.25, 4.0425, 3.7585]},
			"faces": {
				"north": {"uv": [8, 8, 11, 10], "texture": "#5"},
				"east": {"uv": [1, 8, 3, 10], "rotation": 90, "texture": "#5"},
				"west": {"uv": [1, 8, 3, 10], "texture": "#5"},
				"up": {"uv": [4, 8, 7, 10], "texture": "#5"}
			}
		},
		{
			"name": "spire_w",
			"from": [11.357, 3.493, 6.3975],
			"to": [13.142, 5.278, 8.3225],
			"rotation": {"angle": 0, "axis": "y", "origin": [12.2495, 4.3855, 7.36]},
			"faces": {
				"north": {"uv": [1, 8, 3, 10], "texture": "#5"},
				"east": {"uv": [10, 5, 12, 7], "texture": "#5"},
				"south": {"uv": [1, 8, 3, 10], "rotation": 90, "texture": "#5"},
				"up": {"uv": [12, 8, 14, 10], "rotation": 180, "texture": "#5"}
			}
		},
		{
			"name": "spire_e",
			"from": [2.838, 2.863, 7.0275],
			"to": [4.623, 4.648, 8.9525],
			"rotation": {"angle": 0, "axis": "y", "origin": [3.7305, 3.7555, 7.99]},
			"faces": {
				"north": {"uv": [1, 8, 3, 10], "rotation": 90, "texture": "#5"},
				"south": {"uv": [1, 8, 3, 10], "texture": "#5"},
				"west": {"uv": [10, 5, 12, 7], "texture": "#5"},
				"up": {"uv": [12, 8, 14, 10], "texture": "#5"}
			}
		},
		{
			"name": "pillar_n",
			"from": [6.73, -0.868, 8.438],
			"to": [9.25, 1.652, 13.478],
			"rotation": {"angle": -45, "axis": "x", "origin": [7.99, 0.7, 8.445]},
			"faces": {
				"north": {"uv": [4, 3, 7, 5], "texture": "#3", "cullface": "down"},
				"east": {"uv": [1, 1, 4, 7], "rotation": 270, "texture": "#5"},
				"west": {"uv": [1, 1, 4, 7], "rotation": 90, "texture": "#5"},
				"up": {"uv": [4, 1, 1, 7], "rotation": 180, "texture": "#5"},
				"down": {"uv": [4, 1, 1, 7], "texture": "#5"}
			}
		},
		{
			"name": "pillar_s",
			"from": [7.99, 0.693, 5.967],
			"to": [10.51, 5.733, 8.487],
			"rotation": {"angle": -45, "axis": "x", "origin": [9.25, 0.7, 7.535]},
			"faces": {
				"north": {"uv": [4, 1, 1, 7], "texture": "#5"},
				"east": {"uv": [1, 1, 4, 7], "texture": "#5"},
				"south": {"uv": [4, 1, 1, 7], "texture": "#5"},
				"west": {"uv": [1, 1, 4, 7], "texture": "#5"},
				"down": {"uv": [8, 6, 12, 10], "rotation": 180, "texture": "#3", "cullface": "down"}
			}
		},
		{
			"name": "pillar_w",
			"from": [7.143, 0.707, 6.415],
			"to": [9.663, 5.747, 8.305],
			"rotation": {"angle": -45, "axis": "z", "origin": [8.69, 0.42, 7.36]},
			"faces": {
				"north": {"uv": [1, 1, 4, 7], "texture": "#5"},
				"east": {"uv": [5, 1, 7, 7], "texture": "#5"},
				"south": {"uv": [1, 1, 4, 7], "texture": "#5"},
				"west": {"uv": [5, 1, 7, 7], "texture": "#5"},
				"down": {"uv": [7, 10, 11, 13], "rotation": 180, "texture": "#3", "cullface": "down"}
			}
		},
		{
			"name": "pillar_e",
			"from": [6.044, 0.189, 7.045],
			"to": [8.564, 5.229, 8.935],
			"rotation": {"angle": 45, "axis": "z", "origin": [7.29, 0.175, 7.99]},
			"faces": {
				"north": {"uv": [1, 1, 4, 7], "texture": "#5"},
				"east": {"uv": [5, 1, 7, 7], "texture": "#5"},
				"south": {"uv": [1, 1, 4, 7], "texture": "#5"},
				"west": {"uv": [5, 1, 7, 7], "texture": "#5"},
				"down": {"uv": [4, 2, 8, 5], "rotation": 180, "texture": "#3", "cullface": "down"}
			}
		},
		{
			"name": "spire_0",
			"from": [6.66, 4.2, 6.415],
			"to": [9.32, 6.86, 9.565],
			"rotation": {"angle": -45, "axis": "z", "origin": [7.99, 5.53, 7.99]},
			"faces": {
				"north": {"uv": [1, 12, 4, 15], "rotation": 90, "texture": "#2"},
				"south": {"uv": [1, 12, 4, 15], "texture": "#2"},
				"west": {"uv": [5, 12, 8, 15], "texture": "#2"},
				"up": {"uv": [5, 12, 8, 15], "rotation": 270, "texture": "#2"}
			}
		},
		{
			"name": "pillar_0",
			"from": [6.1175, 0, 6.4325],
			"to": [9.8625, 5.53, 9.5475],
			"rotation": {"angle": 0, "axis": "y", "origin": [7.64, 2.45, 7.64]},
			"faces": {
				"north": {"uv": [1, 1, 5, 7], "texture": "#4"},
				"east": {"uv": [6, 1, 9, 7], "texture": "#4"},
				"south": {"uv": [1, 1, 5, 7], "texture": "#4"},
				"west": {"uv": [6, 1, 9, 7], "texture": "#4"},
				"down": {"uv": [7, 8, 11, 11], "rotation": 180, "texture": "#3", "cullface": "down"}
			}
		}
	]
}