{
	"credit": "Made with Blockbench",
	"ambientocclusion": false,
	"textures": {
		"2": "block/05m_amethyst_1",
		"3": "block/amethyst_block",
		"4": "block/05m_amethyst_2",
		"particle": "block/amethyst_block"
	},
	"elements": [
		{
			"name": "bottom_4",
			"from": [8.59075, -0.02125, 9.76205],
			"to": [10.88575, 3.06, 12.05705],
			"rotation": {"angle": -45, "axis": "y", "origin": [11.1025, 1.51938, 11.1025]},
			"faces": {
				"north": {"uv": [6, 11, 9, 15], "texture": "#3"},
				"east": {"uv": [3, 11, 6, 15], "texture": "#3"},
				"south": {"uv": [0, 11, 3, 15], "texture": "#3"},
				"up": {"uv": [3, 8, 6, 11], "rotation": 270, "texture": "#3"},
				"down": {"uv": [7, 9, 10, 12], "rotation": 180, "texture": "#3", "cullface": "down"}
			}
		},
		{
			"name": "bottom_3",
			"from": [4.50225, -0.18105, 9.12625],
			"to": [6.88225, 2.19895, 11.42125],
			"rotation": {"angle": -22.5, "axis": "z", "origin": [5.7475, 1.1475, 10.295]},
			"faces": {
				"north": {"uv": [13, 6, 16, 9], "texture": "#3"},
				"east": {"uv": [6, 6, 9, 9], "texture": "#3"},
				"south": {"uv": [3, 6, 6, 9], "texture": "#3"},
				"west": {"uv": [0, 6, 3, 9], "texture": "#3"},
				"up": {"uv": [0, 3, 3, 6], "rotation": 90, "texture": "#3"},
				"down": {"uv": [0, 9, 3, 12], "rotation": 270, "texture": "#3"}
			}
		},
		{
			"name": "bottom_2",
			"from": [4.96125, 0.63155, 3.12015],
			"to": [6.49125, 2.16155, 6.94515],
			"rotation": {"angle": 22.5, "axis": "x", "origin": [8, 0.765, 8]},
			"faces": {
				"north": {"uv": [13, 1, 15, 3], "texture": "#4"},
				"east": {"uv": [10, 1, 12, 6], "rotation": 90, "texture": "#4"},
				"west": {"uv": [10, 1, 12, 6], "rotation": 270, "texture": "#4"},
				"up": {"uv": [10, 1, 12, 6], "texture": "#4"},
				"down": {"uv": [10, 1, 12, 6], "rotation": 180, "texture": "#4"}
			}
		},
		{
			"name": "bottom_1",
			"from": [5.17545, -0.02125, 4.8278],
			"to": [9.76545, 1.53, 7.1228],
			"rotation": {"angle": -22.5, "axis": "y", "origin": [8, 0.75437, 8]},
			"faces": {
				"north": {"uv": [5, 11, 11, 13], "texture": "#3"},
				"east": {"uv": [7, 9, 10, 11], "texture": "#3"},
				"west": {"uv": [11, 11, 14, 13], "texture": "#3"},
				"up": {"uv": [5, 8, 11, 11], "rotation": 180, "texture": "#3"},
				"down": {"uv": [3, 2, 9, 5], "rotation": 180, "texture": "#3", "cullface": "down"}
			}
		},
		{
			"name": "spire_n",
			"from": [6.44875, 3.825, 12.0545],
			"to": [9.55125, 5.9925, 14.222],
			"rotation": {"angle": 0, "axis": "y", "origin": [8, 4.90875, 13.13825]},
			"faces": {
				"east": {"uv": [1, 12, 4, 15], "texture": "#2"},
				"south": {"uv": [12, 12, 16, 15], "texture": "#4"},
				"west": {"uv": [1, 12, 4, 15], "rotation": 90, "texture": "#2"},
				"up": {"uv": [9, 12, 13, 15], "rotation": 180, "texture": "#2"}
			}
		},
		{
			"name": "spire_s",
			"from": [7.97875, 3.825, 1.778],
			"to": [11.08125, 5.9925, 3.9455],
			"rotation": {"angle": 0, "axis": "y", "origin": [9.53, 4.90875, 2.86175]},
			"faces": {
				"north": {"uv": [12, 12, 16, 15], "texture": "#4"},
				"east": {"uv": [1, 12, 4, 15], "rotation": 90, "texture": "#2"},
				"west": {"uv": [1, 12, 4, 15], "texture": "#2"},
				"up": {"uv": [9, 12, 13, 15], "texture": "#2"}
			}
		},
		{
			"name": "spire_w",
			"from": [12.0885, 4.2415, 6.06625],
			"to": [14.256, 6.409, 8.40375],
			"rotation": {"angle": 0, "axis": "y", "origin": [13.17225, 5.32525, 7.235]},
			"faces": {
				"north": {"uv": [1, 12, 4, 15], "texture": "#2"},
				"east": {"uv": [5, 12, 8, 15], "texture": "#2"},
				"south": {"uv": [1, 12, 4, 15], "rotation": 90, "texture": "#2"},
				"up": {"uv": [12, 8, 15, 11], "rotation": 180, "texture": "#4"}
			}
		},
		{
			"name": "spire_e",
			"from": [1.744, 3.4765, 6.83125],
			"to": [3.9115, 5.644, 9.16875],
			"rotation": {"angle": 0, "axis": "y", "origin": [2.82775, 4.56025, 8]},
			"faces": {
				"north": {"uv": [1, 12, 4, 15], "rotation": 90, "texture": "#2"},
				"south": {"uv": [1, 12, 4, 15], "texture": "#2"},
				"west": {"uv": [5, 12, 8, 15], "texture": "#2"},
				"up": {"uv": [12, 8, 15, 11], "texture": "#4"}
			}
		},
		{
			"name": "pillar_n",
			"from": [6.47, -1.054, 8.544],
			"to": [9.53, 2.006, 14.664],
			"rotation": {"angle": -45, "axis": "x", "origin": [8, 0.85, 8.5525]},
			"faces": {
				"north": {"uv": [4, 3, 8, 7], "texture": "#3", "cullface": "down"},
				"east": {"uv": [1, 1, 5, 9], "rotation": 270, "texture": "#4"},
				"west": {"uv": [1, 1, 5, 9], "rotation": 90, "texture": "#4"},
				"up": {"uv": [5, 1, 1, 9], "rotation": 180, "texture": "#4"},
				"down": {"uv": [5, 1, 1, 9], "texture": "#4"}
			}
		},
		{
			"name": "pillar_s",
			"from": [8, 0.8415, 5.5435],
			"to": [11.06, 6.9615, 8.6035],
			"rotation": {"angle": -45, "axis": "x", "origin": [9.53, 0.85, 7.4475]},
			"faces": {
				"north": {"uv": [5, 1, 1, 9], "texture": "#4"},
				"east": {"uv": [1, 1, 5, 9], "texture": "#4"},
				"south": {"uv": [5, 1, 1, 9], "texture": "#4"},
				"west": {"uv": [1, 1, 5, 9], "texture": "#4"},
				"down": {"uv": [8, 6, 12, 10], "rotation": 180, "texture": "#3", "cullface": "down"}
			}
		},
		{
			"name": "pillar_w",
			"from": [6.9715, 0.8585, 6.0875],
			"to": [10.0315, 6.9785, 8.3825],
			"rotation": {"angle": -45, "axis": "z", "origin": [8.85, 0.51, 7.235]},
			"faces": {
				"north": {"uv": [1, 1, 5, 9], "texture": "#4"},
				"east": {"uv": [6, 1, 9, 9], "texture": "#4"},
				"south": {"uv": [1, 1, 5, 9], "texture": "#4"},
				"west": {"uv": [6, 1, 9, 9], "texture": "#4"},
				"down": {"uv": [7, 10, 11, 13], "rotation": 180, "texture": "#3", "cullface": "down"}
			}
		},
		{
			"name": "pillar_e",
			"from": [5.637, 0.2295, 6.8525],
			"to": [8.697, 6.3495, 9.1475],
			"rotation": {"angle": 45, "axis": "z", "origin": [7.15, 0.2125, 8]},
			"faces": {
				"north": {"uv": [1, 1, 5, 9], "texture": "#4"},
				"east": {"uv": [6, 1, 9, 9], "texture": "#4"},
				"south": {"uv": [1, 1, 5, 9], "texture": "#4"},
				"west": {"uv": [6, 1, 9, 9], "texture": "#4"},
				"down": {"uv": [5, 2, 9, 5], "rotation": 180, "texture": "#3", "cullface": "down"}
			}
		},
		{
			"name": "spire_0",
			"from": [6.385, 5.95, 6.0875],
			"to": [9.615, 9.18, 9.9125],
			"rotation": {"angle": 45, "axis": "z", "origin": [8, 7.565, 8]},
			"faces": {
				"north": {"uv": [1, 12, 4, 15], "texture": "#2"},
				"east": {"uv": [5, 12, 8, 15], "texture": "#2"},
				"south": {"uv": [1, 12, 4, 15], "rotation": 90, "texture": "#2"},
				"up": {"uv": [5, 12, 8, 15], "rotation": 90, "texture": "#2"}
			}
		},
		{
			"name": "pillar_0",
			"from": [5.72625, 0, 6.10875],
			"to": [10.27375, 7.565, 9.89125],
			"rotation": {"angle": 0, "axis": "y", "origin": [7.575, 3.825, 7.575]},
			"faces": {
				"north": {"uv": [1, 1, 5, 8], "texture": "#4"},
				"east": {"uv": [6, 1, 9, 8], "texture": "#4"},
				"south": {"uv": [1, 1, 5, 8], "texture": "#4"},
				"west": {"uv": [6, 1, 9, 8], "texture": "#4"},
				"down": {"uv": [7, 8, 11, 11], "rotation": 180, "texture": "#3", "cullface": "down"}
			}
		}
	]
}