{
	"credit": "Made with Blockbench",
	"textures": {
		"0": "block/05m_rail_wood",
		"1": "block/05m_rail_iron",
		"particle": "block/rail"
	},
	"elements": [
		{
			"name": "iron_inside_3",
			"from": [14, 0, 12],
			"to": [16, 2, 14],
			"faces": {
				"north": {"uv": [12, 7, 14, 9], "rotation": 90, "texture": "#1"},
				"east": {"uv": [5, 13, 7, 15], "texture": "#1", "cullface": "east"},
				"south": {"uv": [12, 7, 14, 9], "rotation": 270, "texture": "#1"},
				"up": {"uv": [12, 7, 14, 9], "rotation": 90, "texture": "#1"},
				"down": {"uv": [2, 7, 4, 9], "rotation": 270, "texture": "#1", "cullface": "down"}
			}
		},
		{
			"name": "iron_inside_2",
			"from": [18.385, -0.0005, -1.415],
			"to": [19.799, 1.9995, 1.415],
			"rotation": {"angle": -45, "axis": "y", "origin": [0, 0, 0]},
			"faces": {
				"east": {"uv": [12, 2, 14, 5], "rotation": 270, "texture": "#1"},
				"west": {"uv": [12, 2, 14, 5], "rotation": 90, "texture": "#1"},
				"up": {"uv": [12, 2, 14, 5], "texture": "#1"},
				"down": {"uv": [2, 2, 4, 5], "texture": "#1", "cullface": "down"}
			}
		},
		{
			"name": "iron_inside_1",
			"from": [12, 0, 14],
			"to": [14, 2, 16],
			"faces": {
				"east": {"uv": [12, 12, 14, 14], "rotation": 270, "texture": "#1"},
				"south": {"uv": [9, 1, 11, 3], "texture": "#1", "cullface": "south"},
				"west": {"uv": [12, 12, 14, 14], "rotation": 90, "texture": "#1"},
				"up": {"uv": [12, 12, 14, 14], "texture": "#1"},
				"down": {"uv": [2, 12, 4, 14], "texture": "#1", "cullface": "down"}
			}
		},
		{
			"name": "iron_outside_5",
			"from": [12, 0, 2],
			"to": [16, 2, 4],
			"faces": {
				"north": {"uv": [2, 0, 4, 4], "rotation": 90, "texture": "#1"},
				"east": {"uv": [9, 13, 11, 15], "texture": "#1", "cullface": "east"},
				"south": {"uv": [2, 0, 4, 4], "rotation": 270, "texture": "#1"},
				"up": {"uv": [2, 0, 4, 4], "rotation": 90, "texture": "#1"},
				"down": {"uv": [12, 0, 14, 4], "rotation": 270, "texture": "#1", "cullface": "down"}
			}
		},
		{
			"name": "iron_outside_4",
			"from": [5.32, -0.001, 6.44],
			"to": [10.32, 1.999, 8.29],
			"rotation": {"angle": 22.5, "axis": "y", "origin": [0, 0, 0]},
			"faces": {
				"north": {"uv": [2, 3, 4, 8], "rotation": 90, "texture": "#1"},
				"south": {"uv": [2, 3, 4, 8], "rotation": 270, "texture": "#1"},
				"up": {"uv": [2, 3, 4, 8], "rotation": 90, "texture": "#1"},
				"down": {"uv": [12, 3, 14, 8], "rotation": 270, "texture": "#1", "cullface": "down"}
			}
		},
		{
			"name": "iron_outside_3",
			"from": [7.985, 0, -2.45],
			"to": [9.985, 2, 2.45],
			"rotation": {"angle": -45, "axis": "y", "origin": [0, 0, 0]},
			"faces": {
				"east": {"uv": [2, 2, 4, 7], "rotation": 270, "texture": "#1"},
				"west": {"uv": [2, 2, 4, 7], "rotation": 90, "texture": "#1"},
				"up": {"uv": [2, 2, 4, 7], "texture": "#1"},
				"down": {"uv": [12, 2, 14, 7], "texture": "#1", "cullface": "down"}
			}
		},
		{
			"name": "iron_outside_2",
			"from": [6.44, -0.0005, 5.32],
			"to": [8.29, 1.9995, 10.32],
			"rotation": {"angle": -22.5, "axis": "y", "origin": [0, 0, 0]},
			"faces": {
				"east": {"uv": [2, 8, 4, 13], "rotation": 270, "texture": "#1"},
				"west": {"uv": [2, 8, 4, 13], "rotation": 90, "texture": "#1"},
				"up": {"uv": [2, 8, 4, 13], "texture": "#1"},
				"down": {"uv": [12, 8, 14, 13], "texture": "#1", "cullface": "down"}
			}
		},
		{
			"name": "iron_outside_1",
			"from": [2, 0, 12],
			"to": [4, 2, 16],
			"faces": {
				"east": {"uv": [2, 12, 4, 16], "rotation": 270, "texture": "#1"},
				"south": {"uv": [5, 1, 7, 3], "texture": "#1", "cullface": "south"},
				"west": {"uv": [2, 12, 4, 16], "rotation": 90, "texture": "#1"},
				"up": {"uv": [2, 12, 4, 16], "texture": "#1"},
				"down": {"uv": [12, 12, 14, 16], "texture": "#1", "cullface": "down"}
			}
		},
		{
			"name": "wood_3",
			"from": [7.96, -1.001, 5.47],
			"to": [9.96, 0.999, 19.02],
			"rotation": {"angle": 22.5, "axis": "y", "origin": [0, 0, 0]},
			"faces": {
				"north": {"uv": [5, 4, 7, 6], "texture": "#1"},
				"east": {"uv": [1, 5, 15, 7], "texture": "#0"},
				"south": {"uv": [9, 7, 11, 9], "texture": "#1"},
				"west": {"uv": [1, 9, 15, 11], "rotation": 180, "texture": "#0"},
				"up": {"uv": [1, 1, 15, 3], "rotation": 90, "texture": "#0"},
				"down": {"uv": [1, 13, 15, 15], "rotation": 270, "texture": "#0", "cullface": "down"}
			}
		},
		{
			"name": "wood_2",
			"from": [7, -1, -1],
			"to": [21, 1, 1],
			"rotation": {"angle": -45, "axis": "y", "origin": [0, 0, 0]},
			"faces": {
				"north": {"uv": [1, 13, 15, 15], "texture": "#0"},
				"east": {"uv": [9, 10, 11, 12], "texture": "#1"},
				"south": {"uv": [1, 1, 15, 3], "rotation": 180, "texture": "#0"},
				"west": {"uv": [5, 7, 7, 9], "texture": "#1"},
				"up": {"uv": [1, 5, 15, 7], "texture": "#0"},
				"down": {"uv": [1, 9, 15, 11], "texture": "#0", "cullface": "down"}
			}
		},
		{
			"name": "wood_1",
			"from": [5.47, -1.0005, 7.96],
			"to": [19.02, 0.9995, 9.96],
			"rotation": {"angle": -22.5, "axis": "y", "origin": [0, 0, 0]},
			"faces": {
				"north": {"uv": [1, 9, 15, 11], "texture": "#0"},
				"east": {"uv": [9, 4, 11, 6], "texture": "#1"},
				"south": {"uv": [1, 5, 15, 7], "rotation": 180, "texture": "#0"},
				"west": {"uv": [5, 4, 7, 6], "texture": "#1"},
				"up": {"uv": [1, 13, 15, 15], "texture": "#0"},
				"down": {"uv": [1, 1, 15, 3], "texture": "#0", "cullface": "down"}
			}
		}
	]
}