{
	"credit": "Made with Blockbench",
	"textures": {
		"1": "block/05m_rail_iron",
		"2": "block/05m_rail_gold",
		"3": "block/05m_rail_off",
		"particle": "block/powered_rail"
	},
	"elements": [
		{
			"name": "gold_left_top",
			"from": [4.005, 14.786, -6.51],
			"to": [4.995, 15.716, -5.735],
			"rotation": {"angle": 22.5, "axis": "x", "origin": [0, 0, 0]},
			"faces": {
				"north": {"uv": [6, 0, 7, 1], "texture": "#2"},
				"east": {"uv": [8, 0, 9, 1], "rotation": 90, "texture": "#2"},
				"west": {"uv": [8, 0, 9, 1], "rotation": 270, "texture": "#2"},
				"up": {"uv": [6, 0, 7, 1], "texture": "#2"},
				"down": {"uv": [6, 0, 7, 1], "texture": "#2"}
			}
		},
		{
			"name": "gold_right_top",
			"from": [11.005, 14.786, -6.51],
			"to": [11.995, 15.716, -5.735],
			"rotation": {"angle": 22.5, "axis": "x", "origin": [0, 0, 0]},
			"faces": {
				"north": {"uv": [8, 0, 9, 1], "texture": "#2"},
				"east": {"uv": [6, 0, 7, 1], "rotation": 90, "texture": "#2"},
				"west": {"uv": [6, 0, 7, 1], "rotation": 270, "texture": "#2"},
				"up": {"uv": [8, 0, 9, 1], "texture": "#2"},
				"down": {"uv": [8, 0, 9, 1], "texture": "#2"}
			}
		},
		{
			"name": "gold_left",
			"from": [4, 11.315, -11.315],
			"to": [5, 12.325, 11.315],
			"rotation": {"angle": 45, "axis": "x", "origin": [0, 0, 0]},
			"faces": {
				"east": {"uv": [8, 0, 9, 16], "rotation": 90, "texture": "#2"},
				"south": {"uv": [6, 15, 7, 16], "texture": "#2", "cullface": "south"},
				"west": {"uv": [8, 0, 9, 16], "rotation": 270, "texture": "#2"},
				"up": {"uv": [6, 0, 7, 16], "texture": "#2"},
				"down": {"uv": [6, 0, 7, 16], "texture": "#2"}
			}
		},
		{
			"name": "gold_right",
			"from": [11, 11.315, -11.315],
			"to": [12, 12.325, 11.315],
			"rotation": {"angle": 45, "axis": "x", "origin": [0, 0, 0]},
			"faces": {
				"east": {"uv": [6, 0, 7, 16], "rotation": 90, "texture": "#2"},
				"south": {"uv": [8, 15, 9, 16], "texture": "#2", "cullface": "south"},
				"west": {"uv": [6, 0, 7, 16], "rotation": 270, "texture": "#2"},
				"up": {"uv": [8, 0, 9, 16], "texture": "#2"},
				"down": {"uv": [8, 0, 9, 16], "texture": "#2"}
			}
		},
		{
			"name": "iron_left_top",
			"from": [2.005, 14.78, -6.889],
			"to": [3.99, 16.63, -5.357],
			"rotation": {"angle": 22.5, "axis": "x", "origin": [0, 0, 0]},
			"faces": {
				"north": {"uv": [9, 13, 11, 15], "texture": "#1"},
				"east": {"uv": [2, 0, 4, 2], "rotation": 270, "texture": "#1"},
				"west": {"uv": [2, 0, 4, 2], "rotation": 90, "texture": "#1"},
				"up": {"uv": [2, 0, 4, 2], "texture": "#1"},
				"down": {"uv": [12, 0, 14, 2], "texture": "#1"}
			}
		},
		{
			"name": "iron_right_top",
			"from": [12.01, 14.78, -6.889],
			"to": [13.995, 16.63, -5.357],
			"rotation": {"angle": 22.5, "axis": "x", "origin": [0, 0, 0]},
			"faces": {
				"north": {"uv": [5, 13, 7, 15], "texture": "#1"},
				"east": {"uv": [12, 8, 14, 10], "rotation": 270, "texture": "#1"},
				"west": {"uv": [12, 8, 14, 10], "rotation": 90, "texture": "#1"},
				"up": {"uv": [12, 8, 14, 10], "texture": "#1"},
				"down": {"uv": [2, 8, 4, 10], "texture": "#1"}
			}
		},
		{
			"name": "iron_left",
			"from": [1.995, 11.315, -11.315],
			"to": [3.995, 13.315, 11.315],
			"rotation": {"angle": 45, "axis": "x", "origin": [0, 0, 0]},
			"faces": {
				"east": {"uv": [2, 0, 4, 16], "rotation": 270, "texture": "#1"},
				"south": {"uv": [5, 1, 7, 3], "texture": "#1", "cullface": "south"},
				"west": {"uv": [2, 0, 4, 16], "rotation": 90, "texture": "#1"},
				"up": {"uv": [2, 0, 4, 16], "texture": "#1"},
				"down": {"uv": [12, 0, 14, 16], "texture": "#1"}
			}
		},
		{
			"name": "iron_right",
			"from": [12.005, 11.315, -11.315],
			"to": [14.005, 13.315, 11.315],
			"rotation": {"angle": 45, "axis": "x", "origin": [0, 0, 0]},
			"faces": {
				"east": {"uv": [12, 0, 14, 16], "rotation": 270, "texture": "#1"},
				"south": {"uv": [9, 1, 11, 3], "texture": "#1", "cullface": "south"},
				"west": {"uv": [12, 0, 14, 16], "rotation": 90, "texture": "#1"},
				"up": {"uv": [12, 0, 14, 16], "texture": "#1"},
				"down": {"uv": [2, 0, 4, 16], "texture": "#1"}
			}
		},
		{
			"name": "wood_1",
			"from": [1, 10.315, -8.685],
			"to": [15, 12.315, -6.685],
			"rotation": {"angle": 45, "axis": "x", "origin": [0, 0, 0]},
			"faces": {
				"north": {"uv": [1, 5, 15, 7], "texture": "#3"},
				"east": {"uv": [9, 7, 11, 9], "texture": "#1"},
				"south": {"uv": [1, 9, 15, 11], "rotation": 180, "texture": "#3"},
				"west": {"uv": [5, 4, 7, 6], "texture": "#1"},
				"up": {"uv": [1, 1, 15, 3], "texture": "#3"},
				"down": {"uv": [1, 13, 15, 15], "texture": "#3"}
			}
		},
		{
			"name": "wood_2",
			"from": [1, 10.315, -3.685],
			"to": [15, 12.315, -1.685],
			"rotation": {"angle": 45, "axis": "x", "origin": [0, 0, 0]},
			"faces": {
				"north": {"uv": [1, 13, 15, 15], "texture": "#3"},
				"east": {"uv": [9, 10, 11, 12], "texture": "#1"},
				"south": {"uv": [1, 1, 15, 3], "rotation": 180, "texture": "#3"},
				"west": {"uv": [5, 7, 7, 9], "texture": "#1"},
				"up": {"uv": [1, 5, 15, 7], "texture": "#3"},
				"down": {"uv": [1, 9, 15, 11], "texture": "#3"}
			}
		},
		{
			"name": "wood_3",
			"from": [1, 10.315, 1.315],
			"to": [15, 12.315, 3.315],
			"rotation": {"angle": 45, "axis": "x", "origin": [0, 0, 0]},
			"faces": {
				"north": {"uv": [1, 1, 15, 3], "texture": "#3"},
				"east": {"uv": [9, 7, 11, 9], "texture": "#1"},
				"south": {"uv": [1, 13, 15, 15], "rotation": 180, "texture": "#3"},
				"west": {"uv": [5, 10, 7, 12], "texture": "#1"},
				"up": {"uv": [1, 9, 15, 11], "texture": "#3"},
				"down": {"uv": [1, 5, 15, 7], "texture": "#3"}
			}
		},
		{
			"name": "wood_4",
			"from": [1, 10.315, 6.315],
			"to": [15, 12.315, 8.315],
			"rotation": {"angle": 45, "axis": "x", "origin": [0, 0, 0]},
			"faces": {
				"north": {"uv": [1, 9, 15, 11], "texture": "#3"},
				"east": {"uv": [9, 4, 11, 6], "texture": "#1"},
				"south": {"uv": [1, 5, 15, 7], "rotation": 180, "texture": "#3"},
				"west": {"uv": [5, 4, 7, 6], "texture": "#1"},
				"up": {"uv": [1, 13, 15, 15], "texture": "#3"},
				"down": {"uv": [1, 1, 15, 3], "texture": "#3"}
			}
		},
		{
			"name": "wood_0",
			"from": [7, 10.31, -8.68],
			"to": [9, 12.31, 8.29],
			"rotation": {"angle": 45, "axis": "x", "origin": [0, 0, 0]},
			"faces": {
				"east": {"uv": [0, 1, 2, 15], "rotation": 270, "texture": "#2"},
				"west": {"uv": [0, 1, 2, 15], "rotation": 90, "texture": "#2"},
				"up": {"uv": [0, 1, 2, 15], "texture": "#2"},
				"down": {"uv": [0, 1, 2, 15], "rotation": 180, "texture": "#2"}
			}
		}
	]
}