{
	"credit": "Made with Blockbench",
	"ambientocclusion": false,
	"textures": {
		"lit": "block/05m_cave_vines_lit",
		"cross": "block/cave_vines",
		"particle": "block/cave_vines_lit"
	},
	"elements": [
		{
			"name": "lit_leaf",
			"from": [5, 7.1, 11],
			"to": [8, 9.1, 11],
			"rotation": {"angle": -22.5, "axis": "x", "origin": [6.5, 8.1, 11]},
			"faces": {
				"south": {"uv": [4, 8, 1, 10], "texture": "#lit"}
			}
		},
		{
			"name": "lit_leaf",
			"from": [6, 12, 6],
			"to": [9, 16, 6],
			"rotation": {"angle": 45, "axis": "x", "origin": [7.5, 14, 6]},
			"faces": {
				"north": {"uv": [6, 6, 9, 10], "texture": "#lit"}
			}
		},
		{
			"from": [3, 9, 4.2],
			"to": [7.8, 13.8, 6.6],
			"rotation": {"angle": -22.5, "axis": "z", "origin": [5, 11, 5]},
			"faces": {
				"north": {"uv": [11, 11, 15, 15], "texture": "#lit"},
				"east": {"uv": [12, 1, 14, 5], "texture": "#lit"},
				"south": {"uv": [11, 11, 15, 15], "texture": "#lit"},
				"west": {"uv": [12, 6, 14, 10], "texture": "#lit"},
				"up": {"uv": [11, 2, 15, 4], "texture": "#lit"},
				"down": {"uv": [11, 7, 15, 9], "texture": "#lit"}
			}
		},
		{
			"from": [3, 10.2, 3],
			"to": [7.8, 12.6, 7.8],
			"rotation": {"angle": -22.5, "axis": "z", "origin": [5, 11, 5]},
			"faces": {
				"north": {"uv": [1, 2, 5, 4], "texture": "#lit"},
				"east": {"uv": [11, 2, 15, 4], "texture": "#lit"},
				"south": {"uv": [6, 2, 10, 4], "texture": "#lit"},
				"west": {"uv": [11, 7, 15, 9], "texture": "#lit"},
				"up": {"uv": [11, 11, 15, 15], "texture": "#lit"},
				"down": {"uv": [11, 11, 15, 15], "texture": "#lit"}
			}
		},
		{
			"from": [4.2, 9, 3],
			"to": [6.6, 13.8, 7.8],
			"rotation": {"angle": -22.5, "axis": "z", "origin": [5, 11, 5]},
			"faces": {
				"north": {"uv": [2, 1, 4, 5], "texture": "#lit"},
				"east": {"uv": [11, 11, 15, 15], "texture": "#lit"},
				"south": {"uv": [7, 1, 9, 5], "texture": "#lit"},
				"west": {"uv": [11, 11, 15, 15], "texture": "#lit"},
				"up": {"uv": [12, 1, 14, 5], "texture": "#lit"},
				"down": {"uv": [12, 6, 14, 10], "texture": "#lit"}
			}
		},
		{
			"from": [5, 3, 9.1],
			"to": [9.4, 7.4, 11.3],
			"rotation": {"angle": 22.5, "axis": "z", "origin": [7, 5, 10]},
			"faces": {
				"north": {"uv": [11, 11, 15, 15], "texture": "#lit"},
				"east": {"uv": [12, 1, 14, 5], "texture": "#lit"},
				"south": {"uv": [11, 11, 15, 15], "texture": "#lit"},
				"west": {"uv": [12, 6, 14, 10], "texture": "#lit"},
				"up": {"uv": [11, 2, 15, 4], "texture": "#lit"},
				"down": {"uv": [11, 7, 15, 9], "texture": "#lit"}
			}
		},
		{
			"from": [5, 4.1, 8],
			"to": [9.4, 6.3, 12.4],
			"rotation": {"angle": 22.5, "axis": "z", "origin": [7, 5, 10]},
			"faces": {
				"north": {"uv": [1, 2, 5, 4], "texture": "#lit"},
				"east": {"uv": [11, 2, 15, 4], "texture": "#lit"},
				"south": {"uv": [6, 2, 10, 4], "texture": "#lit"},
				"west": {"uv": [11, 7, 15, 9], "texture": "#lit"},
				"up": {"uv": [11, 11, 15, 15], "texture": "#lit"},
				"down": {"uv": [11, 11, 15, 15], "texture": "#lit"}
			}
		},
		{
			"from": [6.1, 3, 8],
			"to": [8.3, 7.4, 12.4],
			"rotation": {"angle": 22.5, "axis": "z", "origin": [7, 5, 10]},
			"faces": {
				"north": {"uv": [2, 1, 4, 5], "texture": "#lit"},
				"east": {"uv": [11, 11, 15, 15], "texture": "#lit"},
				"south": {"uv": [7, 1, 9, 5], "texture": "#lit"},
				"west": {"uv": [11, 11, 15, 15], "texture": "#lit"},
				"up": {"uv": [12, 1, 14, 5], "texture": "#lit"},
				"down": {"uv": [12, 6, 14, 10], "texture": "#lit"}
			}
		},
		{
			"from": [10, 10, 9],
			"to": [14, 14, 11],
			"rotation": {"angle": -22.5, "axis": "x", "origin": [12, 12, 10]},
			"faces": {
				"north": {"uv": [11, 11, 15, 15], "texture": "#lit"},
				"east": {"uv": [12, 1, 14, 5], "texture": "#lit"},
				"south": {"uv": [11, 11, 15, 15], "texture": "#lit"},
				"west": {"uv": [12, 6, 14, 10], "texture": "#lit"},
				"up": {"uv": [11, 2, 15, 4], "texture": "#lit"},
				"down": {"uv": [11, 7, 15, 9], "texture": "#lit"}
			}
		},
		{
			"from": [10, 11, 8],
			"to": [14, 13, 12],
			"rotation": {"angle": -22.5, "axis": "x", "origin": [12, 12, 10]},
			"faces": {
				"north": {"uv": [1, 2, 5, 4], "texture": "#lit"},
				"east": {"uv": [11, 2, 15, 4], "texture": "#lit"},
				"south": {"uv": [6, 2, 10, 4], "texture": "#lit"},
				"west": {"uv": [11, 7, 15, 9], "texture": "#lit"},
				"up": {"uv": [11, 11, 15, 15], "texture": "#lit"},
				"down": {"uv": [11, 11, 15, 15], "texture": "#lit"}
			}
		},
		{
			"from": [11, 10, 8],
			"to": [13, 14, 12],
			"rotation": {"angle": -22.5, "axis": "x", "origin": [12, 12, 10]},
			"faces": {
				"north": {"uv": [2, 1, 4, 5], "texture": "#lit"},
				"east": {"uv": [11, 11, 15, 15], "texture": "#lit"},
				"south": {"uv": [7, 1, 9, 5], "texture": "#lit"},
				"west": {"uv": [11, 11, 15, 15], "texture": "#lit"},
				"up": {"uv": [12, 1, 14, 5], "texture": "#lit"},
				"down": {"uv": [12, 6, 14, 10], "texture": "#lit"}
			}
		},
		{
			"from": [0.8, 0, 8],
			"to": [15.2, 16, 8],
			"shade": false,
			"rotation": {"angle": 45, "axis": "y", "origin": [8, 8, 8], "rescale": true},
			"faces": {
				"north": {"uv": [0, 0, 16, 16], "texture": "#cross"},
				"south": {"uv": [0, 0, 16, 16], "texture": "#cross"}
			}
		},
		{
			"from": [8, 0, 0.8],
			"to": [8, 16, 15.2],
			"shade": false,
			"rotation": {"angle": 45, "axis": "y", "origin": [8, 8, 8], "rescale": true},
			"faces": {
				"east": {"uv": [0, 0, 16, 16], "texture": "#cross"},
				"west": {"uv": [0, 0, 16, 16], "texture": "#cross"}
			}
		}
	],
	"groups": [
		0,
		1,
		{
			"name": "fruit_3",
			"origin": [-7, 2, -14],
			"color": 0,
			"children": [2, 3, 4]
		},
		{
			"name": "fruit_2",
			"origin": [-7, 2, -14],
			"color": 0,
			"children": [5, 6, 7]
		},
		{
			"name": "fruit_1",
			"origin": [-7, 2, -14],
			"color": 0,
			"children": [8, 9, 10]
		},
		11,
		12
	]
}