{
	"credit": "Made with Blockbench",
	"ambientocclusion": false,
	"textures": {
		"2": "block/05m_amethyst_1",
		"3": "block/amethyst_block",
		"4": "block/05m_amethyst_2",
		"5": "block/05m_amethyst_3",
		"particle": "block/amethyst_block"
	},
	"elements": [
		{
			"name": "bottom_4",
			"from": [9.4411, -0.0175, 5.6235],
			"to": [11.3311, 2.52, 7.5135],
			"rotation": {"angle": -45, "axis": "y", "origin": [10.545, 1.25125, 5.445]},
			"faces": {
				"north": {"uv": [3, 11, 5, 14], "texture": "#3"},
				"east": {"uv": [1, 11, 3, 14], "texture": "#3"},
				"west": {"uv": [5, 11, 7, 14], "texture": "#3"},
				"up": {"uv": [3, 9, 5, 11], "rotation": 180, "texture": "#3"},
				"down": {"uv": [8, 9, 10, 11], "rotation": 270, "texture": "#3", "cullface": "down"}
			}
		},
		{
			"name": "bottom_3",
			"from": [8.9175, -0.1491, 8.9205],
			"to": [10.8075, 1.8109, 10.8805],
			"rotation": {"angle": -22.5, "axis": "x", "origin": [9.88, 0.945, 9.855]},
			"faces": {
				"north": {"uv": [4, 6, 6, 8], "texture": "#3"},
				"east": {"uv": [2, 6, 4, 8], "texture": "#3"},
				"south": {"uv": [0, 6, 2, 8], "texture": "#3"},
				"west": {"uv": [14, 6, 16, 8], "texture": "#3"},
				"up": {"uv": [1, 4, 3, 6], "texture": "#3"},
				"down": {"uv": [0, 8, 2, 10], "texture": "#3"}
			}
		},
		{
			"name": "bottom_2",
			"from": [3.9713, 0.5201, 9.2425],
			"to": [7.1213, 1.7801, 10.5025],
			"rotation": {"angle": -22.5, "axis": "z", "origin": [7.99, 0.63, 8]},
			"faces": {
				"north": {"uv": [8, 1, 9, 4], "rotation": 90, "texture": "#5"},
				"south": {"uv": [8, 1, 9, 4], "rotation": 270, "texture": "#5"},
				"west": {"uv": [8, 5, 9, 6], "texture": "#5"},
				"up": {"uv": [8, 1, 9, 4], "rotation": 270, "texture": "#5"},
				"down": {"uv": [8, 1, 9, 4], "rotation": 270, "texture": "#5"}
			}
		},
		{
			"name": "bottom_1",
			"from": [5.3776, -0.0175, 6.5461],
			"to": [7.2676, 0.91, 10.3261],
			"rotation": {"angle": -22.5, "axis": "y", "origin": [7.99, 0.62125, 8]},
			"faces": {
				"north": {"uv": [8, 9, 10, 10], "texture": "#3"},
				"south": {"uv": [11, 11, 13, 12], "texture": "#3"},
				"west": {"uv": [7, 11, 11, 12], "texture": "#3"},
				"up": {"uv": [7, 9, 11, 11], "rotation": 90, "texture": "#3"},
				"down": {"uv": [3, 2, 9, 5], "rotation": 270, "texture": "#3", "cullface": "down"}
			}
		},
		{
			"name": "spire_n",
			"from": [11.329, 3.15, 6.7225],
			"to": [13.114, 4.935, 9.2775],
			"rotation": {"angle": 0, "axis": "y", "origin": [12.2215, 4.0425, 8]},
			"faces": {
				"north": {"uv": [1, 8, 3, 10], "texture": "#5"},
				"east": {"uv": [8, 8, 11, 10], "texture": "#5"},
				"south": {"uv": [1, 8, 3, 10], "rotation": 90, "texture": "#5"},
				"up": {"uv": [4, 8, 7, 10], "rotation": 90, "texture": "#5"}
			}
		},
		{
			"name": "spire_s",
			"from": [2.866, 3.15, 5.4625],
			"to": [4.651, 4.935, 8.0175],
			"rotation": {"angle": 0, "axis": "y", "origin": [3.7585, 4.0425, 6.74]},
			"faces": {
				"north": {"uv": [1, 8, 3, 10], "rotation": 90, "texture": "#5"},
				"south": {"uv": [1, 8, 3, 10], "texture": "#5"},
				"west": {"uv": [8, 8, 11, 10], "texture": "#5"},
				"up": {"uv": [4, 8, 7, 10], "rotation": 270, "texture": "#5"}
			}
		},
		{
			"name": "spire_w",
			"from": [6.3975, 3.493, 2.848],
			"to": [8.3225, 5.278, 4.633],
			"rotation": {"angle": 0, "axis": "y", "origin": [7.36, 4.3855, 3.7405]},
			"faces": {
				"north": {"uv": [10, 5, 12, 7], "texture": "#5"},
				"east": {"uv": [1, 8, 3, 10], "rotation": 90, "texture": "#5"},
				"west": {"uv": [1, 8, 3, 10], "texture": "#5"},
				"up": {"uv": [12, 8, 14, 10], "rotation": 90, "texture": "#5"}
			}
		},
		{
			"name": "spire_e",
			"from": [7.0275, 2.863, 11.367],
			"to": [8.9525, 4.648, 13.152],
			"rotation": {"angle": 0, "axis": "y", "origin": [7.99, 3.7555, 12.2595]},
			"faces": {
				"east": {"uv": [1, 8, 3, 10], "texture": "#5"},
				"south": {"uv": [10, 5, 12, 7], "texture": "#5"},
				"west": {"uv": [1, 8, 3, 10], "rotation": 90, "texture": "#5"},
				"up": {"uv": [12, 8, 14, 10], "rotation": 270, "texture": "#5"}
			}
		},
		{
			"name": "pillar_n",
			"from": [8.438, -0.868, 6.74],
			"to": [13.478, 1.652, 9.26],
			"rotation": {"angle": 45, "axis": "z", "origin": [8.445, 0.7, 8]},
			"faces": {
				"north": {"uv": [1, 1, 4, 7], "rotation": 270, "texture": "#5"},
				"south": {"uv": [1, 1, 4, 7], "rotation": 90, "texture": "#5"},
				"west": {"uv": [4, 3, 7, 5], "texture": "#3", "cullface": "down"},
				"up": {"uv": [4, 1, 1, 7], "rotation": 90, "texture": "#5"},
				"down": {"uv": [4, 1, 1, 7], "rotation": 90, "texture": "#5"}
			}
		},
		{
			"name": "pillar_s",
			"from": [5.967, 0.693, 5.48],
			"to": [8.487, 5.733, 8],
			"rotation": {"angle": 45, "axis": "z", "origin": [7.535, 0.7, 6.74]},
			"faces": {
				"north": {"uv": [1, 1, 4, 7], "texture": "#5"},
				"east": {"uv": [4, 1, 1, 7], "texture": "#5"},
				"south": {"uv": [1, 1, 4, 7], "texture": "#5"},
				"west": {"uv": [4, 1, 1, 7], "texture": "#5"},
				"down": {"uv": [8, 6, 12, 10], "rotation": 270, "texture": "#3", "cullface": "down"}
			}
		},
		{
			"name": "pillar_w",
			"from": [6.415, 0.707, 6.327],
			"to": [8.305, 5.747, 8.847],
			"rotation": {"angle": -45, "axis": "x", "origin": [7.36, 0.42, 7.3]},
			"faces": {
				"north": {"uv": [5, 1, 7, 7], "texture": "#5"},
				"east": {"uv": [1, 1, 4, 7], "texture": "#5"},
				"south": {"uv": [5, 1, 7, 7], "texture": "#5"},
				"west": {"uv": [1, 1, 4, 7], "texture": "#5"},
				"down": {"uv": [7, 10, 11, 13], "rotation": 270, "texture": "#3", "cullface": "down"}
			}
		},
		{
			"name": "pillar_e",
			"from": [7.045, 0.189, 7.426],
			"to": [8.935, 5.229, 9.946],
			"rotation": {"angle": 45, "axis": "x", "origin": [7.99, 0.175, 8.7]},
			"faces": {
				"north": {"uv": [5, 1, 7, 7], "texture": "#5"},
				"east": {"uv": [1, 1, 4, 7], "texture": "#5"},
				"south": {"uv": [5, 1, 7, 7], "texture": "#5"},
				"west": {"uv": [1, 1, 4, 7], "texture": "#5"},
				"down": {"uv": [4, 2, 8, 5], "rotation": 270, "texture": "#3", "cullface": "down"}
			}
		},
		{
			"name": "spire_0",
			"from": [6.415, 4.2, 6.67],
			"to": [9.565, 6.86, 9.33],
			"rotation": {"angle": -45, "axis": "x", "origin": [7.99, 5.53, 8]},
			"faces": {
				"east": {"uv": [1, 12, 4, 15], "texture": "#2"},
				"south": {"uv": [5, 12, 8, 15], "texture": "#2"},
				"west": {"uv": [1, 12, 4, 15], "rotation": 90, "texture": "#2"},
				"up": {"uv": [5, 12, 8, 15], "rotation": 180, "texture": "#2"}
			}
		},
		{
			"name": "pillar_0",
			"from": [6.4325, 0, 6.1275],
			"to": [9.5475, 5.53, 9.8725],
			"rotation": {"angle": 0, "axis": "y", "origin": [7.64, 2.45, 8.35]},
			"faces": {
				"north": {"uv": [6, 1, 9, 7], "texture": "#4"},
				"east": {"uv": [1, 1, 5, 7], "texture": "#4"},
				"south": {"uv": [6, 1, 9, 7], "texture": "#4"},
				"west": {"uv": [1, 1, 5, 7], "texture": "#4"},
				"down": {"uv": [7, 8, 11, 11], "rotation": 270, "texture": "#3", "cullface": "down"}
			}
		}
	]
}