{
	"credit": "Made with Blockbench",
	"ambientocclusion": false,
	"textures": {
		"2": "block/05m_amethyst_1",
		"3": "block/amethyst_block",
		"4": "block/05m_amethyst_2",
		"5": "block/05m_amethyst_3",
		"particle": "block/amethyst_block"
	},
	"elements": [
		{
			"name": "bottom_4",
			"from": [6.13275, -0.01375, 5.37485],
			"to": [7.61775, 1.98, 6.85985],
			"rotation": {"angle": -45, "axis": "y", "origin": [5.9925, 0.98313, 5.9925]},
			"faces": {
				"north": {"uv": [1, 11, 3, 14], "texture": "#3"},
				"south": {"uv": [5, 11, 7, 14], "texture": "#3"},
				"west": {"uv": [3, 11, 5, 14], "texture": "#3"},
				"up": {"uv": [3, 9, 5, 11], "rotation": 90, "texture": "#3"},
				"down": {"uv": [8, 9, 10, 11], "texture": "#3", "cullface": "down"}
			}
		},
		{
			"name": "bottom_3",
			"from": [8.72325, -0.11715, 5.78625],
			"to": [10.26325, 1.42285, 7.27125],
			"rotation": {"angle": 22.5, "axis": "z", "origin": [9.4575, 0.7425, 6.515]},
			"faces": {
				"north": {"uv": [2, 6, 4, 8], "texture": "#3"},
				"east": {"uv": [0, 6, 2, 8], "texture": "#3"},
				"south": {"uv": [14, 6, 16, 8], "texture": "#3"},
				"west": {"uv": [4, 6, 6, 8], "texture": "#3"},
				"up": {"uv": [1, 4, 3, 6], "rotation": 270, "texture": "#3"},
				"down": {"uv": [0, 8, 2, 10], "rotation": 90, "texture": "#3"}
			}
		},
		{
			"name": "bottom_2",
			"from": [8.97625, 0.40865, 8.68255],
			"to": [9.96625, 1.39865, 11.15755],
			"rotation": {"angle": -22.5, "axis": "x", "origin": [8, 0.495, 8]},
			"faces": {
				"east": {"uv": [8, 1, 9, 4], "rotation": 270, "texture": "#5"},
				"south": {"uv": [8, 5, 9, 6], "texture": "#5"},
				"west": {"uv": [8, 1, 9, 4], "rotation": 90, "texture": "#5"},
				"up": {"uv": [8, 1, 9, 4], "rotation": 180, "texture": "#5"},
				"down": {"uv": [8, 1, 9, 4], "texture": "#5"}
			}
		},
		{
			"name": "bottom_1",
			"from": [6.85765, -0.01375, 8.5676],
			"to": [9.82765, 0.74, 10.0526],
			"rotation": {"angle": -22.5, "axis": "y", "origin": [8, 0.48813, 8]},
			"faces": {
				"east": {"uv": [10, 11, 12, 12], "texture": "#3"},
				"south": {"uv": [6, 11, 10, 12], "texture": "#3"},
				"west": {"uv": [7, 9, 9, 10], "texture": "#3"},
				"up": {"uv": [6, 9, 10, 11], "texture": "#3"},
				"down": {"uv": [3, 2, 9, 5], "texture": "#3", "cullface": "down"}
			}
		},
		{
			"name": "spire_n",
			"from": [6.99625, 1.925, 3.974],
			"to": [9.00375, 3.3275, 5.3765],
			"rotation": {"angle": 0, "axis": "y", "origin": [8, 2.62625, 4.67525]},
			"faces": {
				"north": {"uv": [8, 8, 11, 10], "texture": "#5"},
				"east": {"uv": [1, 8, 3, 10], "rotation": 90, "texture": "#5"},
				"west": {"uv": [1, 8, 3, 10], "texture": "#5"},
				"up": {"uv": [4, 8, 7, 10], "texture": "#5"}
			}
		},
		{
			"name": "spire_s",
			"from": [6.00625, 1.925, 10.6235],
			"to": [8.01375, 3.3275, 12.026],
			"rotation": {"angle": 0, "axis": "y", "origin": [7.01, 2.62625, 11.32475]},
			"faces": {
				"east": {"uv": [1, 8, 3, 10], "texture": "#5"},
				"south": {"uv": [8, 8, 11, 10], "texture": "#5"},
				"west": {"uv": [1, 8, 3, 10], "rotation": 90, "texture": "#5"},
				"up": {"uv": [4, 8, 7, 10], "rotation": 180, "texture": "#5"}
			}
		},
		{
			"name": "spire_w",
			"from": [3.952, 2.1945, 7.73875],
			"to": [5.3545, 3.597, 9.25125],
			"rotation": {"angle": 0, "axis": "y", "origin": [4.65325, 2.89575, 8.495]},
			"faces": {
				"north": {"uv": [1, 8, 3, 10], "rotation": 90, "texture": "#5"},
				"south": {"uv": [1, 8, 3, 10], "texture": "#5"},
				"west": {"uv": [10, 5, 12, 7], "texture": "#5"},
				"up": {"uv": [12, 8, 14, 10], "texture": "#5"}
			}
		},
		{
			"name": "spire_e",
			"from": [10.6455, 1.6995, 7.24375],
			"to": [12.048, 3.102, 8.75625],
			"rotation": {"angle": 0, "axis": "y", "origin": [11.34675, 2.40075, 8]},
			"faces": {
				"north": {"uv": [1, 8, 3, 10], "texture": "#5"},
				"east": {"uv": [10, 5, 12, 7], "texture": "#5"},
				"south": {"uv": [1, 8, 3, 10], "rotation": 90, "texture": "#5"},
				"up": {"uv": [12, 8, 14, 10], "rotation": 180, "texture": "#5"}
			}
		},
		{
			"name": "pillar_n",
			"from": [7.01, -1.232, 3.688],
			"to": [8.99, 0.748, 7.648],
			"rotation": {"angle": 45, "axis": "x", "origin": [8, 0, 7.6425]},
			"faces": {
				"east": {"uv": [1, 1, 4, 7], "rotation": 90, "texture": "#5"},
				"south": {"uv": [4, 3, 8, 7], "texture": "#3", "cullface": "down"},
				"west": {"uv": [1, 1, 4, 7], "rotation": 270, "texture": "#5"},
				"up": {"uv": [4, 1, 1, 7], "texture": "#5"},
				"down": {"uv": [4, 1, 1, 7], "rotation": 180, "texture": "#5"}
			}
		},
		{
			"name": "pillar_s",
			"from": [6.02, -0.0055, 7.6095],
			"to": [8, 3.9545, 9.5895],
			"rotation": {"angle": 45, "axis": "x", "origin": [7.01, 0, 8.3575]},
			"faces": {
				"north": {"uv": [4, 1, 1, 7], "texture": "#5"},
				"east": {"uv": [1, 1, 4, 7], "texture": "#5"},
				"south": {"uv": [4, 1, 1, 7], "texture": "#5"},
				"west": {"uv": [1, 1, 4, 7], "texture": "#5"},
				"down": {"uv": [8, 6, 12, 10], "texture": "#3", "cullface": "down"}
			}
		},
		{
			"name": "pillar_w",
			"from": [6.6855, 0.0055, 7.7525],
			"to": [8.6655, 3.9655, 9.2375],
			"rotation": {"angle": 45, "axis": "z", "origin": [7.45, -0.22, 8.495]},
			"faces": {
				"north": {"uv": [1, 1, 4, 7], "texture": "#5"},
				"east": {"uv": [5, 1, 7, 7], "texture": "#5"},
				"south": {"uv": [1, 1, 4, 7], "texture": "#5"},
				"west": {"uv": [5, 1, 7, 7], "texture": "#5"},
				"down": {"uv": [7, 10, 11, 13], "texture": "#3", "cullface": "down"}
			}
		},
		{
			"name": "pillar_e",
			"from": [7.549, -0.4015, 7.2575],
			"to": [9.529, 3.5585, 8.7425],
			"rotation": {"angle": -45, "axis": "z", "origin": [8.55, -0.4125, 8]},
			"faces": {
				"north": {"uv": [1, 1, 4, 7], "texture": "#5"},
				"east": {"uv": [5, 1, 7, 7], "texture": "#5"},
				"south": {"uv": [1, 1, 4, 7], "texture": "#5"},
				"west": {"uv": [5, 1, 7, 7], "texture": "#5"},
				"down": {"uv": [4, 2, 8, 5], "texture": "#3", "cullface": "down"}
			}
		},
		{
			"name": "spire_0",
			"from": [6.955, 2.2, 6.7625],
			"to": [9.045, 4.29, 9.2375],
			"rotation": {"angle": 45, "axis": "z", "origin": [8, 3.245, 8]},
			"faces": {
				"north": {"uv": [1, 12, 4, 15], "texture": "#2"},
				"east": {"uv": [5, 12, 8, 15], "texture": "#2"},
				"south": {"uv": [1, 12, 4, 15], "rotation": 90, "texture": "#2"},
				"up": {"uv": [5, 12, 8, 15], "rotation": 90, "texture": "#2"}
			}
		},
		{
			"name": "pillar_0",
			"from": [6.52875, -0.55, 6.77625],
			"to": [9.47125, 3.245, 9.22375],
			"rotation": {"angle": 0, "axis": "y", "origin": [8.275, 0.825, 8.275]},
			"faces": {
				"north": {"uv": [1, 1, 5, 7], "texture": "#4"},
				"east": {"uv": [6, 1, 9, 7], "texture": "#4"},
				"south": {"uv": [1, 1, 5, 7], "texture": "#4"},
				"west": {"uv": [6, 1, 9, 7], "texture": "#4"},
				"down": {"uv": [7, 8, 11, 11], "texture": "#3", "cullface": "down"}
			}
		}
	]
}