{
	"credit": "Made with Blockbench",
	"textures": {
		"0": "block/05m_mushroom_warped_fungus_1",
		"2": "block/05m_mushroom_warped_fungus_2",
		"particle": "block/warped_fungus"
	},
	"elements": [
		{
			"name": "cap",
			"from": [3.5, 5, 3.5],
			"to": [12.5, 8.6, 12.5],
			"rotation": {"angle": 22.5, "axis": "y", "origin": [8, 4.65, 8]},
			"faces": {
				"north": {"uv": [6, 11, 16, 15], "texture": "#2"},
				"east": {"uv": [6, 11, 16, 15], "texture": "#0"},
				"south": {"uv": [6, 11, 16, 15], "texture": "#2"},
				"west": {"uv": [6, 11, 16, 15], "texture": "#0"},
				"up": {"uv": [6, 0, 16, 10], "texture": "#0"},
				"down": {"uv": [6, 0, 16, 10], "texture": "#2"}
			}
		},
		{
			"name": "stem",
			"from": [7, 0, 7],
			"to": [9, 5, 9],
			"rotation": {"angle": 22.5, "axis": "y", "origin": [8, 4.65, 8]},
			"faces": {
				"north": {"uv": [5, 0, 3, 5], "texture": "#0"},
				"east": {"uv": [0, 0, 2, 5], "texture": "#0"},
				"south": {"uv": [5, 0, 3, 5], "texture": "#0"},
				"west": {"uv": [0, 0, 2, 5], "texture": "#0"},
				"down": {"uv": [0, 6, 2, 8], "texture": "#0", "cullface": "down"}
			}
		}
	]
}