{
	"format_version": "1.21.6",
	"credit": "Made with Blockbench",
	"textures": {
		"1": "block/05m_sugar_cane",
		"particle": "block/sugar_cane"
	},
	"elements": [
		{
			"from": [7, 0, 6],
			"to": [9, 16, 10],
			"rotation": {"angle": -45, "axis": "y", "origin": [8, 8, 8]},
			"faces": {
				"east": {"uv": [4, 0, 0, 16], "texture": "#1"},
				"west": {"uv": [4, 0, 0, 16], "texture": "#1"}
			}
		},
		{
			"from": [6, 0, 7],
			"to": [10, 16, 9],
			"rotation": {"angle": -45, "axis": "y", "origin": [8, 8, 8]},
			"faces": {
				"north": {"uv": [0, 0, 4, 16], "texture": "#1"},
				"south": {"uv": [0, 0, 4, 16], "texture": "#1"},
				"up": {"uv": [4, 1, 8, 3], "texture": "#1"},
				"down": {"uv": [4, 1, 8, 3], "texture": "#1"}
			}
		},
		{
			"from": [1, 0, 10],
			"to": [5, 16, 12],
			"rotation": {"angle": -22.5, "axis": "y", "origin": [3, 8, 11]},
			"faces": {
				"north": {"uv": [16, 0, 12, 16], "texture": "#particle"},
				"south": {"uv": [16, 0, 12, 16], "texture": "#particle"},
				"up": {"uv": [4, 1, 8, 3], "texture": "#1"},
				"down": {"uv": [4, 1, 8, 3], "texture": "#1"}
			}
		},
		{
			"from": [2, 0, 9],
			"to": [4, 16, 13],
			"rotation": {"angle": -22.5, "axis": "y", "origin": [3, 8, 11]},
			"faces": {
				"east": {"uv": [12, 0, 16, 16], "texture": "#particle"},
				"west": {"uv": [12, 0, 16, 16], "texture": "#particle"}
			}
		},
		{
			"from": [10, 0, 11],
			"to": [12, 16, 15],
			"rotation": {"angle": 22.5, "axis": "y", "origin": [11, 8, 13]},
			"faces": {
				"east": {"uv": [8, 0, 12, 16], "texture": "#particle"},
				"west": {"uv": [8, 0, 12, 16], "texture": "#particle"}
			}
		},
		{
			"from": [9, 0, 12],
			"to": [13, 16, 14],
			"rotation": {"angle": 22.5, "axis": "y", "origin": [11, 8, 13]},
			"faces": {
				"north": {"uv": [12, 0, 8, 16], "texture": "#particle"},
				"south": {"uv": [12, 0, 8, 16], "texture": "#particle"},
				"up": {"uv": [4, 1, 8, 3], "texture": "#1"},
				"down": {"uv": [4, 1, 8, 3], "texture": "#1"}
			}
		},
		{
			"from": [11, 0, 4],
			"to": [15, 16, 6],
			"rotation": {"angle": -22.5, "axis": "y", "origin": [13, 8, 5]},
			"faces": {
				"north": {"uv": [8, 0, 4, 16], "texture": "#particle"},
				"south": {"uv": [8, 0, 4, 16], "texture": "#particle"},
				"up": {"uv": [4, 1, 8, 3], "texture": "#1"},
				"down": {"uv": [4, 1, 8, 3], "texture": "#1"}
			}
		},
		{
			"from": [12, 0, 3],
			"to": [14, 16, 7],
			"rotation": {"angle": -22.5, "axis": "y", "origin": [13, 8, 5]},
			"faces": {
				"east": {"uv": [4, 0, 8, 16], "texture": "#particle"},
				"west": {"uv": [4, 0, 8, 16], "texture": "#particle"}
			}
		},
		{
			"from": [4, 0, 1],
			"to": [6, 16, 5],
			"rotation": {"angle": 22.5, "axis": "y", "origin": [5, 8, 3]},
			"faces": {
				"east": {"uv": [0, 0, 4, 16], "texture": "#particle"},
				"west": {"uv": [0, 0, 4, 16], "texture": "#particle"}
			}
		},
		{
			"from": [3, 0, 2],
			"to": [7, 16, 4],
			"rotation": {"angle": 22.5, "axis": "y", "origin": [5, 8, 3]},
			"faces": {
				"north": {"uv": [4, 0, 0, 16], "texture": "#particle"},
				"south": {"uv": [4, 0, 0, 16], "texture": "#particle"},
				"up": {"uv": [4, 1, 8, 3], "texture": "#1"},
				"down": {"uv": [4, 1, 8, 3], "texture": "#1"}
			}
		}
	]
}