{
	"credit": "Made with Blockbench",
	"textures": {
		"1": "block/05m_brewing_stand",
		"particle": "block/brewing_stand",
		"stand": "block/brewing_stand"
	},
	"elements": [
		{
			"name": "shelf_3",
			"from": [5.15, 13, 11.1],
			"to": [6.15, 16, 12.1],
			"rotation": {"angle": -45, "axis": "y", "origin": [5.65, 9.5, 10.85]},
			"faces": {
				"north": {"uv": [9, 11, 10, 14], "texture": "#1"},
				"east": {"uv": [3, 0, 4, 3], "texture": "#stand"},
				"south": {"uv": [9, 11, 10, 14], "texture": "#1"},
				"west": {"uv": [3, 0, 4, 3], "texture": "#stand"},
				"up": {"uv": [9, 9, 10, 10], "rotation": 90, "texture": "#1"},
				"down": {"uv": [9, 15, 10, 16], "rotation": 270, "texture": "#1"}
			}
		},
		{
			"name": "shelf_2",
			"from": [5.15, 12, 10.1],
			"to": [6.15, 15, 11.1],
			"rotation": {"angle": -45, "axis": "y", "origin": [5.65, 9.5, 10.85]},
			"faces": {
				"north": {"uv": [11, 11, 12, 14], "texture": "#1"},
				"east": {"uv": [4, 1, 5, 4], "texture": "#stand"},
				"south": {"uv": [11, 11, 12, 14], "texture": "#1"},
				"west": {"uv": [4, 1, 5, 4], "texture": "#stand"},
				"up": {"uv": [11, 9, 12, 10], "rotation": 90, "texture": "#1"},
				"down": {"uv": [11, 15, 12, 16], "rotation": 270, "texture": "#1"}
			}
		},
		{
			"name": "shelf_1",
			"from": [5.15, 3, 8.1],
			"to": [6.15, 14, 10.1],
			"rotation": {"angle": -45, "axis": "y", "origin": [5.65, 9.5, 10.85]},
			"faces": {
				"north": {"uv": [15, 3, 16, 14], "texture": "#1"},
				"east": {"uv": [5, 2, 7, 13], "texture": "#stand"},
				"south": {"uv": [13, 3, 14, 14], "texture": "#1"},
				"west": {"uv": [5, 2, 7, 13], "texture": "#stand"},
				"up": {"uv": [13, 1, 15, 2], "rotation": 90, "texture": "#1"},
				"down": {"uv": [13, 15, 15, 16], "rotation": 270, "texture": "#1"}
			}
		},
		{
			"name": "tube_3",
			"from": [5.15, 11, 12.1],
			"to": [6.15, 13, 13.1],
			"rotation": {"angle": -45, "axis": "y", "origin": [5.65, 9.5, 10.85]},
			"faces": {
				"north": {"uv": [9, 3, 10, 5], "texture": "#1"},
				"east": {"uv": [2, 3, 3, 5], "texture": "#stand"},
				"south": {"uv": [9, 3, 10, 5], "texture": "#1"},
				"west": {"uv": [2, 3, 3, 5], "texture": "#stand"},
				"up": {"uv": [9, 1, 10, 2], "rotation": 90, "texture": "#1"},
				"down": {"uv": [9, 6, 10, 7], "rotation": 270, "texture": "#1"}
			}
		},
		{
			"name": "tube_2",
			"from": [5.15, 6, 11.1],
			"to": [6.15, 12, 12.1],
			"rotation": {"angle": -45, "axis": "y", "origin": [5.65, 9.5, 10.85]},
			"faces": {
				"north": {"uv": [7, 10, 8, 16], "texture": "#1"},
				"east": {"uv": [12, 4, 13, 10], "texture": "#stand"},
				"south": {"uv": [7, 10, 8, 16], "texture": "#1"},
				"west": {"uv": [12, 4, 13, 10], "texture": "#stand"},
				"up": {"uv": [7, 1, 8, 2], "rotation": 90, "texture": "#1"},
				"down": {"uv": [7, 3, 8, 4], "rotation": 270, "texture": "#1"}
			}
		}
	]
}