{
	"credit": "Made with Blockbench",
	"ambientocclusion": false,
	"textures": {
		"cross": "block/pointed_dripstone_up_tip_merge",
		"particle": "block/dripstone_block"
	},
	"elements": [
		{
			"from": [6.5, 13, 6.5],
			"to": [8.75, 16, 8.75],
			"rotation": {"angle": 0, "axis": "y", "origin": [7.625, 7.75, 7.625]},
			"faces": {
				"north": {"uv": [9, 0, 6, 3], "texture": "#cross"},
				"east": {"uv": [6, 0, 9, 3], "texture": "#cross"},
				"south": {"uv": [6, 0, 9, 3], "texture": "#cross"},
				"west": {"uv": [9, 0, 6, 3], "texture": "#cross"},
				"up": {"uv": [6, 6, 9, 9], "rotation": 270, "texture": "#particle"}
			}
		},
		{
			"from": [5.75, 12, 5.75],
			"to": [8.75, 13, 8.75],
			"rotation": {"angle": 0, "axis": "y", "origin": [7.625, 7.75, 7.625]},
			"faces": {
				"north": {"uv": [9, 3, 5, 4], "texture": "#cross"},
				"east": {"uv": [5, 3, 9, 4], "texture": "#cross"},
				"south": {"uv": [5, 3, 9, 4], "texture": "#cross"},
				"west": {"uv": [9, 3, 5, 4], "texture": "#cross"},
				"up": {"uv": [5, 5, 9, 9], "rotation": 270, "texture": "#particle"},
				"down": {"uv": [0, 0, 4, 4], "rotation": 90, "texture": "#particle"}
			}
		},
		{
			"from": [5.75, 6, 5.75],
			"to": [9.5, 12, 9.5],
			"rotation": {"angle": 0, "axis": "y", "origin": [7.625, 7.75, 7.625]},
			"faces": {
				"north": {"uv": [10, 4, 5, 10], "texture": "#cross"},
				"east": {"uv": [5, 4, 10, 10], "texture": "#cross"},
				"south": {"uv": [5, 4, 10, 10], "texture": "#cross"},
				"west": {"uv": [10, 4, 5, 10], "texture": "#cross"},
				"up": {"uv": [5, 5, 10, 10], "rotation": 270, "texture": "#particle"}
			}
		},
		{
			"from": [5, 5, 5],
			"to": [9.5, 6, 9.5],
			"rotation": {"angle": 0, "axis": "y", "origin": [7.625, 7.75, 7.625]},
			"faces": {
				"north": {"uv": [10, 10, 4, 11], "texture": "#cross"},
				"east": {"uv": [4, 10, 10, 11], "texture": "#cross"},
				"south": {"uv": [4, 10, 10, 11], "texture": "#cross"},
				"west": {"uv": [10, 10, 4, 11], "texture": "#cross"},
				"up": {"uv": [4, 4, 10, 10], "rotation": 270, "texture": "#particle"}
			}
		},
		{
			"from": [5, 2, 5],
			"to": [10.25, 5, 10.25],
			"rotation": {"angle": 0, "axis": "y", "origin": [7.625, 7.75, 7.625]},
			"faces": {
				"north": {"uv": [11, 11, 4, 14], "texture": "#cross"},
				"east": {"uv": [4, 11, 11, 14], "texture": "#cross"},
				"south": {"uv": [4, 11, 11, 14], "texture": "#cross"},
				"west": {"uv": [11, 11, 4, 14], "texture": "#cross"},
				"up": {"uv": [4, 4, 11, 11], "rotation": 270, "texture": "#particle"}
			}
		},
		{
			"from": [5, 0, 5],
			"to": [11, 2, 11],
			"rotation": {"angle": 0, "axis": "y", "origin": [7.625, 7.75, 7.625]},
			"faces": {
				"north": {"uv": [12, 14, 4, 16], "texture": "#cross"},
				"east": {"uv": [4, 14, 12, 16], "texture": "#cross"},
				"south": {"uv": [4, 14, 12, 16], "texture": "#cross"},
				"west": {"uv": [12, 14, 4, 16], "texture": "#cross"},
				"up": {"uv": [4, 4, 12, 12], "rotation": 270, "texture": "#particle"},
				"down": {"uv": [4, 4, 12, 12], "rotation": 90, "texture": "#particle", "cullface": "down"}
			}
		}
	]
}