{
	"credit": "Made with Blockbench",
	"ambientocclusion": false,
	"textures": {
		"2": "block/05m_amethyst_1",
		"3": "block/amethyst_block",
		"4": "block/05m_amethyst_2",
		"5": "block/05m_amethyst_3",
		"particle": "block/amethyst_block"
	},
	"elements": [
		{
			"name": "bottom_4",
			"from": [5.6235, -0.0175, 4.6589],
			"to": [7.5135, 2.52, 6.5489],
			"rotation": {"angle": -45, "axis": "y", "origin": [5.445, 1.25125, 5.445]},
			"faces": {
				"north": {"uv": [1, 11, 3, 14], "texture": "#3"},
				"south": {"uv": [5, 11, 7, 14], "texture": "#3"},
				"west": {"uv": [3, 11, 5, 14], "texture": "#3"},
				"up": {"uv": [3, 9, 5, 11], "rotation": 90, "texture": "#3"},
				"down": {"uv": [8, 9, 10, 11], "texture": "#3", "cullface": "down"}
			}
		},
		{
			"name": "bottom_3",
			"from": [8.9205, -0.1491, 5.1825],
			"to": [10.8805, 1.8109, 7.0725],
			"rotation": {"angle": 22.5, "axis": "z", "origin": [9.855, 0.945, 6.11]},
			"faces": {
				"north": {"uv": [2, 6, 4, 8], "texture": "#3"},
				"east": {"uv": [0, 6, 2, 8], "texture": "#3"},
				"south": {"uv": [14, 6, 16, 8], "texture": "#3"},
				"west": {"uv": [4, 6, 6, 8], "texture": "#3"},
				"up": {"uv": [1, 4, 3, 6], "rotation": 270, "texture": "#3"},
				"down": {"uv": [0, 8, 2, 10], "rotation": 90, "texture": "#3"}
			}
		},
		{
			"name": "bottom_2",
			"from": [9.2425, 0.5201, 8.8687],
			"to": [10.5025, 1.7801, 12.0187],
			"rotation": {"angle": -22.5, "axis": "x", "origin": [8, 0.63, 8]},
			"faces": {
				"east": {"uv": [8, 1, 9, 4], "rotation": 270, "texture": "#5"},
				"south": {"uv": [8, 5, 9, 6], "texture": "#5"},
				"west": {"uv": [8, 1, 9, 4], "rotation": 90, "texture": "#5"},
				"up": {"uv": [8, 1, 9, 4], "rotation": 180, "texture": "#5"},
				"down": {"uv": [8, 1, 9, 4], "texture": "#5"}
			}
		},
		{
			"name": "bottom_1",
			"from": [6.5461, -0.0175, 8.7224],
			"to": [10.3261, 0.91, 10.6124],
			"rotation": {"angle": -22.5, "axis": "y", "origin": [8, 0.62125, 8]},
			"faces": {
				"east": {"uv": [11, 11, 13, 12], "texture": "#3"},
				"south": {"uv": [7, 11, 11, 12], "texture": "#3"},
				"west": {"uv": [8, 9, 10, 10], "texture": "#3"},
				"up": {"uv": [7, 9, 11, 11], "texture": "#3"},
				"down": {"uv": [3, 2, 9, 5], "texture": "#3", "cullface": "down"}
			}
		},
		{
			"name": "spire_n",
			"from": [6.7225, 3.15, 2.876],
			"to": [9.2775, 4.935, 4.661],
			"rotation": {"angle": 0, "axis": "y", "origin": [8, 4.0425, 3.7685]},
			"faces": {
				"north": {"uv": [8, 8, 11, 10], "texture": "#5"},
				"east": {"uv": [1, 8, 3, 10], "rotation": 90, "texture": "#5"},
				"west": {"uv": [1, 8, 3, 10], "texture": "#5"},
				"up": {"uv": [4, 8, 7, 10], "texture": "#5"}
			}
		},
		{
			"name": "spire_s",
			"from": [5.4625, 3.15, 11.339],
			"to": [8.0175, 4.935, 13.124],
			"rotation": {"angle": 0, "axis": "y", "origin": [6.74, 4.0425, 12.2315]},
			"faces": {
				"east": {"uv": [1, 8, 3, 10], "texture": "#5"},
				"south": {"uv": [8, 8, 11, 10], "texture": "#5"},
				"west": {"uv": [1, 8, 3, 10], "rotation": 90, "texture": "#5"},
				"up": {"uv": [4, 8, 7, 10], "rotation": 180, "texture": "#5"}
			}
		},
		{
			"name": "spire_w",
			"from": [2.848, 3.493, 7.6675],
			"to": [4.633, 5.278, 9.5925],
			"rotation": {"angle": 0, "axis": "y", "origin": [3.7405, 4.3855, 8.63]},
			"faces": {
				"north": {"uv": [1, 8, 3, 10], "rotation": 90, "texture": "#5"},
				"south": {"uv": [1, 8, 3, 10], "texture": "#5"},
				"west": {"uv": [10, 5, 12, 7], "texture": "#5"},
				"up": {"uv": [12, 8, 14, 10], "texture": "#5"}
			}
		},
		{
			"name": "spire_e",
			"from": [11.367, 2.863, 7.0375],
			"to": [13.152, 4.648, 8.9625],
			"rotation": {"angle": 0, "axis": "y", "origin": [12.2595, 3.7555, 8]},
			"faces": {
				"north": {"uv": [1, 8, 3, 10], "texture": "#5"},
				"east": {"uv": [10, 5, 12, 7], "texture": "#5"},
				"south": {"uv": [1, 8, 3, 10], "rotation": 90, "texture": "#5"},
				"up": {"uv": [12, 8, 14, 10], "rotation": 180, "texture": "#5"}
			}
		},
		{
			"name": "pillar_n",
			"from": [6.74, -0.868, 2.512],
			"to": [9.26, 1.652, 7.552],
			"rotation": {"angle": 45, "axis": "x", "origin": [8, 0.7, 7.545]},
			"faces": {
				"east": {"uv": [1, 1, 4, 7], "rotation": 90, "texture": "#5"},
				"south": {"uv": [4, 3, 7, 5], "texture": "#3", "cullface": "down"},
				"west": {"uv": [1, 1, 4, 7], "rotation": 270, "texture": "#5"},
				"up": {"uv": [4, 1, 1, 7], "texture": "#5"},
				"down": {"uv": [4, 1, 1, 7], "rotation": 180, "texture": "#5"}
			}
		},
		{
			"name": "pillar_s",
			"from": [5.48, 0.693, 7.503],
			"to": [8, 5.733, 10.023],
			"rotation": {"angle": 45, "axis": "x", "origin": [6.74, 0.7, 8.455]},
			"faces": {
				"north": {"uv": [4, 1, 1, 7], "texture": "#5"},
				"east": {"uv": [1, 1, 4, 7], "texture": "#5"},
				"south": {"uv": [4, 1, 1, 7], "texture": "#5"},
				"west": {"uv": [1, 1, 4, 7], "texture": "#5"},
				"down": {"uv": [8, 6, 12, 10], "texture": "#3", "cullface": "down"}
			}
		},
		{
			"name": "pillar_w",
			"from": [6.327, 0.707, 7.685],
			"to": [8.847, 5.747, 9.575],
			"rotation": {"angle": 45, "axis": "z", "origin": [7.3, 0.42, 8.63]},
			"faces": {
				"north": {"uv": [1, 1, 4, 7], "texture": "#5"},
				"east": {"uv": [5, 1, 7, 7], "texture": "#5"},
				"south": {"uv": [1, 1, 4, 7], "texture": "#5"},
				"west": {"uv": [5, 1, 7, 7], "texture": "#5"},
				"down": {"uv": [7, 10, 11, 13], "texture": "#3", "cullface": "down"}
			}
		},
		{
			"name": "pillar_e",
			"from": [7.426, 0.189, 7.055],
			"to": [9.946, 5.229, 8.945],
			"rotation": {"angle": -45, "axis": "z", "origin": [8.7, 0.175, 8]},
			"faces": {
				"north": {"uv": [1, 1, 4, 7], "texture": "#5"},
				"east": {"uv": [5, 1, 7, 7], "texture": "#5"},
				"south": {"uv": [1, 1, 4, 7], "texture": "#5"},
				"west": {"uv": [5, 1, 7, 7], "texture": "#5"},
				"down": {"uv": [4, 2, 8, 5], "texture": "#3", "cullface": "down"}
			}
		},
		{
			"name": "spire_0",
			"from": [6.67, 4.2, 6.425],
			"to": [9.33, 6.86, 9.575],
			"rotation": {"angle": 45, "axis": "z", "origin": [8, 5.53, 8]},
			"faces": {
				"north": {"uv": [1, 12, 4, 15], "texture": "#2"},
				"east": {"uv": [5, 12, 8, 15], "texture": "#2"},
				"south": {"uv": [1, 12, 4, 15], "rotation": 90, "texture": "#2"},
				"up": {"uv": [5, 12, 8, 15], "rotation": 90, "texture": "#2"}
			}
		},
		{
			"name": "pillar_0",
			"from": [6.1275, 0, 6.4425],
			"to": [9.8725, 5.53, 9.5575],
			"rotation": {"angle": 0, "axis": "y", "origin": [8.35, 2.45, 8.35]},
			"faces": {
				"north": {"uv": [1, 1, 5, 7], "texture": "#4"},
				"east": {"uv": [6, 1, 9, 7], "texture": "#4"},
				"south": {"uv": [1, 1, 5, 7], "texture": "#4"},
				"west": {"uv": [6, 1, 9, 7], "texture": "#4"},
				"down": {"uv": [7, 8, 11, 11], "texture": "#3", "cullface": "down"}
			}
		}
	]
}