{
	"credit": "Made with Blockbench",
	"textures": {
		"1": "block/05m_brewing_stand",
		"2": "block/05m_brewing_stand_bottle",
		"particle": "block/brewing_stand",
		"stand": "block/brewing_stand"
	},
	"elements": [
		{
			"name": "shelf_3",
			"from": [12, 13, 7.5],
			"to": [13, 16, 8.5],
			"rotation": {"angle": 0, "axis": "y", "origin": [12, 13, 7.5]},
			"faces": {
				"north": {"uv": [3, 0, 4, 3], "texture": "#stand"},
				"east": {"uv": [9, 11, 10, 14], "texture": "#1"},
				"south": {"uv": [3, 0, 4, 3], "texture": "#stand"},
				"west": {"uv": [9, 11, 10, 14], "texture": "#1"},
				"up": {"uv": [9, 9, 10, 10], "texture": "#1"},
				"down": {"uv": [9, 15, 10, 16], "texture": "#1"}
			}
		},
		{
			"name": "shelf_2",
			"from": [11, 12, 7.5],
			"to": [12, 15, 8.5],
			"rotation": {"angle": 0, "axis": "y", "origin": [11, 12, 7.5]},
			"faces": {
				"north": {"uv": [4, 1, 5, 4], "texture": "#stand"},
				"east": {"uv": [11, 11, 12, 14], "texture": "#1"},
				"south": {"uv": [4, 1, 5, 4], "texture": "#stand"},
				"west": {"uv": [11, 11, 12, 14], "texture": "#1"},
				"up": {"uv": [11, 9, 12, 10], "texture": "#1"},
				"down": {"uv": [11, 15, 12, 16], "texture": "#1"}
			}
		},
		{
			"name": "shelf_1",
			"from": [9, 3, 7.5],
			"to": [11, 14, 8.5],
			"rotation": {"angle": 0, "axis": "y", "origin": [9, 3, 7.5]},
			"faces": {
				"north": {"uv": [5, 2, 7, 13], "texture": "#stand"},
				"east": {"uv": [13, 3, 14, 14], "texture": "#1"},
				"south": {"uv": [5, 2, 7, 13], "texture": "#stand"},
				"west": {"uv": [15, 3, 16, 14], "texture": "#1"},
				"up": {"uv": [13, 1, 15, 2], "texture": "#1"},
				"down": {"uv": [13, 15, 15, 16], "texture": "#1"}
			}
		},
		{
			"name": "tube_3",
			"from": [13, 11, 7.5],
			"to": [14, 13, 8.5],
			"rotation": {"angle": 0, "axis": "y", "origin": [13, 11, 7.5]},
			"faces": {
				"north": {"uv": [2, 3, 3, 5], "texture": "#stand"},
				"east": {"uv": [9, 3, 10, 5], "texture": "#1"},
				"south": {"uv": [2, 3, 3, 5], "texture": "#stand"},
				"west": {"uv": [9, 3, 10, 5], "texture": "#1"},
				"up": {"uv": [9, 1, 10, 2], "texture": "#1"},
				"down": {"uv": [9, 6, 10, 7], "texture": "#1"}
			}
		},
		{
			"name": "tube_2",
			"from": [12, 10, 7.5],
			"to": [13, 12, 8.5],
			"rotation": {"angle": 0, "axis": "y", "origin": [12, 10, 7.5]},
			"faces": {
				"north": {"uv": [3, 4, 4, 6], "texture": "#stand"},
				"east": {"uv": [11, 3, 12, 5], "texture": "#1"},
				"south": {"uv": [3, 4, 4, 6], "texture": "#stand"},
				"west": {"uv": [11, 3, 12, 5], "texture": "#1"},
				"up": {"uv": [11, 1, 12, 2], "texture": "#1"},
				"down": {"uv": [11, 6, 12, 7], "texture": "#1"}
			}
		},
		{
			"name": "tube_1",
			"from": [11.5, 9, 7.5],
			"to": [12.5, 10, 8.5],
			"rotation": {"angle": 0, "axis": "y", "origin": [10.5, 9, 7.5]},
			"faces": {
				"north": {"uv": [2, 6, 3, 7], "texture": "#stand"},
				"east": {"uv": [1, 1, 2, 2], "texture": "#1"},
				"south": {"uv": [2, 6, 3, 7], "texture": "#stand"},
				"west": {"uv": [1, 1, 2, 2], "texture": "#1"},
				"up": {"uv": [1, 1, 2, 2], "texture": "#1"}
			}
		},
		{
			"name": "liquid",
			"from": [10.375, 2.65, 6.375],
			"to": [13.625, 5.9, 9.625],
			"rotation": {"angle": 0, "axis": "y", "origin": [12, 3.625, 8]},
			"faces": {
				"north": {"uv": [1, 1, 6, 6], "texture": "#2", "tintindex": 0},
				"east": {"uv": [1, 1, 6, 6], "texture": "#2", "tintindex": 0},
				"south": {"uv": [1, 1, 6, 6], "texture": "#2", "tintindex": 0},
				"west": {"uv": [1, 1, 6, 6], "texture": "#2", "tintindex": 0},
				"up": {"uv": [1, 1, 6, 6], "texture": "#2", "tintindex": 0},
				"down": {"uv": [1, 1, 6, 6], "texture": "#2", "tintindex": 0}
			}
		},
		{
			"from": [11.025, 7.2, 7.025],
			"to": [12.975, 9.15, 8.975],
			"rotation": {"angle": 0, "axis": "y", "origin": [12, 7.525, 8]},
			"faces": {
				"north": {"uv": [9, 13, 12, 16], "texture": "#2"},
				"east": {"uv": [9, 13, 12, 16], "texture": "#2"},
				"south": {"uv": [9, 13, 12, 16], "texture": "#2"},
				"west": {"uv": [9, 13, 12, 16], "texture": "#2"},
				"up": {"uv": [13, 13, 16, 16], "texture": "#2"},
				"down": {"uv": [13, 13, 16, 16], "texture": "#2"}
			}
		},
		{
			"from": [10.375, 7.2, 6.375],
			"to": [13.625, 8.5, 9.625],
			"rotation": {"angle": 0, "axis": "y", "origin": [12, 7.525, 8]},
			"faces": {
				"north": {"uv": [8, 1, 10, 6], "rotation": 270, "texture": "#2"},
				"east": {"uv": [8, 1, 10, 6], "rotation": 270, "texture": "#2"},
				"south": {"uv": [8, 1, 10, 6], "rotation": 270, "texture": "#2"},
				"west": {"uv": [8, 1, 10, 6], "rotation": 270, "texture": "#2"},
				"up": {"uv": [11, 1, 16, 6], "texture": "#2"},
				"down": {"uv": [11, 7, 16, 12], "texture": "#2"}
			}
		},
		{
			"from": [11.025, 6.55, 7.025],
			"to": [12.975, 7.2, 8.975],
			"rotation": {"angle": 0, "axis": "y", "origin": [12, 7.525, 8]},
			"faces": {
				"north": {"uv": [9, 7, 10, 10], "rotation": 270, "texture": "#2"},
				"east": {"uv": [9, 7, 10, 10], "rotation": 270, "texture": "#2"},
				"south": {"uv": [9, 7, 10, 10], "rotation": 270, "texture": "#2"},
				"west": {"uv": [9, 7, 10, 10], "rotation": 270, "texture": "#2"}
			}
		},
		{
			"from": [9.725, 2, 5.725],
			"to": [14.275, 6.55, 10.275],
			"rotation": {"angle": 0, "axis": "y", "origin": [12, 3.3, 8]},
			"faces": {
				"north": {"uv": [1, 8, 8, 15], "texture": "#2"},
				"east": {"uv": [1, 8, 8, 15], "texture": "#2"},
				"south": {"uv": [1, 8, 8, 15], "texture": "#2"},
				"west": {"uv": [1, 8, 8, 15], "texture": "#2"},
				"up": {"uv": [1, 8, 8, 15], "texture": "#2"},
				"down": {"uv": [1, 8, 8, 15], "texture": "#2"}
			}
		}
	],
	"groups": [
		0,
		1,
		2,
		3,
		4,
		5,
		{
			"name": "group",
			"origin": [8, 10.5, 8],
			"color": 0,
			"children": [6, 7, 8, 9, 10]
		}
	]
}