{
	"credit": "Made with Blockbench",
	"ambientocclusion": false,
	"textures": {
		"2": "block/05m_amethyst_1",
		"3": "block/amethyst_block",
		"4": "block/05m_amethyst_2",
		"5": "block/05m_amethyst_3",
		"particle": "block/amethyst_block"
	},
	"elements": [
		{
			"name": "bottom_4",
			"from": [8.43225, -0.01375, 9.19015],
			"to": [9.91725, 1.98, 10.67515],
			"rotation": {"angle": -45, "axis": "y", "origin": [10.0575, 0.98313, 10.0575]},
			"faces": {
				"north": {"uv": [5, 11, 7, 14], "texture": "#3"},
				"east": {"uv": [3, 11, 5, 14], "texture": "#3"},
				"south": {"uv": [1, 11, 3, 14], "texture": "#3"},
				"up": {"uv": [3, 9, 5, 11], "rotation": 270, "texture": "#3"},
				"down": {"uv": [8, 9, 10, 11], "rotation": 180, "texture": "#3", "cullface": "down"}
			}
		},
		{
			"name": "bottom_3",
			"from": [5.78675, -0.11715, 8.77875],
			"to": [7.32675, 1.42285, 10.26375],
			"rotation": {"angle": -22.5, "axis": "z", "origin": [6.5925, 0.7425, 9.535]},
			"faces": {
				"north": {"uv": [14, 6, 16, 8], "texture": "#3"},
				"east": {"uv": [4, 6, 6, 8], "texture": "#3"},
				"south": {"uv": [2, 6, 4, 8], "texture": "#3"},
				"west": {"uv": [0, 6, 2, 8], "texture": "#3"},
				"up": {"uv": [1, 4, 3, 6], "rotation": 90, "texture": "#3"},
				"down": {"uv": [0, 8, 2, 10], "rotation": 270, "texture": "#3"}
			}
		},
		{
			"name": "bottom_2",
			"from": [6.08375, 0.40865, 4.89245],
			"to": [7.07375, 1.39865, 7.36745],
			"rotation": {"angle": 22.5, "axis": "x", "origin": [8.05, 0.495, 8.05]},
			"faces": {
				"north": {"uv": [8, 5, 9, 6], "texture": "#5"},
				"east": {"uv": [8, 1, 9, 4], "rotation": 90, "texture": "#5"},
				"west": {"uv": [8, 1, 9, 4], "rotation": 270, "texture": "#5"},
				"up": {"uv": [8, 1, 9, 4], "texture": "#5"},
				"down": {"uv": [8, 1, 9, 4], "rotation": 180, "texture": "#5"}
			}
		},
		{
			"name": "bottom_1",
			"from": [6.22235, -0.01375, 5.9974],
			"to": [9.19235, 0.74, 7.4824],
			"rotation": {"angle": -22.5, "axis": "y", "origin": [8.05, 0.48813, 8.05]},
			"faces": {
				"north": {"uv": [6, 11, 10, 12], "texture": "#3"},
				"east": {"uv": [7, 9, 9, 10], "texture": "#3"},
				"west": {"uv": [10, 11, 12, 12], "texture": "#3"},
				"up": {"uv": [6, 9, 10, 11], "rotation": 180, "texture": "#3"},
				"down": {"uv": [3, 2, 9, 5], "rotation": 180, "texture": "#3", "cullface": "down"}
			}
		},
		{
			"name": "spire_n",
			"from": [7.04625, 1.925, 10.6735],
			"to": [9.05375, 3.3275, 12.076],
			"rotation": {"angle": 0, "axis": "y", "origin": [8.05, 2.62625, 11.37475]},
			"faces": {
				"east": {"uv": [1, 8, 3, 10], "texture": "#5"},
				"south": {"uv": [8, 8, 11, 10], "texture": "#5"},
				"west": {"uv": [1, 8, 3, 10], "rotation": 90, "texture": "#5"},
				"up": {"uv": [4, 8, 7, 10], "rotation": 180, "texture": "#5"}
			}
		},
		{
			"name": "spire_s",
			"from": [8.03625, 1.925, 4.024],
			"to": [10.04375, 3.3275, 5.4265],
			"rotation": {"angle": 0, "axis": "y", "origin": [9.04, 2.62625, 4.72525]},
			"faces": {
				"north": {"uv": [8, 8, 11, 10], "texture": "#5"},
				"east": {"uv": [1, 8, 3, 10], "rotation": 90, "texture": "#5"},
				"west": {"uv": [1, 8, 3, 10], "texture": "#5"},
				"up": {"uv": [4, 8, 7, 10], "texture": "#5"}
			}
		},
		{
			"name": "spire_w",
			"from": [10.6955, 2.1945, 6.79875],
			"to": [12.098, 3.597, 8.31125],
			"rotation": {"angle": 0, "axis": "y", "origin": [11.39675, 2.89575, 7.555]},
			"faces": {
				"north": {"uv": [1, 8, 3, 10], "texture": "#5"},
				"east": {"uv": [10, 5, 12, 7], "texture": "#5"},
				"south": {"uv": [1, 8, 3, 10], "rotation": 90, "texture": "#5"},
				"up": {"uv": [12, 8, 14, 10], "rotation": 180, "texture": "#5"}
			}
		},
		{
			"name": "spire_e",
			"from": [4.002, 1.6995, 7.29375],
			"to": [5.4045, 3.102, 8.80625],
			"rotation": {"angle": 0, "axis": "y", "origin": [4.70325, 2.40075, 8.05]},
			"faces": {
				"north": {"uv": [1, 8, 3, 10], "rotation": 90, "texture": "#5"},
				"south": {"uv": [1, 8, 3, 10], "texture": "#5"},
				"west": {"uv": [10, 5, 12, 7], "texture": "#5"},
				"up": {"uv": [12, 8, 14, 10], "texture": "#5"}
			}
		},
		{
			"name": "pillar_n",
			"from": [7.06, -1.232, 8.402],
			"to": [9.04, 0.748, 12.362],
			"rotation": {"angle": -45, "axis": "x", "origin": [8.05, 0, 8.4075]},
			"faces": {
				"north": {"uv": [4, 3, 8, 7], "texture": "#3", "cullface": "down"},
				"east": {"uv": [1, 1, 4, 7], "rotation": 270, "texture": "#5"},
				"west": {"uv": [1, 1, 4, 7], "rotation": 90, "texture": "#5"},
				"up": {"uv": [4, 1, 1, 7], "rotation": 180, "texture": "#5"},
				"down": {"uv": [4, 1, 1, 7], "texture": "#5"}
			}
		},
		{
			"name": "pillar_s",
			"from": [8.05, -0.0055, 6.4605],
			"to": [10.03, 3.9545, 8.4405],
			"rotation": {"angle": -45, "axis": "x", "origin": [9.04, 0, 7.6925]},
			"faces": {
				"north": {"uv": [4, 1, 1, 7], "texture": "#5"},
				"east": {"uv": [1, 1, 4, 7], "texture": "#5"},
				"south": {"uv": [4, 1, 1, 7], "texture": "#5"},
				"west": {"uv": [1, 1, 4, 7], "texture": "#5"},
				"down": {"uv": [8, 6, 12, 10], "rotation": 180, "texture": "#3", "cullface": "down"}
			}
		},
		{
			"name": "pillar_w",
			"from": [7.3845, 0.0055, 6.8125],
			"to": [9.3645, 3.9655, 8.2975],
			"rotation": {"angle": -45, "axis": "z", "origin": [8.6, -0.22, 7.555]},
			"faces": {
				"north": {"uv": [1, 1, 4, 7], "texture": "#5"},
				"east": {"uv": [5, 1, 7, 7], "texture": "#5"},
				"south": {"uv": [1, 1, 4, 7], "texture": "#5"},
				"west": {"uv": [5, 1, 7, 7], "texture": "#5"},
				"down": {"uv": [7, 10, 11, 13], "rotation": 180, "texture": "#3", "cullface": "down"}
			}
		},
		{
			"name": "pillar_e",
			"from": [6.521, -0.4015, 7.3075],
			"to": [8.501, 3.5585, 8.7925],
			"rotation": {"angle": 45, "axis": "z", "origin": [7.5, -0.4125, 8.05]},
			"faces": {
				"north": {"uv": [1, 1, 4, 7], "texture": "#5"},
				"east": {"uv": [5, 1, 7, 7], "texture": "#5"},
				"south": {"uv": [1, 1, 4, 7], "texture": "#5"},
				"west": {"uv": [5, 1, 7, 7], "texture": "#5"},
				"down": {"uv": [4, 2, 8, 5], "rotation": 180, "texture": "#3", "cullface": "down"}
			}
		},
		{
			"name": "spire_0",
			"from": [7.005, 2.2, 6.8125],
			"to": [9.095, 4.29, 9.2875],
			"rotation": {"angle": -45, "axis": "z", "origin": [8.05, 3.245, 8.05]},
			"faces": {
				"north": {"uv": [1, 12, 4, 15], "rotation": 90, "texture": "#2"},
				"south": {"uv": [1, 12, 4, 15], "texture": "#2"},
				"west": {"uv": [5, 12, 8, 15], "texture": "#2"},
				"up": {"uv": [5, 12, 8, 15], "rotation": 270, "texture": "#2"}
			}
		},
		{
			"name": "pillar_0",
			"from": [6.57875, -0.55, 6.82625],
			"to": [9.52125, 3.245, 9.27375],
			"rotation": {"angle": 0, "axis": "y", "origin": [7.775, 0.825, 7.775]},
			"faces": {
				"north": {"uv": [1, 1, 5, 7], "texture": "#4"},
				"east": {"uv": [6, 1, 9, 7], "texture": "#4"},
				"south": {"uv": [1, 1, 5, 7], "texture": "#4"},
				"west": {"uv": [6, 1, 9, 7], "texture": "#4"},
				"down": {"uv": [7, 8, 11, 11], "rotation": 180, "texture": "#3", "cullface": "down"}
			}
		}
	]
}