{
	"credit": "Made with Blockbench",
	"ambientocclusion": false,
	"textures": {
		"cross": "block/pointed_dripstone_down_middle",
		"particle": "block/dripstone_block"
	},
	"elements": [
		{
			"from": [3.5, 12, 3.5],
			"to": [12.5, 16, 12.5],
			"rotation": {"angle": 0, "axis": "y", "origin": [8, 7.5, 8]},
			"faces": {
				"north": {"uv": [2, 0, 14, 4], "texture": "#cross"},
				"east": {"uv": [14, 0, 2, 4], "texture": "#cross"},
				"south": {"uv": [14, 0, 2, 4], "texture": "#cross"},
				"west": {"uv": [2, 0, 14, 4], "texture": "#cross"},
				"up": {"uv": [2, 2, 14, 14], "texture": "#particle", "cullface": "up"},
				"down": {"uv": [2, 2, 14, 14], "texture": "#particle"}
			}
		},
		{
			"from": [4.25, 9, 3.5],
			"to": [12.5, 12, 11.75],
			"rotation": {"angle": 0, "axis": "y", "origin": [8, 7.5, 8]},
			"faces": {
				"north": {"uv": [2, 4, 13, 7], "texture": "#cross"},
				"east": {"uv": [13, 4, 2, 7], "texture": "#cross"},
				"south": {"uv": [13, 4, 2, 7], "texture": "#cross"},
				"west": {"uv": [2, 4, 13, 7], "texture": "#cross"}
			}
		},
		{
			"from": [3.5, 5, 3.5],
			"to": [12.5, 9, 12.5],
			"rotation": {"angle": 0, "axis": "y", "origin": [8, 7.5, 8]},
			"faces": {
				"north": {"uv": [2, 7, 14, 11], "texture": "#cross"},
				"east": {"uv": [14, 7, 2, 11], "texture": "#cross"},
				"south": {"uv": [14, 7, 2, 11], "texture": "#cross"},
				"west": {"uv": [2, 7, 14, 11], "texture": "#cross"},
				"up": {"uv": [2, 2, 14, 14], "texture": "#particle"},
				"down": {"uv": [2, 2, 14, 14], "texture": "#particle"}
			}
		},
		{
			"from": [3.5, 2, 4.25],
			"to": [11.75, 5, 12.5],
			"rotation": {"angle": 0, "axis": "y", "origin": [8, 7.5, 8]},
			"faces": {
				"north": {"uv": [3, 11, 14, 14], "texture": "#cross"},
				"east": {"uv": [14, 11, 3, 14], "texture": "#cross"},
				"south": {"uv": [14, 11, 3, 14], "texture": "#cross"},
				"west": {"uv": [3, 11, 14, 14], "texture": "#cross"}
			}
		},
		{
			"from": [3.5, 0, 3.5],
			"to": [12.5, 2, 12.5],
			"rotation": {"angle": 0, "axis": "y", "origin": [8, 7.5, 8]},
			"faces": {
				"north": {"uv": [2, 14, 14, 16], "texture": "#cross"},
				"east": {"uv": [14, 14, 2, 16], "texture": "#cross"},
				"south": {"uv": [14, 14, 2, 16], "texture": "#cross"},
				"west": {"uv": [2, 14, 14, 16], "texture": "#cross"},
				"up": {"uv": [2, 2, 14, 14], "texture": "#particle"},
				"down": {"uv": [2, 2, 14, 14], "texture": "#particle", "cullface": "down"}
			}
		}
	]
}