{
	"credit": "Made with Blockbench",
	"ambientocclusion": false,
	"textures": {
		"cross": "block/pointed_dripstone_down_frustum",
		"particle": "block/dripstone_block"
	},
	"elements": [
		{
			"from": [3.5, 11, 3.5],
			"to": [12.5, 16, 12.5],
			"rotation": {"angle": 0, "axis": "y", "origin": [7.8125, 7.25, 8.1875]},
			"faces": {
				"north": {"uv": [2, 0, 14, 5], "texture": "#cross"},
				"east": {"uv": [14, 0, 2, 5], "texture": "#cross"},
				"south": {"uv": [14, 0, 2, 5], "texture": "#cross"},
				"west": {"uv": [2, 0, 14, 5], "texture": "#cross"},
				"up": {"uv": [2, 2, 14, 14], "texture": "#particle", "cullface": "up"},
				"down": {"uv": [2, 2, 14, 14], "texture": "#particle"}
			}
		},
		{
			"from": [3.5, 8, 4.25],
			"to": [11.75, 11, 12.5],
			"rotation": {"angle": 0, "axis": "y", "origin": [7.8125, 7.25, 8.1875]},
			"faces": {
				"north": {"uv": [3, 5, 14, 8], "texture": "#cross"},
				"east": {"uv": [14, 5, 3, 8], "texture": "#cross"},
				"south": {"uv": [14, 5, 3, 8], "texture": "#cross"},
				"west": {"uv": [3, 5, 14, 8], "texture": "#cross"},
				"down": {"uv": [2, 2, 13, 13], "texture": "#particle"}
			}
		},
		{
			"from": [4.25, 5, 4.25],
			"to": [11.75, 8, 11.75],
			"rotation": {"angle": 0, "axis": "y", "origin": [7.8125, 7.25, 8.1875]},
			"faces": {
				"north": {"uv": [3, 8, 13, 11], "texture": "#cross"},
				"east": {"uv": [13, 8, 3, 11], "texture": "#cross"},
				"south": {"uv": [13, 8, 3, 11], "texture": "#cross"},
				"west": {"uv": [3, 8, 13, 11], "texture": "#cross"},
				"down": {"uv": [3, 3, 13, 13], "texture": "#particle"}
			}
		},
		{
			"from": [4.25, 2, 5],
			"to": [11, 5, 11.75],
			"rotation": {"angle": 0, "axis": "y", "origin": [7.8125, 7.25, 8.1875]},
			"faces": {
				"north": {"uv": [4, 11, 13, 14], "texture": "#cross"},
				"east": {"uv": [13, 11, 4, 14], "texture": "#cross"},
				"south": {"uv": [13, 11, 4, 14], "texture": "#cross"},
				"west": {"uv": [4, 11, 13, 14], "texture": "#cross"},
				"down": {"uv": [3, 3, 12, 12], "texture": "#particle"}
			}
		},
		{
			"from": [5, 0, 5],
			"to": [11, 2, 11],
			"rotation": {"angle": 0, "axis": "y", "origin": [7.8125, 7.25, 8.1875]},
			"faces": {
				"north": {"uv": [4, 14, 12, 16], "texture": "#cross"},
				"east": {"uv": [12, 14, 4, 16], "texture": "#cross"},
				"south": {"uv": [12, 14, 4, 16], "texture": "#cross"},
				"west": {"uv": [4, 14, 12, 16], "texture": "#cross"},
				"down": {"uv": [4, 4, 12, 12], "texture": "#particle", "cullface": "down"}
			}
		}
	]
}