{
	"credit": "Made with Blockbench",
	"ambientocclusion": false,
	"textures": {
		"1": "block/05m_potatoes",
		"particle": "block/potatoes_stage1",
		"crop": "block/potatoes_stage1"
	},
	"elements": [
		{
			"from": [6.5, -1, 2.5],
			"to": [9.5, 0, 5.5],
			"rotation": {"angle": 22.5, "axis": "y", "origin": [8, 0, 4]},
			"faces": {
				"north": {"uv": [6, 4, 9, 5], "texture": "#1"},
				"east": {"uv": [6, 6, 9, 7], "texture": "#1"},
				"south": {"uv": [6, 4, 9, 5], "texture": "#1"},
				"west": {"uv": [6, 6, 9, 7], "texture": "#1"},
				"up": {"uv": [11, 4, 14, 7], "texture": "#1"}
			}
		},
		{
			"from": [6.5, -1, 10.5],
			"to": [9.5, 0, 13.5],
			"rotation": {"angle": 0, "axis": "y", "origin": [8, 0, 12]},
			"faces": {
				"north": {"uv": [6, 4, 9, 5], "texture": "#1"},
				"east": {"uv": [6, 6, 9, 7], "texture": "#1"},
				"south": {"uv": [6, 4, 9, 5], "texture": "#1"},
				"west": {"uv": [6, 6, 9, 7], "texture": "#1"},
				"up": {"uv": [11, 4, 14, 7], "rotation": 180, "texture": "#1"}
			}
		},
		{
			"from": [10.5, -1, 6.5],
			"to": [13.5, 0, 9.5],
			"rotation": {"angle": -22.5, "axis": "y", "origin": [12, 0, 8]},
			"faces": {
				"north": {"uv": [6, 6, 9, 7], "texture": "#1"},
				"east": {"uv": [6, 4, 9, 5], "texture": "#1"},
				"south": {"uv": [6, 6, 9, 7], "texture": "#1"},
				"west": {"uv": [6, 4, 9, 5], "texture": "#1"},
				"up": {"uv": [11, 4, 14, 7], "rotation": 90, "texture": "#1"}
			}
		},
		{
			"from": [2.5, -1, 6.5],
			"to": [5.5, 0, 9.5],
			"rotation": {"angle": 45, "axis": "y", "origin": [4, 0, 8]},
			"faces": {
				"north": {"uv": [6, 6, 9, 7], "texture": "#1"},
				"east": {"uv": [6, 4, 9, 5], "texture": "#1"},
				"south": {"uv": [6, 6, 9, 7], "texture": "#1"},
				"west": {"uv": [6, 4, 9, 5], "texture": "#1"},
				"up": {"uv": [11, 4, 14, 7], "rotation": 270, "texture": "#1"}
			}
		},
		{
			"from": [4, -1, 0],
			"to": [4, 15, 16],
			"shade": false,
			"faces": {
				"east": {"uv": [16, 0, 0, 16], "texture": "#crop"},
				"west": {"uv": [0, 0, 16, 16], "texture": "#crop"}
			}
		},
		{
			"from": [12, -1, 0],
			"to": [12, 15, 16],
			"shade": false,
			"faces": {
				"east": {"uv": [0, 0, 16, 16], "texture": "#crop"},
				"west": {"uv": [16, 0, 0, 16], "texture": "#crop"}
			}
		},
		{
			"from": [0, -1, 4],
			"to": [16, 15, 4],
			"shade": false,
			"faces": {
				"north": {"uv": [0, 0, 16, 16], "texture": "#crop"},
				"south": {"uv": [16, 0, 0, 16], "texture": "#crop"}
			}
		},
		{
			"from": [0, -1, 12],
			"to": [16, 15, 12],
			"shade": false,
			"faces": {
				"north": {"uv": [16, 0, 0, 16], "texture": "#crop"},
				"south": {"uv": [0, 0, 16, 16], "texture": "#crop"}
			}
		}
	],
	"groups": [
		{
			"name": "group",
			"origin": [4, 0, 8],
			"color": 0,
			"children": [0, 1, 2, 3]
		},
		4,
		5,
		6,
		7
	]
}