{
	"credit": "Made with Blockbench",
	"ambientocclusion": false,
	"textures": {
		"2": "block/05m_potatoes",
		"particle": "block/potatoes_stage2",
		"crop": "block/potatoes_stage2"
	},
	"elements": [
		{
			"from": [10.5, -1, 2],
			"to": [13.5, 0, 5],
			"rotation": {"angle": 0, "axis": "y", "origin": [12, -0.2, 3.5]},
			"faces": {
				"north": {"uv": [6, 4, 9, 5], "texture": "#2"},
				"east": {"uv": [6, 6, 9, 7], "texture": "#2"},
				"south": {"uv": [6, 4, 9, 5], "texture": "#2"},
				"west": {"uv": [6, 6, 9, 7], "texture": "#2"},
				"up": {"uv": [11, 4, 14, 7], "texture": "#2"}
			}
		},
		{
			"from": [2, -1, 2.5],
			"to": [5, 0, 5.5],
			"rotation": {"angle": 0, "axis": "y", "origin": [3.5, -0.2, 4]},
			"faces": {
				"north": {"uv": [6, 6, 9, 7], "texture": "#2"},
				"east": {"uv": [6, 4, 9, 5], "texture": "#2"},
				"south": {"uv": [6, 6, 9, 7], "texture": "#2"},
				"west": {"uv": [6, 4, 9, 5], "texture": "#2"},
				"up": {"uv": [11, 4, 14, 7], "rotation": 90, "texture": "#2"}
			}
		},
		{
			"from": [11, -1, 10.5],
			"to": [14, 0, 13.5],
			"rotation": {"angle": 0, "axis": "y", "origin": [12.5, -0.2, 12]},
			"faces": {
				"north": {"uv": [6, 6, 9, 7], "texture": "#2"},
				"east": {"uv": [6, 4, 9, 5], "texture": "#2"},
				"south": {"uv": [6, 6, 9, 7], "texture": "#2"},
				"west": {"uv": [6, 4, 9, 5], "texture": "#2"},
				"up": {"uv": [11, 4, 14, 7], "rotation": 270, "texture": "#2"}
			}
		},
		{
			"from": [2.5, -1, 11],
			"to": [5.5, 0, 14],
			"rotation": {"angle": -22.5, "axis": "y", "origin": [4, -0.2, 12.5]},
			"faces": {
				"north": {"uv": [6, 4, 9, 5], "texture": "#2"},
				"east": {"uv": [6, 6, 9, 7], "texture": "#2"},
				"south": {"uv": [6, 4, 9, 5], "texture": "#2"},
				"west": {"uv": [6, 6, 9, 7], "texture": "#2"},
				"up": {"uv": [11, 4, 14, 7], "rotation": 180, "texture": "#2"}
			}
		},
		{
			"from": [6.4, -1, 2.4],
			"to": [9.6, 0.6, 5.6],
			"rotation": {"angle": 22.5, "axis": "y", "origin": [8, 0, 4]},
			"faces": {
				"north": {"uv": [6, 1, 10, 3], "texture": "#2"},
				"east": {"uv": [11, 1, 15, 3], "texture": "#2"},
				"south": {"uv": [6, 1, 10, 3], "texture": "#2"},
				"west": {"uv": [1, 1, 5, 3], "texture": "#2"},
				"up": {"uv": [1, 4, 5, 8], "texture": "#2"}
			}
		},
		{
			"from": [6.4, -1, 10.4],
			"to": [9.6, 0.6, 13.6],
			"rotation": {"angle": 0, "axis": "y", "origin": [8, 0, 12]},
			"faces": {
				"north": {"uv": [6, 1, 10, 3], "texture": "#2"},
				"east": {"uv": [1, 1, 5, 3], "texture": "#2"},
				"south": {"uv": [6, 1, 10, 3], "texture": "#2"},
				"west": {"uv": [11, 1, 15, 3], "texture": "#2"},
				"up": {"uv": [1, 4, 5, 8], "rotation": 180, "texture": "#2"}
			}
		},
		{
			"from": [10.4, -1, 6.4],
			"to": [13.6, 0.6, 9.6],
			"rotation": {"angle": -22.5, "axis": "y", "origin": [12, 0, 8]},
			"faces": {
				"north": {"uv": [1, 1, 5, 3], "texture": "#2"},
				"east": {"uv": [6, 1, 10, 3], "texture": "#2"},
				"south": {"uv": [11, 1, 15, 3], "texture": "#2"},
				"west": {"uv": [6, 1, 10, 3], "texture": "#2"},
				"up": {"uv": [1, 4, 5, 8], "rotation": 90, "texture": "#2"}
			}
		},
		{
			"from": [2.4, -1, 6.4],
			"to": [5.6, 0.6, 9.6],
			"rotation": {"angle": 45, "axis": "y", "origin": [4, 0, 8]},
			"faces": {
				"north": {"uv": [11, 1, 15, 3], "texture": "#2"},
				"east": {"uv": [6, 1, 10, 3], "texture": "#2"},
				"south": {"uv": [1, 1, 5, 3], "texture": "#2"},
				"west": {"uv": [6, 1, 10, 3], "texture": "#2"},
				"up": {"uv": [1, 4, 5, 8], "rotation": 270, "texture": "#2"}
			}
		},
		{
			"from": [4, 0, 0],
			"to": [4, 15, 16],
			"shade": false,
			"faces": {
				"east": {"uv": [16, 0, 0, 15], "texture": "#crop"},
				"west": {"uv": [0, 0, 16, 15], "texture": "#crop"}
			}
		},
		{
			"from": [12, 0, 0],
			"to": [12, 15, 16],
			"shade": false,
			"faces": {
				"east": {"uv": [0, 0, 16, 15], "texture": "#crop"},
				"west": {"uv": [16, 0, 0, 15], "texture": "#crop"}
			}
		},
		{
			"from": [0, 0, 4],
			"to": [16, 15, 4],
			"shade": false,
			"faces": {
				"north": {"uv": [0, 0, 16, 15], "texture": "#crop"},
				"south": {"uv": [16, 0, 0, 15], "texture": "#crop"}
			}
		},
		{
			"from": [0, 0, 12],
			"to": [16, 15, 12],
			"shade": false,
			"faces": {
				"north": {"uv": [16, 0, 0, 15], "texture": "#crop"},
				"south": {"uv": [0, 0, 16, 15], "texture": "#crop"}
			}
		}
	],
	"groups": [
		{
			"name": "group",
			"origin": [0, 0, 0],
			"color": 0,
			"children": [0, 1, 2, 3, 4, 5, 6, 7]
		},
		8,
		9,
		10,
		11
	]
}