{
	"credit": "Made with Blockbench",
	"ambientocclusion": false,
	"textures": {
		"0": "block/05m_ladder_front",
		"1": "block/05m_ladder_back",
		"particle": "block/05m_ladder_front"
	},
	"elements": [
		{
			"name": "stick_left",
			"from": [12, 0, 14],
			"to": [14, 16, 16],
			"rotation": {"angle": 0, "axis": "y", "origin": [16, 0, 13.75]},
			"faces": {
				"north": {"uv": [12, 0, 14, 16], "texture": "#1"},
				"east": {"uv": [2, 0, 4, 16], "texture": "#1"},
				"south": {"uv": [2, 0, 4, 16], "rotation": 180, "texture": "#1"},
				"west": {"uv": [2, 0, 4, 16], "texture": "#1"},
				"up": {"uv": [5, 4, 7, 6], "rotation": 180, "texture": "#1", "cullface": "up"},
				"down": {"uv": [9, 10, 11, 12], "texture": "#1", "cullface": "down"}
			}
		},
		{
			"name": "stick_right",
			"from": [2, 0, 14],
			"to": [4, 16, 16],
			"rotation": {"angle": 0, "axis": "y", "origin": [16, 0, 13.75]},
			"faces": {
				"north": {"uv": [2, 0, 4, 16], "texture": "#1"},
				"east": {"uv": [12, 0, 14, 16], "texture": "#1"},
				"south": {"uv": [12, 0, 14, 16], "rotation": 180, "texture": "#1"},
				"west": {"uv": [12, 0, 14, 16], "texture": "#1"},
				"up": {"uv": [9, 4, 11, 6], "rotation": 180, "texture": "#1", "cullface": "up"},
				"down": {"uv": [5, 10, 7, 12], "texture": "#1", "cullface": "down"}
			}
		},
		{
			"name": "stick_1",
			"from": [1, 1, 13],
			"to": [15, 3, 15],
			"rotation": {"angle": 0, "axis": "y", "origin": [16, 0, 12.75]},
			"faces": {
				"north": {"uv": [1, 13, 15, 15], "texture": "#0"},
				"east": {"uv": [5, 4, 7, 6], "rotation": 270, "texture": "#1"},
				"south": {"uv": [1, 1, 15, 3], "rotation": 180, "texture": "#0", "cullface": "south"},
				"west": {"uv": [9, 7, 11, 9], "rotation": 90, "texture": "#1"},
				"up": {"uv": [1, 9, 15, 11], "texture": "#0"},
				"down": {"uv": [1, 5, 15, 7], "texture": "#0"}
			}
		},
		{
			"name": "stick_2",
			"from": [1, 5, 13],
			"to": [15, 7, 15],
			"rotation": {"angle": 0, "axis": "y", "origin": [16, 0, 12.75]},
			"faces": {
				"north": {"uv": [1, 9, 15, 11], "texture": "#0"},
				"east": {"uv": [5, 7, 7, 9], "rotation": 270, "texture": "#1"},
				"south": {"uv": [1, 5, 15, 7], "rotation": 180, "texture": "#0", "cullface": "south"},
				"west": {"uv": [9, 10, 11, 12], "rotation": 90, "texture": "#1"},
				"up": {"uv": [1, 1, 15, 3], "texture": "#0"},
				"down": {"uv": [1, 13, 15, 15], "texture": "#0"}
			}
		},
		{
			"name": "stick_3",
			"from": [1, 9, 13],
			"to": [15, 11, 15],
			"rotation": {"angle": 0, "axis": "y", "origin": [16, 0, 12.75]},
			"faces": {
				"north": {"uv": [1, 5, 15, 7], "texture": "#0"},
				"east": {"uv": [5, 10, 7, 12], "rotation": 270, "texture": "#1"},
				"south": {"uv": [1, 9, 15, 11], "rotation": 180, "texture": "#0", "cullface": "south"},
				"west": {"uv": [9, 7, 11, 9], "rotation": 90, "texture": "#1"},
				"up": {"uv": [1, 13, 15, 15], "texture": "#0"},
				"down": {"uv": [1, 1, 15, 3], "texture": "#0"}
			}
		},
		{
			"name": "stick_4",
			"from": [1, 13, 13],
			"to": [15, 15, 15],
			"rotation": {"angle": 0, "axis": "y", "origin": [16, 0, 12.75]},
			"faces": {
				"north": {"uv": [1, 1, 15, 3], "texture": "#0"},
				"east": {"uv": [5, 4, 7, 6], "rotation": 270, "texture": "#1"},
				"south": {"uv": [1, 13, 15, 15], "rotation": 180, "texture": "#0", "cullface": "south"},
				"west": {"uv": [9, 4, 11, 6], "rotation": 90, "texture": "#1"},
				"up": {"uv": [1, 5, 15, 7], "texture": "#0"},
				"down": {"uv": [1, 9, 15, 11], "texture": "#0"}
			}
		}
	]
}