{
	"credit": "Made with Blockbench",
	"ambientocclusion": false,
	"textures": {
		"1": "block/05m_beetroots",
		"particle": "block/beetroots_stage3",
		"crop": "block/beetroots_stage3"
	},
	"elements": [
		{
			"from": [11, -1, 2],
			"to": [14, 2, 5],
			"rotation": {"angle": 0, "axis": "y", "origin": [12.5, -0.2, 3.5]},
			"faces": {
				"north": {"uv": [5, 6, 8, 9], "texture": "#1"},
				"east": {"uv": [9, 6, 12, 9], "texture": "#1"},
				"south": {"uv": [5, 6, 8, 9], "texture": "#1"},
				"west": {"uv": [1, 6, 4, 9], "texture": "#1"},
				"up": {"uv": [6, 10, 9, 13], "texture": "#1"}
			}
		},
		{
			"from": [2, -1, 2],
			"to": [5, 2, 5],
			"rotation": {"angle": 0, "axis": "y", "origin": [3.5, -0.2, 3.5]},
			"faces": {
				"north": {"uv": [1, 6, 4, 9], "texture": "#1"},
				"east": {"uv": [5, 6, 8, 9], "texture": "#1"},
				"south": {"uv": [9, 6, 12, 9], "texture": "#1"},
				"west": {"uv": [5, 6, 8, 9], "texture": "#1"},
				"up": {"uv": [6, 10, 9, 13], "rotation": 90, "texture": "#1"}
			}
		},
		{
			"from": [11, -1, 11],
			"to": [14, 2, 14],
			"rotation": {"angle": 0, "axis": "y", "origin": [12.5, -0.2, 12.5]},
			"faces": {
				"north": {"uv": [9, 6, 12, 9], "texture": "#1"},
				"east": {"uv": [5, 6, 8, 9], "texture": "#1"},
				"south": {"uv": [1, 6, 4, 9], "texture": "#1"},
				"west": {"uv": [5, 6, 8, 9], "texture": "#1"},
				"up": {"uv": [6, 10, 9, 13], "rotation": 270, "texture": "#1"}
			}
		},
		{
			"from": [2, -1, 11],
			"to": [5, 2, 14],
			"rotation": {"angle": -22.5, "axis": "y", "origin": [3.5, -0.2, 12.5]},
			"faces": {
				"north": {"uv": [5, 6, 8, 9], "texture": "#1"},
				"east": {"uv": [1, 6, 4, 9], "texture": "#1"},
				"south": {"uv": [5, 6, 8, 9], "texture": "#1"},
				"west": {"uv": [9, 6, 12, 9], "texture": "#1"},
				"up": {"uv": [6, 10, 9, 13], "rotation": 180, "texture": "#1"}
			}
		},
		{
			"from": [6, -1, 2],
			"to": [10, 3, 6],
			"rotation": {"angle": 22.5, "axis": "y", "origin": [8, 0, 4]},
			"faces": {
				"north": {"uv": [6, 1, 10, 5], "texture": "#1"},
				"east": {"uv": [11, 1, 15, 5], "texture": "#1"},
				"south": {"uv": [6, 1, 10, 5], "texture": "#1"},
				"west": {"uv": [1, 1, 5, 5], "texture": "#1"},
				"up": {"uv": [1, 10, 5, 14], "texture": "#1"}
			}
		},
		{
			"from": [6, -1, 10],
			"to": [10, 3, 14],
			"rotation": {"angle": 0, "axis": "y", "origin": [8, 0, 12]},
			"faces": {
				"north": {"uv": [6, 1, 10, 5], "texture": "#1"},
				"east": {"uv": [1, 1, 5, 5], "texture": "#1"},
				"south": {"uv": [6, 1, 10, 5], "texture": "#1"},
				"west": {"uv": [11, 1, 15, 5], "texture": "#1"},
				"up": {"uv": [1, 10, 5, 14], "rotation": 180, "texture": "#1"}
			}
		},
		{
			"from": [10, -1, 6],
			"to": [14, 3, 10],
			"rotation": {"angle": -22.5, "axis": "y", "origin": [12, 0, 8]},
			"faces": {
				"north": {"uv": [1, 1, 5, 5], "texture": "#1"},
				"east": {"uv": [6, 1, 10, 5], "texture": "#1"},
				"south": {"uv": [11, 1, 15, 5], "texture": "#1"},
				"west": {"uv": [6, 1, 10, 5], "texture": "#1"},
				"up": {"uv": [1, 10, 5, 14], "rotation": 90, "texture": "#1"}
			}
		},
		{
			"from": [2, -1, 6],
			"to": [6, 3, 10],
			"rotation": {"angle": 45, "axis": "y", "origin": [4, 0, 8]},
			"faces": {
				"north": {"uv": [11, 1, 15, 5], "texture": "#1"},
				"east": {"uv": [6, 1, 10, 5], "texture": "#1"},
				"south": {"uv": [1, 1, 5, 5], "texture": "#1"},
				"west": {"uv": [6, 1, 10, 5], "texture": "#1"},
				"up": {"uv": [1, 10, 5, 14], "rotation": 270, "texture": "#1"}
			}
		},
		{
			"from": [4, 2, 0],
			"to": [4, 15, 16],
			"shade": false,
			"faces": {
				"east": {"uv": [16, 0, 0, 13], "texture": "#crop"},
				"west": {"uv": [0, 0, 16, 13], "texture": "#crop"}
			}
		},
		{
			"from": [12, 2, 0],
			"to": [12, 15, 16],
			"shade": false,
			"faces": {
				"east": {"uv": [0, 0, 16, 13], "texture": "#crop"},
				"west": {"uv": [16, 0, 0, 13], "texture": "#crop"}
			}
		},
		{
			"from": [0, 2, 4],
			"to": [16, 15, 4],
			"shade": false,
			"faces": {
				"north": {"uv": [0, 0, 16, 13], "texture": "#crop"},
				"south": {"uv": [16, 0, 0, 13], "texture": "#crop"}
			}
		},
		{
			"from": [0, 2, 12],
			"to": [16, 15, 12],
			"shade": false,
			"faces": {
				"north": {"uv": [16, 0, 0, 13], "texture": "#crop"},
				"south": {"uv": [0, 0, 16, 13], "texture": "#crop"}
			}
		}
	],
	"groups": [
		{
			"name": "group",
			"origin": [0, 1, -13],
			"color": 0,
			"children": [0, 1, 2, 3, 4, 5, 6, 7]
		},
		8,
		9,
		10,
		11
	]
}