{
	"credit": "Made with Blockbench",
	"ambientocclusion": false,
	"textures": {
		"0": "block/05m_mushroom_brown_mushroom_1",
		"2": "block/05m_mushroom_brown_mushroom_2",
		"particle": "block/flower_pot",
		"flowerpot": "block/flower_pot",
		"dirt": "block/dirt"
	},
	"elements": [
		{
			"name": "cap",
			"from": [4.4, 8, 4.4],
			"to": [11.6, 9.8, 11.6],
			"rotation": {"angle": 22.5, "axis": "y", "origin": [8, 7.45, 8]},
			"faces": {
				"north": {"uv": [7, 13, 15, 15], "texture": "#0"},
				"east": {"uv": [7, 10, 15, 12], "texture": "#0"},
				"south": {"uv": [7, 13, 15, 15], "texture": "#0"},
				"west": {"uv": [7, 10, 15, 12], "texture": "#0"},
				"up": {"uv": [7, 1, 15, 9], "texture": "#0"},
				"down": {"uv": [7, 1, 15, 9], "texture": "#2"}
			}
		},
		{
			"name": "stem",
			"from": [7, 4, 7],
			"to": [9, 8, 9],
			"rotation": {"angle": 22.5, "axis": "y", "origin": [8, 7.45, 8]},
			"faces": {
				"north": {"uv": [6, 1, 4, 5], "texture": "#0"},
				"east": {"uv": [1, 1, 3, 5], "texture": "#0"},
				"south": {"uv": [6, 1, 4, 5], "texture": "#0"},
				"west": {"uv": [1, 1, 3, 5], "texture": "#0"}
			}
		},
		{
			"from": [5, 0, 5],
			"to": [6, 6, 11],
			"faces": {
				"north": {"uv": [10, 10, 11, 16], "texture": "#flowerpot"},
				"east": {"uv": [5, 10, 11, 16], "texture": "#flowerpot"},
				"south": {"uv": [5, 10, 6, 16], "texture": "#flowerpot"},
				"west": {"uv": [5, 10, 11, 16], "texture": "#flowerpot"},
				"up": {"uv": [5, 5, 6, 11], "texture": "#flowerpot"},
				"down": {"uv": [5, 5, 6, 11], "texture": "#flowerpot", "cullface": "down"}
			}
		},
		{
			"from": [10, 0, 5],
			"to": [11, 6, 11],
			"faces": {
				"north": {"uv": [5, 10, 6, 16], "texture": "#flowerpot"},
				"east": {"uv": [5, 10, 11, 16], "texture": "#flowerpot"},
				"south": {"uv": [10, 10, 11, 16], "texture": "#flowerpot"},
				"west": {"uv": [5, 10, 11, 16], "texture": "#flowerpot"},
				"up": {"uv": [10, 5, 11, 11], "texture": "#flowerpot"},
				"down": {"uv": [10, 5, 11, 11], "texture": "#flowerpot", "cullface": "down"}
			}
		},
		{
			"from": [6, 0, 5],
			"to": [10, 6, 6],
			"faces": {
				"north": {"uv": [6, 10, 10, 16], "texture": "#flowerpot"},
				"south": {"uv": [6, 10, 10, 16], "texture": "#flowerpot"},
				"up": {"uv": [6, 5, 10, 6], "texture": "#flowerpot"},
				"down": {"uv": [6, 10, 10, 11], "texture": "#flowerpot", "cullface": "down"}
			}
		},
		{
			"from": [6, 0, 10],
			"to": [10, 6, 11],
			"faces": {
				"north": {"uv": [6, 10, 10, 16], "texture": "#flowerpot"},
				"south": {"uv": [6, 10, 10, 16], "texture": "#flowerpot"},
				"up": {"uv": [6, 10, 10, 11], "texture": "#flowerpot"},
				"down": {"uv": [6, 5, 10, 6], "texture": "#flowerpot", "cullface": "down"}
			}
		},
		{
			"from": [6, 0, 6],
			"to": [10, 4, 10],
			"faces": {
				"up": {"uv": [6, 6, 10, 10], "texture": "#dirt"},
				"down": {"uv": [6, 12, 10, 16], "texture": "#flowerpot", "cullface": "down"}
			}
		}
	]
}