{
	"credit": "Made with Blockbench",
	"ambientocclusion": false,
	"textures": {
		"lit": "block/05m_cave_vines_lit",
		"cross": "block/cave_vines_plant",
		"particle": "block/cave_vines_plant_lit"
	},
	"elements": [
		{
			"name": "lit_leaf",
			"from": [4.5, 6.5, 11.5],
			"to": [7.5, 10.5, 11.5],
			"rotation": {"angle": -22.5, "axis": "x", "origin": [6, 8.5, 11.5]},
			"faces": {
				"south": {"uv": [9, 6, 6, 10], "texture": "#lit"}
			}
		},
		{
			"name": "lit_leaf",
			"from": [8.5, 4.5, 4.5],
			"to": [11.5, 6.5, 4.5],
			"rotation": {"angle": 22.5, "axis": "x", "origin": [10, 5.5, 4.5]},
			"faces": {
				"north": {"uv": [4, 8, 1, 10], "texture": "#lit"}
			}
		},
		{
			"from": [2, 7, 4.2],
			"to": [6.8, 11.8, 6.6],
			"rotation": {"angle": -22.5, "axis": "x", "origin": [4, 9, 5]},
			"faces": {
				"north": {"uv": [11, 11, 15, 15], "texture": "#lit"},
				"east": {"uv": [12, 1, 14, 5], "texture": "#lit"},
				"south": {"uv": [11, 11, 15, 15], "texture": "#lit"},
				"west": {"uv": [12, 6, 14, 10], "texture": "#lit"},
				"up": {"uv": [11, 2, 15, 4], "texture": "#lit"},
				"down": {"uv": [11, 7, 15, 9], "texture": "#lit"}
			}
		},
		{
			"from": [2, 8.2, 3],
			"to": [6.8, 10.6, 7.8],
			"rotation": {"angle": -22.5, "axis": "x", "origin": [4, 9, 5]},
			"faces": {
				"north": {"uv": [1, 2, 5, 4], "texture": "#lit"},
				"east": {"uv": [11, 2, 15, 4], "texture": "#lit"},
				"south": {"uv": [6, 2, 10, 4], "texture": "#lit"},
				"west": {"uv": [11, 7, 15, 9], "texture": "#lit"},
				"up": {"uv": [11, 11, 15, 15], "texture": "#lit"},
				"down": {"uv": [11, 11, 15, 15], "texture": "#lit"}
			}
		},
		{
			"from": [3.2, 7, 3],
			"to": [5.6, 11.8, 7.8],
			"rotation": {"angle": -22.5, "axis": "x", "origin": [4, 9, 5]},
			"faces": {
				"north": {"uv": [2, 1, 4, 5], "texture": "#lit"},
				"east": {"uv": [11, 11, 15, 15], "texture": "#lit"},
				"south": {"uv": [7, 1, 9, 5], "texture": "#lit"},
				"west": {"uv": [11, 11, 15, 15], "texture": "#lit"},
				"up": {"uv": [12, 1, 14, 5], "texture": "#lit"},
				"down": {"uv": [12, 6, 14, 10], "texture": "#lit"}
			}
		},
		{
			"from": [4, 3, 10.1],
			"to": [8.4, 7.4, 12.3],
			"rotation": {"angle": 22.5, "axis": "x", "origin": [6, 5, 11]},
			"faces": {
				"north": {"uv": [11, 11, 15, 15], "texture": "#lit"},
				"east": {"uv": [12, 1, 14, 5], "texture": "#lit"},
				"south": {"uv": [11, 11, 15, 15], "texture": "#lit"},
				"west": {"uv": [12, 6, 14, 10], "texture": "#lit"},
				"up": {"uv": [11, 2, 15, 4], "texture": "#lit"},
				"down": {"uv": [11, 7, 15, 9], "texture": "#lit"}
			}
		},
		{
			"from": [4, 4.1, 9],
			"to": [8.4, 6.3, 13.4],
			"rotation": {"angle": 22.5, "axis": "x", "origin": [6, 5, 11]},
			"faces": {
				"north": {"uv": [1, 2, 5, 4], "texture": "#lit"},
				"east": {"uv": [11, 2, 15, 4], "texture": "#lit"},
				"south": {"uv": [6, 2, 10, 4], "texture": "#lit"},
				"west": {"uv": [11, 7, 15, 9], "texture": "#lit"},
				"up": {"uv": [11, 11, 15, 15], "texture": "#lit"},
				"down": {"uv": [11, 11, 15, 15], "texture": "#lit"}
			}
		},
		{
			"from": [5.1, 3, 9],
			"to": [7.3, 7.4, 13.4],
			"rotation": {"angle": 22.5, "axis": "x", "origin": [6, 5, 11]},
			"faces": {
				"north": {"uv": [2, 1, 4, 5], "texture": "#lit"},
				"east": {"uv": [11, 11, 15, 15], "texture": "#lit"},
				"south": {"uv": [7, 1, 9, 5], "texture": "#lit"},
				"west": {"uv": [11, 11, 15, 15], "texture": "#lit"},
				"up": {"uv": [12, 1, 14, 5], "texture": "#lit"},
				"down": {"uv": [12, 6, 14, 10], "texture": "#lit"}
			}
		},
		{
			"from": [9, 1, 3],
			"to": [13, 5, 5],
			"rotation": {"angle": 22.5, "axis": "z", "origin": [11, 3, 4]},
			"faces": {
				"north": {"uv": [11, 11, 15, 15], "texture": "#lit"},
				"east": {"uv": [12, 1, 14, 5], "texture": "#lit"},
				"south": {"uv": [11, 11, 15, 15], "texture": "#lit"},
				"west": {"uv": [12, 6, 14, 10], "texture": "#lit"},
				"up": {"uv": [11, 2, 15, 4], "texture": "#lit"},
				"down": {"uv": [11, 7, 15, 9], "texture": "#lit"}
			}
		},
		{
			"from": [9, 2, 2],
			"to": [13, 4, 6],
			"rotation": {"angle": 22.5, "axis": "z", "origin": [11, 3, 4]},
			"faces": {
				"north": {"uv": [1, 2, 5, 4], "texture": "#lit"},
				"east": {"uv": [11, 2, 15, 4], "texture": "#lit"},
				"south": {"uv": [6, 2, 10, 4], "texture": "#lit"},
				"west": {"uv": [11, 7, 15, 9], "texture": "#lit"},
				"up": {"uv": [11, 11, 15, 15], "texture": "#lit"},
				"down": {"uv": [11, 11, 15, 15], "texture": "#lit"}
			}
		},
		{
			"from": [10, 1, 2],
			"to": [12, 5, 6],
			"rotation": {"angle": 22.5, "axis": "z", "origin": [11, 3, 4]},
			"faces": {
				"north": {"uv": [2, 1, 4, 5], "texture": "#lit"},
				"east": {"uv": [11, 11, 15, 15], "texture": "#lit"},
				"south": {"uv": [7, 1, 9, 5], "texture": "#lit"},
				"west": {"uv": [11, 11, 15, 15], "texture": "#lit"},
				"up": {"uv": [12, 1, 14, 5], "texture": "#lit"},
				"down": {"uv": [12, 6, 14, 10], "texture": "#lit"}
			}
		},
		{
			"from": [9, 10, 9],
			"to": [13, 14, 11],
			"rotation": {"angle": -22.5, "axis": "z", "origin": [11, 12, 10]},
			"faces": {
				"north": {"uv": [11, 11, 15, 15], "texture": "#lit"},
				"east": {"uv": [12, 1, 14, 5], "texture": "#lit"},
				"south": {"uv": [11, 11, 15, 15], "texture": "#lit"},
				"west": {"uv": [12, 6, 14, 10], "texture": "#lit"},
				"up": {"uv": [11, 2, 15, 4], "texture": "#lit"},
				"down": {"uv": [11, 7, 15, 9], "texture": "#lit"}
			}
		},
		{
			"from": [9, 11, 8],
			"to": [13, 13, 12],
			"rotation": {"angle": -22.5, "axis": "z", "origin": [11, 12, 10]},
			"faces": {
				"north": {"uv": [1, 2, 5, 4], "texture": "#lit"},
				"east": {"uv": [11, 2, 15, 4], "texture": "#lit"},
				"south": {"uv": [6, 2, 10, 4], "texture": "#lit"},
				"west": {"uv": [11, 7, 15, 9], "texture": "#lit"},
				"up": {"uv": [11, 11, 15, 15], "texture": "#lit"},
				"down": {"uv": [11, 11, 15, 15], "texture": "#lit"}
			}
		},
		{
			"from": [10, 10, 8],
			"to": [12, 14, 12],
			"rotation": {"angle": -22.5, "axis": "z", "origin": [11, 12, 10]},
			"faces": {
				"north": {"uv": [2, 1, 4, 5], "texture": "#lit"},
				"east": {"uv": [11, 11, 15, 15], "texture": "#lit"},
				"south": {"uv": [7, 1, 9, 5], "texture": "#lit"},
				"west": {"uv": [11, 11, 15, 15], "texture": "#lit"},
				"up": {"uv": [12, 1, 14, 5], "texture": "#lit"},
				"down": {"uv": [12, 6, 14, 10], "texture": "#lit"}
			}
		},
		{
			"from": [0.8, 0, 8],
			"to": [15.2, 16, 8],
			"shade": false,
			"rotation": {"angle": 45, "axis": "y", "origin": [8, 8, 8], "rescale": true},
			"faces": {
				"north": {"uv": [0, 0, 16, 16], "texture": "#cross"},
				"south": {"uv": [0, 0, 16, 16], "texture": "#cross"}
			}
		},
		{
			"from": [8, 0, 0.8],
			"to": [8, 16, 15.2],
			"shade": false,
			"rotation": {"angle": 45, "axis": "y", "origin": [8, 8, 8], "rescale": true},
			"faces": {
				"east": {"uv": [0, 0, 16, 16], "texture": "#cross"},
				"west": {"uv": [0, 0, 16, 16], "texture": "#cross"}
			}
		}
	],
	"groups": [
		0,
		1,
		{
			"name": "fruit_3",
			"origin": [4, 2, -13],
			"color": 0,
			"children": [2, 3, 4]
		},
		{
			"name": "fruit_2",
			"origin": [-2, 2, -13],
			"color": 0,
			"children": [5, 6, 7]
		},
		{
			"name": "fruit_1",
			"origin": [2, 2, 2],
			"color": 0,
			"children": [8, 9, 10]
		},
		{
			"name": "fruit_1",
			"origin": [2, 2, 2],
			"color": 0,
			"children": [11, 12, 13]
		},
		14,
		15
	]
}