{
	"credit": "Made with Blockbench",
	"ambientocclusion": false,
	"textures": {
		"cross": "block/pointed_dripstone_down_base",
		"particle": "block/dripstone_block"
	},
	"elements": [
		{
			"from": [2, 12, 2],
			"to": [14, 16, 14],
			"rotation": {"angle": 0, "axis": "y", "origin": [8.1875, 7.25, 7.8125]},
			"faces": {
				"north": {"uv": [0, 0, 16, 4], "texture": "#cross"},
				"east": {"uv": [16, 0, 0, 4], "texture": "#cross"},
				"south": {"uv": [16, 0, 0, 4], "texture": "#cross"},
				"west": {"uv": [0, 0, 16, 4], "texture": "#cross"},
				"up": {"uv": [0, 0, 16, 16], "texture": "#particle", "cullface": "up"},
				"down": {"uv": [0, 0, 16, 16], "texture": "#particle"}
			}
		},
		{
			"from": [2.75, 11, 2],
			"to": [14, 12, 13.25],
			"rotation": {"angle": 0, "axis": "y", "origin": [8.1875, 7.25, 7.8125]},
			"faces": {
				"north": {"uv": [0, 4, 15, 5], "texture": "#cross"},
				"east": {"uv": [15, 4, 0, 5], "texture": "#cross"},
				"south": {"uv": [15, 4, 0, 5], "texture": "#cross"},
				"west": {"uv": [0, 4, 15, 5], "texture": "#cross"},
				"down": {"uv": [1, 1, 16, 16], "texture": "#particle"}
			}
		},
		{
			"from": [2.75, 2, 2.75],
			"to": [13.25, 11, 13.25],
			"rotation": {"angle": 0, "axis": "y", "origin": [8.1875, 7.25, 7.8125]},
			"faces": {
				"north": {"uv": [1, 5, 15, 14], "texture": "#cross"},
				"east": {"uv": [15, 5, 1, 14], "texture": "#cross"},
				"south": {"uv": [15, 5, 1, 14], "texture": "#cross"},
				"west": {"uv": [1, 5, 15, 14], "texture": "#cross"},
				"down": {"uv": [1, 1, 15, 15], "texture": "#particle"}
			}
		},
		{
			"from": [3.5, 1, 2.75],
			"to": [13.25, 2, 12.5],
			"rotation": {"angle": 0, "axis": "y", "origin": [8.1875, 7.25, 7.8125]},
			"faces": {
				"north": {"uv": [1, 14, 14, 15], "texture": "#cross"},
				"east": {"uv": [14, 14, 1, 15], "texture": "#cross"},
				"south": {"uv": [14, 14, 1, 15], "texture": "#cross"},
				"west": {"uv": [1, 14, 14, 15], "texture": "#cross"},
				"down": {"uv": [2, 2, 15, 15], "texture": "#particle"}
			}
		},
		{
			"from": [3.5, 0, 3.5],
			"to": [12.5, 1, 12.5],
			"rotation": {"angle": 0, "axis": "y", "origin": [8.1875, 7.25, 7.8125]},
			"faces": {
				"north": {"uv": [2, 15, 14, 16], "texture": "#cross"},
				"east": {"uv": [14, 15, 2, 16], "texture": "#cross"},
				"south": {"uv": [14, 15, 2, 16], "texture": "#cross"},
				"west": {"uv": [2, 15, 14, 16], "texture": "#cross"},
				"down": {"uv": [2, 2, 14, 14], "texture": "#particle", "cullface": "down"}
			}
		}
	]
}