{
	"credit": "Made with Blockbench",
	"ambientocclusion": false,
	"textures": {
		"2": "block/05m_amethyst_1",
		"3": "block/amethyst_block",
		"4": "block/05m_amethyst_2",
		"particle": "block/amethyst_block"
	},
	"elements": [
		{
			"name": "bottom_4",
			"from": [5.11425, -0.02125, 3.94295],
			"to": [7.40925, 3.06, 6.23795],
			"rotation": {"angle": -45, "axis": "y", "origin": [4.8975, 1.51938, 4.8975]},
			"faces": {
				"north": {"uv": [0, 11, 3, 15], "texture": "#3"},
				"south": {"uv": [6, 11, 9, 15], "texture": "#3"},
				"west": {"uv": [3, 11, 6, 15], "texture": "#3"},
				"up": {"uv": [3, 8, 6, 11], "rotation": 90, "texture": "#3"},
				"down": {"uv": [7, 9, 10, 12], "texture": "#3", "cullface": "down"}
			}
		},
		{
			"name": "bottom_3",
			"from": [9.11775, -0.18105, 4.57875],
			"to": [11.49775, 2.19895, 6.87375],
			"rotation": {"angle": 22.5, "axis": "z", "origin": [10.2525, 1.1475, 5.705]},
			"faces": {
				"north": {"uv": [3, 6, 6, 9], "texture": "#3"},
				"east": {"uv": [0, 6, 3, 9], "texture": "#3"},
				"south": {"uv": [13, 6, 16, 9], "texture": "#3"},
				"west": {"uv": [6, 6, 9, 9], "texture": "#3"},
				"up": {"uv": [0, 3, 3, 6], "rotation": 270, "texture": "#3"},
				"down": {"uv": [0, 9, 3, 12], "rotation": 90, "texture": "#3"}
			}
		},
		{
			"name": "bottom_2",
			"from": [9.50875, 0.63155, 9.05485],
			"to": [11.03875, 2.16155, 12.87985],
			"rotation": {"angle": -22.5, "axis": "x", "origin": [8, 0.765, 8]},
			"faces": {
				"east": {"uv": [10, 1, 12, 6], "rotation": 270, "texture": "#4"},
				"south": {"uv": [13, 1, 15, 3], "texture": "#4"},
				"west": {"uv": [10, 1, 12, 6], "rotation": 90, "texture": "#4"},
				"up": {"uv": [10, 1, 12, 6], "rotation": 180, "texture": "#4"},
				"down": {"uv": [10, 1, 12, 6], "texture": "#4"}
			}
		},
		{
			"name": "bottom_1",
			"from": [6.23455, -0.02125, 8.8772],
			"to": [10.82455, 1.53, 11.1722],
			"rotation": {"angle": -22.5, "axis": "y", "origin": [8, 0.75437, 8]},
			"faces": {
				"east": {"uv": [11, 11, 14, 13], "texture": "#3"},
				"south": {"uv": [5, 11, 11, 13], "texture": "#3"},
				"west": {"uv": [7, 9, 10, 11], "texture": "#3"},
				"up": {"uv": [5, 8, 11, 11], "texture": "#3"},
				"down": {"uv": [3, 2, 9, 5], "texture": "#3", "cullface": "down"}
			}
		},
		{
			"name": "spire_n",
			"from": [6.44875, 3.825, 1.778],
			"to": [9.55125, 5.9925, 3.9455],
			"rotation": {"angle": 0, "axis": "y", "origin": [8, 4.90875, 2.86175]},
			"faces": {
				"north": {"uv": [12, 12, 16, 15], "texture": "#4"},
				"east": {"uv": [1, 12, 4, 15], "rotation": 90, "texture": "#2"},
				"west": {"uv": [1, 12, 4, 15], "texture": "#2"},
				"up": {"uv": [9, 12, 13, 15], "texture": "#2"}
			}
		},
		{
			"name": "spire_s",
			"from": [4.91875, 3.825, 12.0545],
			"to": [8.02125, 5.9925, 14.222],
			"rotation": {"angle": 0, "axis": "y", "origin": [6.47, 4.90875, 13.13825]},
			"faces": {
				"east": {"uv": [1, 12, 4, 15], "texture": "#2"},
				"south": {"uv": [12, 12, 16, 15], "texture": "#4"},
				"west": {"uv": [1, 12, 4, 15], "rotation": 90, "texture": "#2"},
				"up": {"uv": [9, 12, 13, 15], "rotation": 180, "texture": "#2"}
			}
		},
		{
			"name": "spire_w",
			"from": [1.744, 4.2415, 7.59625],
			"to": [3.9115, 6.409, 9.93375],
			"rotation": {"angle": 0, "axis": "y", "origin": [2.82775, 5.32525, 8.765]},
			"faces": {
				"north": {"uv": [1, 12, 4, 15], "rotation": 90, "texture": "#2"},
				"south": {"uv": [1, 12, 4, 15], "texture": "#2"},
				"west": {"uv": [5, 12, 8, 15], "texture": "#2"},
				"up": {"uv": [12, 8, 15, 11], "texture": "#4"}
			}
		},
		{
			"name": "spire_e",
			"from": [12.0885, 3.4765, 6.83125],
			"to": [14.256, 5.644, 9.16875],
			"rotation": {"angle": 0, "axis": "y", "origin": [13.17225, 4.56025, 8]},
			"faces": {
				"north": {"uv": [1, 12, 4, 15], "texture": "#2"},
				"east": {"uv": [5, 12, 8, 15], "texture": "#2"},
				"south": {"uv": [1, 12, 4, 15], "rotation": 90, "texture": "#2"},
				"up": {"uv": [12, 8, 15, 11], "rotation": 180, "texture": "#4"}
			}
		},
		{
			"name": "pillar_n",
			"from": [6.47, -1.054, 1.336],
			"to": [9.53, 2.006, 7.456],
			"rotation": {"angle": 45, "axis": "x", "origin": [8, 0.85, 7.4475]},
			"faces": {
				"east": {"uv": [1, 1, 5, 9], "rotation": 90, "texture": "#4"},
				"south": {"uv": [4, 3, 8, 7], "texture": "#3", "cullface": "down"},
				"west": {"uv": [1, 1, 5, 9], "rotation": 270, "texture": "#4"},
				"up": {"uv": [5, 1, 1, 9], "texture": "#4"},
				"down": {"uv": [5, 1, 1, 9], "rotation": 180, "texture": "#4"}
			}
		},
		{
			"name": "pillar_s",
			"from": [4.94, 0.8415, 7.3965],
			"to": [8, 6.9615, 10.4565],
			"rotation": {"angle": 45, "axis": "x", "origin": [6.47, 0.85, 8.5525]},
			"faces": {
				"north": {"uv": [5, 1, 1, 9], "texture": "#4"},
				"east": {"uv": [1, 1, 5, 9], "texture": "#4"},
				"south": {"uv": [5, 1, 1, 9], "texture": "#4"},
				"west": {"uv": [1, 1, 5, 9], "texture": "#4"},
				"down": {"uv": [8, 6, 12, 10], "texture": "#3", "cullface": "down"}
			}
		},
		{
			"name": "pillar_w",
			"from": [5.9685, 0.8585, 7.6175],
			"to": [9.0285, 6.9785, 9.9125],
			"rotation": {"angle": 45, "axis": "z", "origin": [7.15, 0.51, 8.765]},
			"faces": {
				"north": {"uv": [1, 1, 5, 9], "texture": "#4"},
				"east": {"uv": [6, 1, 9, 9], "texture": "#4"},
				"south": {"uv": [1, 1, 5, 9], "texture": "#4"},
				"west": {"uv": [6, 1, 9, 9], "texture": "#4"},
				"down": {"uv": [7, 10, 11, 13], "texture": "#3", "cullface": "down"}
			}
		},
		{
			"name": "pillar_e",
			"from": [7.303, 0.2295, 6.8525],
			"to": [10.363, 6.3495, 9.1475],
			"rotation": {"angle": -45, "axis": "z", "origin": [8.85, 0.2125, 8]},
			"faces": {
				"north": {"uv": [1, 1, 5, 9], "texture": "#4"},
				"east": {"uv": [6, 1, 9, 9], "texture": "#4"},
				"south": {"uv": [1, 1, 5, 9], "texture": "#4"},
				"west": {"uv": [6, 1, 9, 9], "texture": "#4"},
				"down": {"uv": [5, 2, 9, 5], "texture": "#3", "cullface": "down"}
			}
		},
		{
			"name": "spire_0",
			"from": [6.385, 5.95, 6.0875],
			"to": [9.615, 9.18, 9.9125],
			"rotation": {"angle": -45, "axis": "z", "origin": [8, 7.565, 8]},
			"faces": {
				"north": {"uv": [1, 12, 4, 15], "rotation": 90, "texture": "#2"},
				"south": {"uv": [1, 12, 4, 15], "texture": "#2"},
				"west": {"uv": [5, 12, 8, 15], "texture": "#2"},
				"up": {"uv": [5, 12, 8, 15], "rotation": 270, "texture": "#2"}
			}
		},
		{
			"name": "pillar_0",
			"from": [5.72625, 0, 6.10875],
			"to": [10.27375, 7.565, 9.89125],
			"rotation": {"angle": 0, "axis": "y", "origin": [8.425, 3.825, 8.425]},
			"faces": {
				"north": {"uv": [1, 1, 5, 8], "texture": "#4"},
				"east": {"uv": [6, 1, 9, 8], "texture": "#4"},
				"south": {"uv": [1, 1, 5, 8], "texture": "#4"},
				"west": {"uv": [6, 1, 9, 8], "texture": "#4"},
				"down": {"uv": [7, 8, 11, 11], "texture": "#3", "cullface": "down"}
			}
		}
	]
}