{
	"credit": "Made with Blockbench",
	"textures": {
		"1": "block/05m_brewing_stand",
		"2": "block/05m_brewing_stand_bottle",
		"particle": "block/brewing_stand",
		"stand": "block/brewing_stand"
	},
	"elements": [
		{
			"name": "shelf_3",
			"from": [5.15, 13, 11.1],
			"to": [6.15, 16, 12.1],
			"rotation": {"angle": -45, "axis": "y", "origin": [5.65, 9.5, 10.85]},
			"faces": {
				"north": {"uv": [9, 11, 10, 14], "texture": "#1"},
				"east": {"uv": [3, 0, 4, 3], "texture": "#stand"},
				"south": {"uv": [9, 11, 10, 14], "texture": "#1"},
				"west": {"uv": [3, 0, 4, 3], "texture": "#stand"},
				"up": {"uv": [9, 9, 10, 10], "rotation": 90, "texture": "#1"},
				"down": {"uv": [9, 15, 10, 16], "rotation": 270, "texture": "#1"}
			}
		},
		{
			"name": "shelf_2",
			"from": [5.15, 12, 10.1],
			"to": [6.15, 15, 11.1],
			"rotation": {"angle": -45, "axis": "y", "origin": [5.65, 9.5, 10.85]},
			"faces": {
				"north": {"uv": [11, 11, 12, 14], "texture": "#1"},
				"east": {"uv": [4, 1, 5, 4], "texture": "#stand"},
				"south": {"uv": [11, 11, 12, 14], "texture": "#1"},
				"west": {"uv": [4, 1, 5, 4], "texture": "#stand"},
				"up": {"uv": [11, 9, 12, 10], "rotation": 90, "texture": "#1"},
				"down": {"uv": [11, 15, 12, 16], "rotation": 270, "texture": "#1"}
			}
		},
		{
			"name": "shelf_1",
			"from": [5.15, 3, 8.1],
			"to": [6.15, 14, 10.1],
			"rotation": {"angle": -45, "axis": "y", "origin": [5.65, 9.5, 10.85]},
			"faces": {
				"north": {"uv": [15, 3, 16, 14], "texture": "#1"},
				"east": {"uv": [5, 2, 7, 13], "texture": "#stand"},
				"south": {"uv": [13, 3, 14, 14], "texture": "#1"},
				"west": {"uv": [5, 2, 7, 13], "texture": "#stand"},
				"up": {"uv": [13, 1, 15, 2], "rotation": 90, "texture": "#1"},
				"down": {"uv": [13, 15, 15, 16], "rotation": 270, "texture": "#1"}
			}
		},
		{
			"name": "tube_3",
			"from": [5.15, 11, 12.1],
			"to": [6.15, 13, 13.1],
			"rotation": {"angle": -45, "axis": "y", "origin": [5.65, 9.5, 10.85]},
			"faces": {
				"north": {"uv": [9, 3, 10, 5], "texture": "#1"},
				"east": {"uv": [2, 3, 3, 5], "texture": "#stand"},
				"south": {"uv": [9, 3, 10, 5], "texture": "#1"},
				"west": {"uv": [2, 3, 3, 5], "texture": "#stand"},
				"up": {"uv": [9, 1, 10, 2], "rotation": 90, "texture": "#1"},
				"down": {"uv": [9, 6, 10, 7], "rotation": 270, "texture": "#1"}
			}
		},
		{
			"name": "tube_2",
			"from": [5.15, 10, 11.1],
			"to": [6.15, 12, 12.1],
			"rotation": {"angle": -45, "axis": "y", "origin": [5.65, 9.5, 10.85]},
			"faces": {
				"north": {"uv": [11, 3, 12, 5], "texture": "#1"},
				"east": {"uv": [3, 4, 4, 6], "texture": "#stand"},
				"south": {"uv": [11, 3, 12, 5], "texture": "#1"},
				"west": {"uv": [3, 4, 4, 6], "texture": "#stand"},
				"up": {"uv": [11, 1, 12, 2], "rotation": 90, "texture": "#1"},
				"down": {"uv": [11, 6, 12, 7], "rotation": 270, "texture": "#1"}
			}
		},
		{
			"name": "tube_1",
			"from": [4.9, 9, 11.85],
			"to": [5.9, 10, 12.85],
			"rotation": {"angle": -45, "axis": "y", "origin": [5.4, 9.5, 10.6]},
			"faces": {
				"north": {"uv": [1, 1, 2, 2], "texture": "#1"},
				"east": {"uv": [2, 6, 3, 7], "texture": "#stand"},
				"south": {"uv": [1, 1, 2, 2], "texture": "#1"},
				"west": {"uv": [2, 6, 3, 7], "texture": "#stand"},
				"up": {"uv": [1, 1, 2, 2], "rotation": 90, "texture": "#1"}
			}
		},
		{
			"name": "liquid",
			"from": [2.375, 2.65, 10.375],
			"to": [5.625, 5.9, 13.625],
			"rotation": {"angle": 22.5, "axis": "y", "origin": [4, 3.625, 12]},
			"faces": {
				"north": {"uv": [1, 1, 6, 6], "texture": "#2", "tintindex": 0},
				"east": {"uv": [1, 1, 6, 6], "texture": "#2", "tintindex": 0},
				"south": {"uv": [1, 1, 6, 6], "texture": "#2", "tintindex": 0},
				"west": {"uv": [1, 1, 6, 6], "texture": "#2", "tintindex": 0},
				"up": {"uv": [1, 1, 6, 6], "texture": "#2", "tintindex": 0},
				"down": {"uv": [1, 1, 6, 6], "texture": "#2", "tintindex": 0}
			}
		},
		{
			"from": [3.025, 7.2, 11.025],
			"to": [4.975, 9.15, 12.975],
			"rotation": {"angle": 22.5, "axis": "y", "origin": [4, 7.525, 12]},
			"faces": {
				"north": {"uv": [9, 13, 12, 16], "texture": "#2"},
				"east": {"uv": [9, 13, 12, 16], "texture": "#2"},
				"south": {"uv": [9, 13, 12, 16], "texture": "#2"},
				"west": {"uv": [9, 13, 12, 16], "texture": "#2"},
				"up": {"uv": [13, 13, 16, 16], "texture": "#2"},
				"down": {"uv": [13, 13, 16, 16], "texture": "#2"}
			}
		},
		{
			"from": [2.375, 7.2, 10.375],
			"to": [5.625, 8.5, 13.625],
			"rotation": {"angle": 22.5, "axis": "y", "origin": [4, 7.525, 12]},
			"faces": {
				"north": {"uv": [8, 1, 10, 6], "rotation": 270, "texture": "#2"},
				"east": {"uv": [8, 1, 10, 6], "rotation": 270, "texture": "#2"},
				"south": {"uv": [8, 1, 10, 6], "rotation": 270, "texture": "#2"},
				"west": {"uv": [8, 1, 10, 6], "rotation": 270, "texture": "#2"},
				"up": {"uv": [11, 1, 16, 6], "texture": "#2"},
				"down": {"uv": [11, 7, 16, 12], "texture": "#2"}
			}
		},
		{
			"from": [3.025, 6.55, 11.025],
			"to": [4.975, 7.2, 12.975],
			"rotation": {"angle": 22.5, "axis": "y", "origin": [4, 7.525, 12]},
			"faces": {
				"north": {"uv": [9, 7, 10, 10], "rotation": 270, "texture": "#2"},
				"east": {"uv": [9, 7, 10, 10], "rotation": 270, "texture": "#2"},
				"south": {"uv": [9, 7, 10, 10], "rotation": 270, "texture": "#2"},
				"west": {"uv": [9, 7, 10, 10], "rotation": 270, "texture": "#2"}
			}
		},
		{
			"from": [1.725, 2, 9.725],
			"to": [6.275, 6.55, 14.275],
			"rotation": {"angle": 22.5, "axis": "y", "origin": [4, 3.3, 12]},
			"faces": {
				"north": {"uv": [1, 8, 8, 15], "texture": "#2"},
				"east": {"uv": [1, 8, 8, 15], "texture": "#2"},
				"south": {"uv": [1, 8, 8, 15], "texture": "#2"},
				"west": {"uv": [1, 8, 8, 15], "texture": "#2"},
				"up": {"uv": [1, 8, 8, 15], "texture": "#2"},
				"down": {"uv": [1, 8, 8, 15], "texture": "#2"}
			}
		}
	],
	"groups": [
		0,
		1,
		2,
		3,
		4,
		5,
		{
			"name": "group",
			"origin": [8, 10.5, 8],
			"color": 0,
			"children": [6, 7, 8, 9, 10]
		}
	]
}