{
	"credit": "Made with Blockbench",
	"ambientocclusion": false,
	"textures": {
		"particle": "block/05rd_tripwire",
		"line": "block/05rd_tripwire"
	},
	"elements": [
		{
			"from": [7, 0.99, 7],
			"to": [9, 2.01, 9],
			"rotation": {"angle": 0, "axis": "y", "origin": [8, 1.505, 8]},
			"faces": {
				"north": {"uv": [9, 6, 11, 7], "texture": "#line", "tintindex": 0},
				"east": {"uv": [9, 6, 11, 7], "texture": "#line", "tintindex": 0},
				"south": {"uv": [9, 6, 11, 7], "texture": "#line", "tintindex": 0},
				"west": {"uv": [9, 6, 11, 7], "texture": "#line", "tintindex": 0},
				"up": {"uv": [9, 8, 11, 10], "texture": "#line", "tintindex": 0},
				"down": {"uv": [9, 8, 11, 10], "texture": "#line", "tintindex": 0}
			}
		}
	]
}