{
	"credit": "Made with Blockbench",
	"ambientocclusion": false,
	"textures": {
		"particle": "block/05rd_redstone_dust_dot",
		"line": "block/05rd_redstone_dust_dot"
	},
	"elements": [
		{
			"from": [5, -0.01, 5],
			"to": [11, 1.01, 11],
			"rotation": {"angle": 0, "axis": "y", "origin": [8, 0.505, 8]},
			"faces": {
				"north": {"uv": [5, 3, 11, 4], "texture": "#line", "tintindex": 0},
				"east": {"uv": [5, 3, 11, 4], "texture": "#line", "tintindex": 0},
				"south": {"uv": [5, 3, 11, 4], "texture": "#line", "tintindex": 0},
				"west": {"uv": [5, 3, 11, 4], "texture": "#line", "tintindex": 0},
				"up": {"uv": [5, 5, 11, 11], "texture": "#line", "tintindex": 0},
				"down": {"uv": [5, 5, 11, 11], "texture": "#line", "cullface": "down", "tintindex": 0}
			}
		}
	]
}