{
	"credit": "Made with Blockbench",
	"ambientocclusion": false,
	"textures": {
		"line": "block/05rd_redstone_dust_line"
	},
	"elements": [
		{
			"from": [6, 1, 0],
			"to": [10, 17, 1],
			"rotation": {"angle": 0, "axis": "y", "origin": [8, 9, 0.5]},
			"faces": {
				"north": {"uv": [6, 0, 10, 16], "texture": "#line", "cullface": "north", "tintindex": 0},
				"east": {"uv": [4, 0, 5, 16], "texture": "#line", "tintindex": 0},
				"south": {"uv": [6, 0, 10, 16], "texture": "#line", "tintindex": 0},
				"west": {"uv": [5, 0, 4, 16], "texture": "#line", "tintindex": 0},
				"up": {"uv": [11, 0, 15, 1], "texture": "#line", "tintindex": 0}
			}
		}
	]
}