{
	"credit": "Made with Blockbench",
	"ambientocclusion": false,
	"textures": {
		"outline": "block/05rd_tripwire_hook",
		"hook": "block/tripwire_hook",
		"particle": "block/oak_planks",
		"wood": "block/oak_planks",
		"line": "block/05rd_tripwire_powered"
	},
	"elements": [
		{
			"name": "outline",
			"from": [5, 0, 15.99],
			"to": [11, 10, 15.99],
			"rotation": {"angle": 0, "axis": "y", "origin": [6, 0, 14]},
			"faces": {
				"north": {"uv": [1, 3, 7, 13], "texture": "#outline"},
				"south": {"uv": [1, 3, 7, 13], "texture": "#outline"}
			}
		},
		{
			"from": [7.51, 2.492, -0.5],
			"to": [8.49, 3.492, 7.5],
			"rotation": {"angle": -22.5, "axis": "x", "origin": [8, 3, 3.5]},
			"faces": {
				"east": {"uv": [5, 0, 6, 8], "rotation": 90, "texture": "#line", "tintindex": 0},
				"south": {"uv": [9, 0, 10, 1], "texture": "#line", "cullface": "south", "tintindex": 0},
				"west": {"uv": [5, 0, 6, 8], "rotation": 270, "texture": "#line", "tintindex": 0},
				"up": {"uv": [7, 0, 8, 8], "texture": "#line", "tintindex": 0},
				"down": {"uv": [7, 8, 8, 16], "texture": "#line", "tintindex": 0}
			}
		},
		{
			"from": [6.2, 4.19, 7],
			"to": [9.8, 4.99, 10.6],
			"rotation": {"angle": 0, "axis": "y", "origin": [0, 0.75, 0.3]},
			"faces": {
				"north": {"uv": [5, 3, 11, 4], "texture": "#hook"},
				"east": {"uv": [5, 3, 11, 4], "texture": "#hook"},
				"south": {"uv": [5, 8, 11, 9], "texture": "#hook"},
				"west": {"uv": [5, 8, 11, 9], "texture": "#hook"},
				"up": {"uv": [5, 3, 11, 9], "texture": "#hook"},
				"down": {"uv": [5, 3, 11, 9], "texture": "#hook"}
			}
		},
		{
			"from": [7.4, 4.19, 9.4],
			"to": [8.6, 4.99, 9.4],
			"rotation": {"angle": 0, "axis": "y", "origin": [0, 0.75, 0.3]},
			"faces": {
				"north": {"uv": [7, 8, 9, 9], "texture": "#hook"}
			}
		},
		{
			"from": [7.4, 4.19, 8.2],
			"to": [8.6, 4.99, 8.2],
			"rotation": {"angle": 0, "axis": "y", "origin": [0, 0.75, 0.3]},
			"faces": {
				"south": {"uv": [7, 3, 9, 4], "texture": "#hook"}
			}
		},
		{
			"from": [7.4, 4.19, 8.2],
			"to": [7.4, 4.99, 9.4],
			"rotation": {"angle": 0, "axis": "y", "origin": [0, 0.75, 0.3]},
			"faces": {
				"east": {"uv": [7, 8, 9, 9], "texture": "#hook"}
			}
		},
		{
			"from": [8.6, 4.19, 8.2],
			"to": [8.6, 4.99, 9.4],
			"rotation": {"angle": 0, "axis": "y", "origin": [0, 0.75, 0.3]},
			"faces": {
				"west": {"uv": [7, 3, 9, 4], "texture": "#hook"}
			}
		},
		{
			"from": [7.4, 4.99, 9.97],
			"to": [8.8, 6.59, 13.97],
			"rotation": {"angle": -22.5, "axis": "x", "origin": [8, 5.85, 14]},
			"faces": {
				"north": {"uv": [9, 14, 7, 16], "rotation": 180, "texture": "#hook"},
				"east": {"uv": [9, 10, 7, 15], "rotation": 270, "texture": "#hook"},
				"south": {"uv": [9, 9, 7, 11], "texture": "#hook"},
				"west": {"uv": [9, 10, 7, 15], "rotation": 90, "texture": "#hook"},
				"up": {"uv": [9, 10, 7, 15], "texture": "#hook"},
				"down": {"uv": [9, 10, 7, 15], "rotation": 180, "texture": "#hook"}
			}
		},
		{
			"from": [6, 1, 14],
			"to": [10, 9, 16],
			"faces": {
				"north": {"uv": [6, 6, 10, 14], "texture": "#wood"},
				"east": {"uv": [14, 6, 16, 14], "texture": "#wood"},
				"south": {"uv": [6, 6, 10, 14], "texture": "#wood", "cullface": "south"},
				"west": {"uv": [0, 6, 2, 14], "texture": "#wood"},
				"up": {"uv": [6, 0, 10, 2], "texture": "#wood"},
				"down": {"uv": [6, 14, 10, 16], "texture": "#wood"}
			}
		}
	]
}