{
	"parent": "block/thin_block",
	"credit": "Made with Blockbench",
	"textures": {
		"texture": "block/acacia_trapdoor",
		"05_plus_side": "block/acacia_door_05_plus_side",
		"particle": "block/acacia_trapdoor"
	},
	"elements": [
		{
			"from": [5, 13, 16],
			"to": [3, 3, 13],
			"rotation": {"angle": 0, "axis": "y", "origin": [4, 8, 14.5]},
			"faces": {
				"east": {"uv": [3, 0, 13, 3], "rotation": 90, "texture": "#05_plus_side"},
				"west": {"uv": [3, 0, 13, 3], "rotation": 90, "texture": "#05_plus_side"},
				"up": {"uv": [3, 0, 5, 3], "rotation": 180, "texture": "#05_plus_side"},
				"down": {"uv": [3, 0, 5, 3], "rotation": 180, "texture": "#05_plus_side"}
			}
		},
		{
			"from": [9, 13, 16],
			"to": [7, 3, 13],
			"rotation": {"angle": 0, "axis": "y", "origin": [8, 8, 14.5]},
			"faces": {
				"east": {"uv": [3, 0, 13, 3], "rotation": 90, "texture": "#05_plus_side"},
				"west": {"uv": [3, 0, 13, 3], "rotation": 90, "texture": "#05_plus_side"},
				"up": {"uv": [7, 0, 9, 3], "rotation": 180, "texture": "#05_plus_side"},
				"down": {"uv": [7, 0, 9, 3], "rotation": 180, "texture": "#05_plus_side"}
			}
		},
		{
			"from": [13, 13, 16],
			"to": [11, 3, 13],
			"rotation": {"angle": 0, "axis": "y", "origin": [12, 8, 14.5]},
			"faces": {
				"east": {"uv": [3, 0, 13, 3], "rotation": 90, "texture": "#05_plus_side"},
				"west": {"uv": [3, 0, 13, 3], "rotation": 90, "texture": "#05_plus_side"},
				"up": {"uv": [11, 0, 13, 3], "rotation": 180, "texture": "#05_plus_side"},
				"down": {"uv": [11, 0, 13, 3], "rotation": 180, "texture": "#05_plus_side"}
			}
		},
		{
			"from": [0, 0, 13],
			"to": [16, 16, 16],
			"faces": {
				"north": {"uv": [16, 16, 0, 0], "texture": "#texture"},
				"east": {"uv": [0, 0, 16, 3], "rotation": 90, "texture": "#05_plus_side", "cullface": "east"},
				"south": {"uv": [16, 16, 0, 0], "texture": "#texture", "cullface": "south"},
				"west": {"uv": [16, 0, 0, 3], "rotation": 90, "texture": "#05_plus_side", "cullface": "west"},
				"up": {"uv": [0, 3, 16, 0], "texture": "#05_plus_side", "cullface": "up"},
				"down": {"uv": [0, 4, 16, 7], "texture": "#05_plus_side", "cullface": "down"}
			}
		}
	],
	"groups": [
		{
			"name": "group",
			"origin": [0, 0, 0],
			"color": 0,
			"children": [0, 1, 2]
		},
		3
	]
}