{
	"credit": "Made with Blockbench",
	"textures": {
		"top": "block/acacia_door_top",
		"05_plus": "block/acacia_door_05_plus",
		"05_plus_side": "block/acacia_door_05_plus_side",
		"particle": "block/acacia_door_top"
	},
	"elements": [
		{
			"from": [3, 1, 5],
			"to": [0, 0, 3],
			"rotation": {"angle": 0, "axis": "y", "origin": [1.5, 0.5, 4]},
			"faces": {
				"north": {"uv": [0, 15, 3, 16], "rotation": 180, "texture": "#05_plus"},
				"south": {"uv": [0, 15, 3, 16], "rotation": 180, "texture": "#05_plus"},
				"down": {"uv": [3, 0, 5, 3], "rotation": 90, "texture": "#05_plus_side"}
			}
		},
		{
			"from": [3, 1, 9],
			"to": [0, 0, 7],
			"rotation": {"angle": 0, "axis": "y", "origin": [1.5, 0.5, 8]},
			"faces": {
				"north": {"uv": [0, 15, 3, 16], "rotation": 180, "texture": "#05_plus"},
				"south": {"uv": [0, 15, 3, 16], "rotation": 180, "texture": "#05_plus"},
				"down": {"uv": [7, 0, 9, 3], "rotation": 90, "texture": "#05_plus_side"}
			}
		},
		{
			"from": [3, 1, 13],
			"to": [0, 0, 11],
			"rotation": {"angle": 0, "axis": "y", "origin": [1.5, 0.5, 12]},
			"faces": {
				"north": {"uv": [0, 15, 3, 16], "rotation": 180, "texture": "#05_plus"},
				"south": {"uv": [0, 15, 3, 16], "rotation": 180, "texture": "#05_plus"},
				"down": {"uv": [11, 0, 13, 3], "rotation": 90, "texture": "#05_plus_side"}
			}
		},
		{
			"from": [3, 13, 5],
			"to": [0, 3, 3],
			"rotation": {"angle": 0, "axis": "y", "origin": [1.5, 8, 4]},
			"faces": {
				"north": {"uv": [0, 3, 3, 13], "rotation": 180, "texture": "#05_plus"},
				"south": {"uv": [0, 3, 3, 13], "rotation": 180, "texture": "#05_plus"},
				"up": {"uv": [3, 0, 5, 3], "rotation": 270, "texture": "#05_plus_side"},
				"down": {"uv": [3, 0, 5, 3], "rotation": 90, "texture": "#05_plus_side"}
			}
		},
		{
			"from": [3, 13, 9],
			"to": [0, 3, 7],
			"rotation": {"angle": 0, "axis": "y", "origin": [1.5, 8, 8]},
			"faces": {
				"north": {"uv": [0, 3, 3, 13], "rotation": 180, "texture": "#05_plus"},
				"south": {"uv": [0, 3, 3, 13], "rotation": 180, "texture": "#05_plus"},
				"up": {"uv": [7, 0, 9, 3], "rotation": 270, "texture": "#05_plus_side"},
				"down": {"uv": [7, 0, 9, 3], "rotation": 90, "texture": "#05_plus_side"}
			}
		},
		{
			"from": [3, 13, 13],
			"to": [0, 3, 11],
			"rotation": {"angle": 0, "axis": "y", "origin": [1.5, 8, 12]},
			"faces": {
				"north": {"uv": [0, 3, 3, 13], "rotation": 180, "texture": "#05_plus"},
				"south": {"uv": [0, 3, 3, 13], "rotation": 180, "texture": "#05_plus"},
				"up": {"uv": [11, 0, 13, 3], "rotation": 270, "texture": "#05_plus_side"},
				"down": {"uv": [11, 0, 13, 3], "rotation": 90, "texture": "#05_plus_side"}
			}
		},
		{
			"from": [0, 0, 0],
			"to": [3, 16, 16],
			"faces": {
				"north": {"uv": [7, 0, 4, 16], "texture": "#05_plus", "cullface": "north"},
				"east": {"uv": [16, 0, 0, 16], "texture": "#top"},
				"south": {"uv": [3, 0, 0, 16], "texture": "#05_plus", "cullface": "south"},
				"west": {"uv": [0, 0, 16, 16], "texture": "#top", "cullface": "west"},
				"up": {"uv": [0, 0, 16, 3], "rotation": 90, "texture": "#05_plus_side", "cullface": "up"}
			}
		}
	],
	"groups": [
		{
			"name": "group",
			"origin": [0, 0, 0],
			"color": 0,
			"children": [0, 1, 2]
		},
		{
			"name": "group",
			"origin": [0, 0, 0],
			"color": 0,
			"children": [3, 4, 5]
		},
		6
	]
}