{
	"credit": "Made with Blockbench",
	"textures": {
		"bottom": "block/acacia_door_bottom",
		"05_plus": "block/acacia_door_05_plus",
		"05_plus_side": "block/acacia_door_05_plus_side",
		"particle": "block/acacia_door_bottom"
	},
	"elements": [
		{
			"from": [3, 16, 5],
			"to": [0, 3, 3],
			"rotation": {"angle": 0, "axis": "y", "origin": [1.5, 53, 4]},
			"faces": {
				"north": {"uv": [8, 0, 11, 13], "rotation": 180, "texture": "#05_plus"},
				"south": {"uv": [8, 0, 11, 13], "rotation": 180, "texture": "#05_plus"},
				"up": {"uv": [3, 0, 5, 3], "rotation": 270, "texture": "#05_plus_side"}
			}
		},
		{
			"from": [3, 16, 9],
			"to": [0, 3, 7],
			"rotation": {"angle": 0, "axis": "y", "origin": [1.5, 53, 8]},
			"faces": {
				"north": {"uv": [8, 0, 11, 13], "rotation": 180, "texture": "#05_plus"},
				"south": {"uv": [8, 0, 11, 13], "rotation": 180, "texture": "#05_plus"},
				"up": {"uv": [7, 0, 9, 3], "rotation": 270, "texture": "#05_plus_side"}
			}
		},
		{
			"from": [3, 16, 13],
			"to": [0, 3, 11],
			"rotation": {"angle": 0, "axis": "y", "origin": [1.5, 53, 12]},
			"faces": {
				"north": {"uv": [8, 0, 11, 13], "rotation": 180, "texture": "#05_plus"},
				"south": {"uv": [8, 0, 11, 13], "rotation": 180, "texture": "#05_plus"},
				"up": {"uv": [11, 0, 13, 3], "rotation": 270, "texture": "#05_plus_side"}
			}
		},
		{
			"from": [0, 0, 0],
			"to": [3, 16, 16],
			"faces": {
				"north": {"uv": [11, 0, 8, 16], "texture": "#05_plus", "cullface": "north"},
				"east": {"uv": [0, 0, 16, 16], "texture": "#bottom"},
				"south": {"uv": [12, 0, 15, 16], "texture": "#05_plus", "cullface": "south"},
				"west": {"uv": [16, 0, 0, 16], "texture": "#bottom", "cullface": "west"},
				"down": {"uv": [0, 0, 16, 3], "rotation": 90, "texture": "#05_plus_side", "cullface": "down"}
			}
		}
	],
	"groups": [
		{
			"name": "group",
			"origin": [0, 0, 0],
			"color": 0,
			"children": [0, 1, 2]
		},
		3
	]
}