{
	"credit": "Made with Blockbench",
	"textures": {
		"top": "block/bamboo_door_top",
		"05_plus": "block/bamboo_door_05_plus",
		"05_plus_side": "block/bamboo_door_05_plus_side",
		"particle": "block/bamboo_door_top"
	},
	"elements": [
		{
			"from": [3, 12, 12],
			"to": [0, 1, 4],
			"rotation": {"angle": 0, "axis": "y", "origin": [1.5, 6.5, 8]},
			"faces": {
				"north": {"uv": [0, 4, 3, 15], "rotation": 180, "texture": "#05_plus"},
				"south": {"uv": [0, 4, 3, 15], "rotation": 180, "texture": "#05_plus"},
				"up": {"uv": [4, 0, 12, 3], "rotation": 90, "texture": "#05_plus_side"},
				"down": {"uv": [4, 0, 12, 3], "rotation": 90, "texture": "#05_plus_side"}
			}
		},
		{
			"from": [0, 2, 4],
			"to": [3, 3, 12],
			"rotation": {"angle": 0, "axis": "y", "origin": [1.5, 2, 5]},
			"faces": {
				"up": {"uv": [4, 0, 12, 3], "rotation": 270, "texture": "#05_plus_side"},
				"down": {"uv": [4, 0, 12, 3], "rotation": 270, "texture": "#05_plus_side"}
			}
		},
		{
			"from": [0, 10, 4],
			"to": [3, 11, 12],
			"rotation": {"angle": 0, "axis": "y", "origin": [1.5, 10, 5]},
			"faces": {
				"up": {"uv": [4, 0, 12, 3], "rotation": 270, "texture": "#05_plus_side"},
				"down": {"uv": [4, 0, 12, 3], "rotation": 270, "texture": "#05_plus_side"}
			}
		},
		{
			"from": [0, 1, 5],
			"to": [3, 12, 6],
			"rotation": {"angle": 0, "axis": "y", "origin": [1.5, 10, 5]},
			"faces": {
				"north": {"uv": [0, 4, 3, 15], "texture": "#05_plus"},
				"south": {"uv": [0, 4, 3, 15], "texture": "#05_plus"}
			}
		},
		{
			"from": [0, 1, 10],
			"to": [3, 12, 11],
			"rotation": {"angle": 0, "axis": "y", "origin": [1.5, 10, 10]},
			"faces": {
				"north": {"uv": [0, 4, 3, 15], "texture": "#05_plus"},
				"south": {"uv": [0, 4, 3, 15], "texture": "#05_plus"}
			}
		},
		{
			"from": [0, 4, 4],
			"to": [3, 5, 5],
			"rotation": {"angle": 0, "axis": "y", "origin": [1.5, 4.5, 4.5]},
			"faces": {
				"up": {"uv": [4, 0, 5, 3], "rotation": 270, "texture": "#05_plus_side"},
				"down": {"uv": [4, 0, 5, 3], "rotation": 270, "texture": "#05_plus_side"}
			}
		},
		{
			"from": [0, 4, 11],
			"to": [3, 5, 12],
			"rotation": {"angle": 0, "axis": "y", "origin": [1.5, 4.5, 11.5]},
			"faces": {
				"up": {"uv": [11, 0, 12, 3], "rotation": 270, "texture": "#05_plus_side"},
				"down": {"uv": [11, 0, 12, 3], "rotation": 270, "texture": "#05_plus_side"}
			}
		},
		{
			"from": [0, 6, 4],
			"to": [3, 7, 5],
			"rotation": {"angle": 0, "axis": "y", "origin": [1.5, 6.5, 4.5]},
			"faces": {
				"up": {"uv": [4, 0, 5, 3], "rotation": 270, "texture": "#05_plus_side"},
				"down": {"uv": [4, 0, 5, 3], "rotation": 270, "texture": "#05_plus_side"}
			}
		},
		{
			"from": [0, 6, 11],
			"to": [3, 7, 12],
			"rotation": {"angle": 0, "axis": "y", "origin": [1.5, 6.5, 11.5]},
			"faces": {
				"up": {"uv": [11, 0, 12, 3], "rotation": 270, "texture": "#05_plus_side"},
				"down": {"uv": [11, 0, 12, 3], "rotation": 270, "texture": "#05_plus_side"}
			}
		},
		{
			"from": [0, 8, 4],
			"to": [3, 9, 5],
			"rotation": {"angle": 0, "axis": "y", "origin": [1.5, 8.5, 4.5]},
			"faces": {
				"up": {"uv": [4, 0, 5, 3], "rotation": 270, "texture": "#05_plus_side"},
				"down": {"uv": [4, 0, 5, 3], "rotation": 270, "texture": "#05_plus_side"}
			}
		},
		{
			"from": [0, 8, 11],
			"to": [3, 9, 12],
			"rotation": {"angle": 0, "axis": "y", "origin": [1.5, 8.5, 11.5]},
			"faces": {
				"up": {"uv": [11, 0, 12, 3], "rotation": 270, "texture": "#05_plus_side"},
				"down": {"uv": [11, 0, 12, 3], "rotation": 270, "texture": "#05_plus_side"}
			}
		},
		{
			"from": [0, 0, 0],
			"to": [3, 16, 16],
			"faces": {
				"north": {"uv": [7, 0, 4, 16], "texture": "#05_plus", "cullface": "north"},
				"east": {"uv": [16, 0, 0, 16], "texture": "#top"},
				"south": {"uv": [3, 0, 0, 16], "texture": "#05_plus", "cullface": "south"},
				"west": {"uv": [0, 0, 16, 16], "texture": "#top", "cullface": "west"},
				"up": {"uv": [0, 0, 16, 3], "rotation": 90, "texture": "#05_plus_side", "cullface": "up"}
			}
		}
	],
	"groups": [
		{
			"name": "group",
			"origin": [1.5, 6.5, 8],
			"color": 0,
			"children": [0, 1, 2, 3, 4, 5, 6, 7, 8, 9, 10]
		},
		11
	]
}