{
	"credit": "Made with Blockbench",
	"parent": "block/block",
	"textures": {
		"2": "block/05m_amethyst_1",
		"3": "block/amethyst_block",
		"4": "block/05m_amethyst_2",
		"particle": "block/sculk_sensor_bottom",
		"bottom": "block/sculk_sensor_bottom",
		"side": "block/sculk_sensor_side",
		"calibrated_side": "block/calibrated_sculk_sensor_input_side",
		"tendrils": "block/sculk_sensor_tendril_inactive",
		"top": "block/calibrated_sculk_sensor_top"
	},
	"elements": [
		{
			"name": "bottom_4",
			"from": [4.9445, 6.3575, 3.7043],
			"to": [7.3745, 9.62, 6.1343],
			"rotation": {"angle": -45, "axis": "y", "origin": [4.715, 7.98875, 4.715]},
			"faces": {
				"north": {"uv": [0, 11, 3, 15], "texture": "#3"},
				"east": {"uv": [13, 11, 16, 15], "texture": "#3"},
				"south": {"uv": [6, 11, 9, 15], "texture": "#3"},
				"west": {"uv": [3, 11, 6, 15], "texture": "#3"},
				"up": {"uv": [3, 8, 6, 11], "rotation": 90, "texture": "#3"}
			}
		},
		{
			"name": "bottom_3",
			"from": [9.1835, 6.2783, 4.3775],
			"to": [11.7035, 8.7983, 6.8075],
			"rotation": {"angle": 22.5, "axis": "z", "origin": [10.385, 7.685, 5.57]},
			"faces": {
				"north": {"uv": [3, 6, 6, 9], "texture": "#3"},
				"east": {"uv": [0, 6, 3, 9], "texture": "#3"},
				"south": {"uv": [13, 6, 16, 9], "texture": "#3"},
				"west": {"uv": [6, 6, 9, 9], "texture": "#3"},
				"up": {"uv": [0, 3, 3, 6], "rotation": 270, "texture": "#3"}
			}
		},
		{
			"name": "bottom_2",
			"from": [9.5975, 7.1387, 9.1169],
			"to": [11.2175, 8.7587, 13.1669],
			"rotation": {"angle": -22.5, "axis": "x", "origin": [8, 7.28, 8]},
			"faces": {
				"east": {"uv": [10, 1, 12, 6], "rotation": 270, "texture": "#4"},
				"south": {"uv": [13, 1, 15, 3], "texture": "#4"},
				"west": {"uv": [10, 1, 12, 6], "rotation": 90, "texture": "#4"},
				"up": {"uv": [10, 1, 12, 6], "rotation": 180, "texture": "#4"},
				"down": {"uv": [10, 1, 12, 6], "texture": "#4"}
			}
		},
		{
			"name": "bottom_1",
			"from": [6.1307, 7.1675, 8.9288],
			"to": [10.9907, 8.81, 11.3588],
			"rotation": {"angle": -22.5, "axis": "y", "origin": [8, 7.98875, 8]},
			"faces": {
				"east": {"uv": [11, 11, 14, 13], "texture": "#3"},
				"south": {"uv": [5, 11, 11, 13], "texture": "#3"},
				"west": {"uv": [7, 9, 10, 11], "texture": "#3"},
				"up": {"uv": [5, 8, 11, 11], "texture": "#3"}
			}
		},
		{
			"name": "spire_w",
			"from": [2.501, 9.836, 7.5725],
			"to": [4.796, 12.131, 10.0475],
			"rotation": {"angle": 0, "axis": "y", "origin": [3.6485, 10.9835, 8.81]},
			"faces": {
				"north": {"uv": [1, 12, 4, 15], "rotation": 90, "texture": "#2"},
				"south": {"uv": [1, 12, 4, 15], "texture": "#2"},
				"west": {"uv": [5, 12, 8, 15], "texture": "#2"},
				"up": {"uv": [12, 8, 15, 11], "texture": "#4"}
			}
		},
		{
			"name": "spire_e",
			"from": [11.204, 9.026, 6.7625],
			"to": [13.499, 11.321, 9.2375],
			"rotation": {"angle": 0, "axis": "y", "origin": [12.3515, 10.1735, 8]},
			"faces": {
				"north": {"uv": [1, 12, 4, 15], "texture": "#2"},
				"east": {"uv": [5, 12, 8, 15], "texture": "#2"},
				"south": {"uv": [1, 12, 4, 15], "rotation": 90, "texture": "#2"},
				"up": {"uv": [12, 8, 15, 11], "rotation": 180, "texture": "#4"}
			}
		},
		{
			"name": "pillar_w",
			"from": [6.974, 6.254, 7.595],
			"to": [10.214, 12.734, 10.025],
			"rotation": {"angle": 45, "axis": "z", "origin": [8.225, 5.885, 8.81]},
			"faces": {
				"north": {"uv": [1, 1, 5, 9], "texture": "#4"},
				"east": {"uv": [6, 1, 9, 9], "texture": "#4"},
				"south": {"uv": [1, 1, 5, 9], "texture": "#4"},
				"west": {"uv": [6, 1, 9, 9], "texture": "#4"}
			}
		},
		{
			"name": "pillar_e",
			"from": [6.137, 5.588, 6.785],
			"to": [9.377, 12.068, 9.215],
			"rotation": {"angle": -45, "axis": "z", "origin": [7.775, 5.57, 8]},
			"faces": {
				"north": {"uv": [1, 1, 5, 9], "texture": "#4"},
				"east": {"uv": [6, 1, 9, 9], "texture": "#4"},
				"south": {"uv": [1, 1, 5, 9], "texture": "#4"},
				"west": {"uv": [6, 1, 9, 9], "texture": "#4"}
			}
		},
		{
			"name": "spire_0",
			"from": [6.29, 14.48, 6.02],
			"to": [9.71, 17.9, 9.98],
			"rotation": {"angle": 45, "axis": "z", "origin": [8, 16.19, 8]},
			"faces": {
				"north": {"uv": [1, 11, 5, 15], "texture": "#4"},
				"east": {"uv": [6, 11, 11, 15], "texture": "#4"},
				"south": {"uv": [1, 11, 5, 15], "rotation": 90, "texture": "#4"},
				"up": {"uv": [6, 11, 11, 15], "rotation": 90, "texture": "#4"}
			}
		},
		{
			"name": "pillar_0",
			"from": [5.5925, 7.28, 5.9975],
			"to": [10.4075, 16.19, 10.0025],
			"rotation": {"angle": 0, "axis": "y", "origin": [8.45, 12.23, 8.45]},
			"faces": {
				"north": {"uv": [1, 0, 7, 11], "texture": "#2"},
				"east": {"uv": [8, 0, 13, 11], "texture": "#2"},
				"south": {"uv": [1, 0, 7, 11], "texture": "#2"},
				"west": {"uv": [8, 0, 13, 11], "texture": "#2"}
			}
		},
		{
			"from": [0, 0, 0],
			"to": [16, 8, 16],
			"faces": {
				"north": {"uv": [0, 8, 16, 16], "texture": "#side", "cullface": "north"},
				"east": {"uv": [0, 8, 16, 16], "texture": "#side", "cullface": "east"},
				"south": {"uv": [0, 8, 16, 16], "texture": "#calibrated_side", "cullface": "south"},
				"west": {"uv": [0, 8, 16, 16], "texture": "#side", "cullface": "west"},
				"up": {"uv": [0, 0, 16, 16], "texture": "#top"},
				"down": {"uv": [0, 0, 16, 16], "texture": "#bottom", "cullface": "down"}
			}
		},
		{
			"from": [-1, 8, 3],
			"to": [7, 16, 3],
			"rotation": {"angle": 45, "axis": "y", "origin": [3, 12, 3]},
			"faces": {
				"north": {"uv": [4, 8, 12, 16], "texture": "#tendrils"},
				"south": {"uv": [12, 8, 4, 16], "texture": "#tendrils"}
			}
		},
		{
			"from": [9, 8, 3],
			"to": [17, 16, 3],
			"rotation": {"angle": -45, "axis": "y", "origin": [13, 12, 3]},
			"faces": {
				"north": {"uv": [12, 8, 4, 16], "texture": "#tendrils"},
				"south": {"uv": [4, 8, 12, 16], "texture": "#tendrils"}
			}
		},
		{
			"from": [9, 8, 13],
			"to": [17, 16, 13],
			"rotation": {"angle": 45, "axis": "y", "origin": [13, 12, 13]},
			"faces": {
				"north": {"uv": [12, 8, 4, 16], "texture": "#tendrils"},
				"south": {"uv": [4, 8, 12, 16], "texture": "#tendrils"}
			}
		},
		{
			"from": [-1, 8, 13],
			"to": [7, 16, 13],
			"rotation": {"angle": -45, "axis": "y", "origin": [3, 12, 13]},
			"faces": {
				"north": {"uv": [4, 8, 12, 16], "texture": "#tendrils"},
				"south": {"uv": [12, 8, 4, 16], "texture": "#tendrils"}
			}
		}
	],
	"gui_light": "front",
	"display": {
		"thirdperson_lefthand": {
			"rotation": [75, -45, 0],
			"translation": [0, 2.5, 0],
			"scale": [0.375, 0.375, 0.375]
		},
		"gui": {
			"rotation": [30, 45, 0],
			"scale": [0.625, 0.625, 0.625]
		},
        "head": {
			"rotation": [ 0, -180, 0 ],
			"translation": [ 0, 8.5, 0],
			"scale":[ 0.95, 0.95, 0.95]
		}
	}
}