{
	"credit": "Made with Blockbench",
	"textures": {
		"bottom": "block/cherry_door_bottom",
		"05_plus": "block/cherry_door_05_plus",
		"05_plus_side": "block/cherry_door_05_plus_side",
		"particle": "block/cherry_door_bottom"
	},
	"elements": [
		{
			"from": [3, 16, 11],
			"to": [0, 15, 5],
			"rotation": {"angle": 0, "axis": "y", "origin": [1.5, 15.5, 8]},
			"faces": {
				"up": {"uv": [5, 0, 11, 3], "rotation": 90, "texture": "#05_plus_side"}
			}
		},
		{
			"from": [0, 15, 4],
			"to": [3, 16, 5],
			"rotation": {"angle": 0, "axis": "y", "origin": [1.5, 15.5, 4.5]},
			"faces": {
				"south": {"uv": [8, 0, 11, 1], "texture": "#05_plus"},
				"up": {"uv": [4, 0, 5, 3], "rotation": 270, "texture": "#05_plus_side"}
			}
		},
		{
			"from": [0, 15, 11],
			"to": [3, 16, 12],
			"rotation": {"angle": 0, "axis": "y", "origin": [1.5, 15.5, 11.5]},
			"faces": {
				"north": {"uv": [8, 0, 11, 1], "texture": "#05_plus"},
				"up": {"uv": [11, 0, 12, 3], "rotation": 270, "texture": "#05_plus_side"}
			}
		},
		{
			"from": [0, 15, 6],
			"to": [3, 16, 10],
			"rotation": {"angle": 0, "axis": "y", "origin": [1.5, 15.5, 6.5]},
			"faces": {
				"north": {"uv": [8, 0, 11, 1], "texture": "#05_plus"},
				"south": {"uv": [8, 0, 11, 1], "texture": "#05_plus"},
				"up": {"uv": [6, 0, 10, 3], "rotation": 270, "texture": "#05_plus_side"}
			}
		},
		{
			"from": [0, 0, 0],
			"to": [3, 16, 16],
			"faces": {
				"north": {"uv": [8, 0, 11, 16], "texture": "#05_plus", "cullface": "north"},
				"east": {"uv": [0, 0, 16, 16], "texture": "#bottom"},
				"south": {"uv": [12, 0, 15, 16], "texture": "#05_plus", "cullface": "south"},
				"west": {"uv": [16, 0, 0, 16], "texture": "#bottom", "cullface": "west"},
				"down": {"uv": [0, 3, 16, 0], "rotation": 90, "texture": "#05_plus_side", "cullface": "down"}
			}
		}
	],
	"groups": [
		{
			"name": "group",
			"origin": [1.5, 15.5, 8],
			"color": 0,
			"children": [0, 1, 2, 3]
		},
		4
	]
}