{
	"parent": "block/thin_block",
	"credit": "Made with Blockbench",
	"textures": {
		"texture": "block/cherry_trapdoor",
		"05_plus_side": "block/cherry_door_05_plus_side",
		"particle": "block/cherry_trapdoor"
	},
	"elements": [
		{
			"from": [12, 12, 16],
			"to": [4, 4, 13],
			"rotation": {"angle": 0, "axis": "y", "origin": [8, 8, 14.5]},
			"faces": {
				"east": {"uv": [4, 0, 12, 3], "rotation": 90, "texture": "#05_plus_side"},
				"west": {"uv": [4, 0, 12, 3], "rotation": 90, "texture": "#05_plus_side"},
				"up": {"uv": [4, 0, 12, 3], "rotation": 180, "texture": "#05_plus_side"},
				"down": {"uv": [4, 0, 12, 3], "rotation": 180, "texture": "#05_plus_side"}
			}
		},
		{
			"from": [6, 4, 13],
			"to": [7, 12, 16],
			"rotation": {"angle": 0, "axis": "y", "origin": [6.5, 8, 14.5]},
			"faces": {
				"east": {"uv": [4, 0, 12, 3], "rotation": 270, "texture": "#05_plus_side"},
				"west": {"uv": [4, 0, 12, 3], "rotation": 270, "texture": "#05_plus_side"}
			}
		},
		{
			"from": [9, 4, 13],
			"to": [10, 12, 16],
			"rotation": {"angle": 0, "axis": "y", "origin": [9.5, 8, 14.5]},
			"faces": {
				"east": {"uv": [4, 0, 12, 3], "rotation": 270, "texture": "#05_plus_side"},
				"west": {"uv": [4, 0, 12, 3], "rotation": 270, "texture": "#05_plus_side"}
			}
		},
		{
			"from": [4, 6, 13],
			"to": [12, 7, 16],
			"rotation": {"angle": 0, "axis": "y", "origin": [8, 6.5, 14.5]},
			"faces": {
				"up": {"uv": [4, 0, 12, 3], "texture": "#05_plus_side"},
				"down": {"uv": [4, 0, 12, 3], "texture": "#05_plus_side"}
			}
		},
		{
			"from": [4, 9, 13],
			"to": [12, 10, 16],
			"rotation": {"angle": 0, "axis": "y", "origin": [8, 9.5, 14.5]},
			"faces": {
				"up": {"uv": [4, 0, 12, 3], "texture": "#05_plus_side"},
				"down": {"uv": [4, 0, 12, 3], "texture": "#05_plus_side"}
			}
		},
		{
			"from": [0, 0, 13],
			"to": [16, 16, 16],
			"faces": {
				"north": {"uv": [16, 16, 0, 0], "texture": "#texture"},
				"east": {"uv": [0, 0, 16, 3], "rotation": 90, "texture": "#05_plus_side", "cullface": "east"},
				"south": {"uv": [16, 16, 0, 0], "texture": "#texture", "cullface": "south"},
				"west": {"uv": [16, 0, 0, 3], "rotation": 90, "texture": "#05_plus_side", "cullface": "west"},
				"up": {"uv": [0, 3, 16, 0], "texture": "#05_plus_side", "cullface": "up"},
				"down": {"uv": [0, 4, 16, 7], "texture": "#05_plus_side", "cullface": "down"}
			}
		}
	],
	"groups": [
		{
			"name": "group",
			"origin": [0, 0, 0],
			"color": 0,
			"children": [0, 1, 2, 3, 4]
		},
		5
	]
}