{
	"credit": "Made with Blockbench",
	"textures": {
		"top": "block/cherry_door_top",
		"05_plus": "block/cherry_door_05_plus",
		"05_plus_side": "block/cherry_door_05_plus_side",
		"particle": "block/cherry_door_top"
	},
	"elements": [
		{
			"from": [3, 4, 9],
			"to": [0, 2, 7],
			"rotation": {"angle": 0, "axis": "y", "origin": [1.5, 3, 8]},
			"faces": {
				"north": {"uv": [0, 12, 3, 14], "rotation": 180, "texture": "#05_plus"},
				"south": {"uv": [0, 12, 3, 14], "rotation": 180, "texture": "#05_plus"},
				"up": {"uv": [7, 0, 9, 3], "rotation": 90, "texture": "#05_plus_side"},
				"down": {"uv": [7, 0, 9, 3], "rotation": 90, "texture": "#05_plus_side"}
			}
		},
		{
			"from": [3, 9, 9],
			"to": [0, 7, 7],
			"rotation": {"angle": 0, "axis": "y", "origin": [1.5, 8, 8]},
			"faces": {
				"north": {"uv": [0, 7, 3, 9], "rotation": 180, "texture": "#05_plus"},
				"south": {"uv": [0, 7, 3, 9], "rotation": 180, "texture": "#05_plus"},
				"up": {"uv": [7, 0, 9, 3], "rotation": 90, "texture": "#05_plus_side"},
				"down": {"uv": [7, 0, 9, 3], "rotation": 90, "texture": "#05_plus_side"}
			}
		},
		{
			"from": [0, 1, 6],
			"to": [3, 5, 10],
			"rotation": {"angle": 0, "axis": "y", "origin": [1.5, 3, 8]},
			"faces": {
				"north": {"uv": [0, 11, 3, 15], "texture": "#05_plus"},
				"south": {"uv": [0, 11, 3, 15], "texture": "#05_plus"},
				"up": {"uv": [6, 0, 10, 3], "rotation": 270, "texture": "#05_plus_side"},
				"down": {"uv": [6, 0, 10, 3], "rotation": 270, "texture": "#05_plus_side"}
			}
		},
		{
			"from": [0, 6, 6],
			"to": [3, 10, 10],
			"rotation": {"angle": 0, "axis": "y", "origin": [1.5, 8, 8]},
			"faces": {
				"north": {"uv": [0, 6, 3, 10], "texture": "#05_plus"},
				"south": {"uv": [0, 6, 3, 10], "texture": "#05_plus"},
				"up": {"uv": [6, 0, 10, 3], "rotation": 270, "texture": "#05_plus_side"},
				"down": {"uv": [6, 0, 10, 3], "rotation": 270, "texture": "#05_plus_side"}
			}
		},
		{
			"from": [0, 11, 6],
			"to": [3, 12, 10],
			"rotation": {"angle": 0, "axis": "y", "origin": [1.5, 13, 8]},
			"faces": {
				"north": {"uv": [0, 4, 3, 5], "texture": "#05_plus"},
				"south": {"uv": [0, 4, 3, 5], "texture": "#05_plus"},
				"down": {"uv": [6, 0, 10, 3], "rotation": 270, "texture": "#05_plus_side"}
			}
		},
		{
			"from": [3, 12, 7],
			"to": [0, 9, 4],
			"rotation": {"angle": 0, "axis": "y", "origin": [1.5, 10.5, 5.5]},
			"faces": {
				"north": {"uv": [0, 4, 3, 7], "rotation": 180, "texture": "#05_plus"},
				"south": {"uv": [0, 4, 3, 7], "rotation": 180, "texture": "#05_plus"},
				"up": {"uv": [4, 0, 7, 3], "rotation": 90, "texture": "#05_plus_side"},
				"down": {"uv": [4, 0, 7, 3], "rotation": 90, "texture": "#05_plus_side"}
			}
		},
		{
			"from": [3, 12, 12],
			"to": [0, 9, 9],
			"rotation": {"angle": 0, "axis": "y", "origin": [1.5, 10.5, 10.5]},
			"faces": {
				"north": {"uv": [0, 4, 3, 7], "rotation": 180, "texture": "#05_plus"},
				"south": {"uv": [0, 4, 3, 7], "rotation": 180, "texture": "#05_plus"},
				"up": {"uv": [9, 0, 12, 3], "rotation": 90, "texture": "#05_plus_side"},
				"down": {"uv": [9, 0, 12, 3], "rotation": 90, "texture": "#05_plus_side"}
			}
		},
		{
			"from": [3, 7, 7],
			"to": [0, 4, 4],
			"rotation": {"angle": 0, "axis": "y", "origin": [1.5, 5.5, 5.5]},
			"faces": {
				"north": {"uv": [0, 9, 3, 12], "rotation": 180, "texture": "#05_plus"},
				"south": {"uv": [0, 9, 3, 12], "rotation": 180, "texture": "#05_plus"},
				"up": {"uv": [4, 0, 7, 3], "rotation": 90, "texture": "#05_plus_side"},
				"down": {"uv": [4, 0, 7, 3], "rotation": 90, "texture": "#05_plus_side"}
			}
		},
		{
			"from": [3, 7, 12],
			"to": [0, 4, 9],
			"rotation": {"angle": 0, "axis": "y", "origin": [1.5, 5.5, 10.5]},
			"faces": {
				"north": {"uv": [0, 9, 3, 12], "rotation": 180, "texture": "#05_plus"},
				"south": {"uv": [0, 9, 3, 12], "rotation": 180, "texture": "#05_plus"},
				"up": {"uv": [9, 0, 12, 3], "rotation": 90, "texture": "#05_plus_side"},
				"down": {"uv": [9, 0, 12, 3], "rotation": 90, "texture": "#05_plus_side"}
			}
		},
		{
			"from": [3, 2, 7],
			"to": [0, 0, 4],
			"rotation": {"angle": 0, "axis": "y", "origin": [1.5, 1, 5.5]},
			"faces": {
				"north": {"uv": [0, 14, 3, 16], "rotation": 180, "texture": "#05_plus"},
				"south": {"uv": [0, 14, 3, 16], "rotation": 180, "texture": "#05_plus"},
				"down": {"uv": [4, 0, 7, 3], "rotation": 90, "texture": "#05_plus_side"}
			}
		},
		{
			"from": [3, 2, 12],
			"to": [0, 0, 9],
			"rotation": {"angle": 0, "axis": "y", "origin": [1.5, 1, 10.5]},
			"faces": {
				"north": {"uv": [0, 14, 3, 16], "rotation": 180, "texture": "#05_plus"},
				"south": {"uv": [0, 14, 3, 16], "rotation": 180, "texture": "#05_plus"},
				"down": {"uv": [9, 0, 12, 3], "rotation": 90, "texture": "#05_plus_side"}
			}
		},
		{
			"from": [0, 6, 4],
			"to": [3, 10, 5],
			"rotation": {"angle": 0, "axis": "y", "origin": [1.5, 8, 6]},
			"faces": {
				"south": {"uv": [0, 6, 3, 10], "texture": "#05_plus"},
				"up": {"uv": [4, 0, 5, 3], "rotation": 270, "texture": "#05_plus_side"},
				"down": {"uv": [4, 0, 5, 3], "rotation": 270, "texture": "#05_plus_side"}
			}
		},
		{
			"from": [0, 6, 11],
			"to": [3, 10, 12],
			"rotation": {"angle": 0, "axis": "y", "origin": [1.5, 8, 13]},
			"faces": {
				"north": {"uv": [0, 6, 3, 10], "texture": "#05_plus"},
				"up": {"uv": [11, 0, 12, 3], "rotation": 270, "texture": "#05_plus_side"},
				"down": {"uv": [11, 0, 12, 3], "rotation": 270, "texture": "#05_plus_side"}
			}
		},
		{
			"from": [0, 1, 4],
			"to": [3, 5, 5],
			"rotation": {"angle": 0, "axis": "y", "origin": [1.5, 3, 6]},
			"faces": {
				"south": {"uv": [0, 11, 3, 15], "texture": "#05_plus"},
				"up": {"uv": [4, 0, 5, 3], "rotation": 270, "texture": "#05_plus_side"},
				"down": {"uv": [4, 0, 5, 3], "rotation": 270, "texture": "#05_plus_side"}
			}
		},
		{
			"from": [0, 1, 11],
			"to": [3, 5, 12],
			"rotation": {"angle": 0, "axis": "y", "origin": [1.5, 3, 13]},
			"faces": {
				"north": {"uv": [0, 11, 3, 15], "texture": "#05_plus"},
				"up": {"uv": [11, 0, 12, 3], "rotation": 270, "texture": "#05_plus_side"},
				"down": {"uv": [11, 0, 12, 3], "rotation": 270, "texture": "#05_plus_side"}
			}
		},
		{
			"from": [0, 11, 11],
			"to": [3, 12, 12],
			"rotation": {"angle": 0, "axis": "y", "origin": [1.5, 13, 13]},
			"faces": {
				"north": {"uv": [0, 4, 3, 5], "texture": "#05_plus"},
				"down": {"uv": [11, 0, 12, 3], "rotation": 270, "texture": "#05_plus_side"}
			}
		},
		{
			"from": [0, 11, 4],
			"to": [3, 12, 5],
			"rotation": {"angle": 0, "axis": "y", "origin": [1.5, 13, 6]},
			"faces": {
				"south": {"uv": [0, 4, 3, 5], "texture": "#05_plus"},
				"down": {"uv": [4, 0, 5, 3], "rotation": 270, "texture": "#05_plus_side"}
			}
		},
		{
			"from": [0, 0, 0],
			"to": [3, 16, 16],
			"faces": {
				"north": {"uv": [0, 0, 3, 16], "texture": "#05_plus", "cullface": "north"},
				"east": {"uv": [0, 0, 16, 16], "texture": "#top"},
				"south": {"uv": [4, 0, 7, 16], "texture": "#05_plus", "cullface": "south"},
				"west": {"uv": [16, 0, 0, 16], "texture": "#top", "cullface": "west"},
				"up": {"uv": [0, 3, 16, 0], "rotation": 270, "texture": "#05_plus_side", "cullface": "up"}
			}
		}
	],
	"groups": [
		{
			"name": "group",
			"origin": [8, 8, 8],
			"color": 0,
			"children": [0, 1, 2, 3, 4, 5, 6, 7, 8, 9, 10, 11, 12, 13, 14, 15, 16]
		},
		17
	]
}