{
	"parent": "block/thin_block",
	"credit": "Made with Blockbench",
	"textures": {
		"texture": "block/cherry_trapdoor",
		"05_plus_side": "block/cherry_door_05_plus_side",
		"particle": "block/cherry_trapdoor"
	},
	"elements": [
		{
			"from": [12, 16, 12],
			"to": [4, 13, 4],
			"rotation": {"angle": 0, "axis": "x", "origin": [8, 14.5, 8]},
			"faces": {
				"north": {"uv": [4, 0, 12, 3], "texture": "#05_plus_side"},
				"east": {"uv": [4, 0, 12, 3], "texture": "#05_plus_side"},
				"south": {"uv": [4, 0, 12, 3], "rotation": 180, "texture": "#05_plus_side"},
				"west": {"uv": [4, 0, 12, 3], "rotation": 180, "texture": "#05_plus_side"}
			}
		},
		{
			"from": [6, 13, 4],
			"to": [7, 16, 12],
			"rotation": {"angle": 0, "axis": "x", "origin": [8, 14.5, 8]},
			"faces": {
				"east": {"uv": [4, 0, 12, 3], "rotation": 180, "texture": "#05_plus_side"},
				"west": {"uv": [4, 0, 12, 3], "texture": "#05_plus_side"}
			}
		},
		{
			"from": [9, 13, 4],
			"to": [10, 16, 12],
			"rotation": {"angle": 0, "axis": "x", "origin": [8, 14.5, 8]},
			"faces": {
				"east": {"uv": [4, 0, 12, 3], "rotation": 180, "texture": "#05_plus_side"},
				"west": {"uv": [4, 0, 12, 3], "texture": "#05_plus_side"}
			}
		},
		{
			"from": [4, 13, 6],
			"to": [12, 16, 7],
			"rotation": {"angle": 0, "axis": "x", "origin": [8, 14.5, 8]},
			"faces": {
				"north": {"uv": [4, 0, 12, 3], "rotation": 180, "texture": "#05_plus_side"},
				"south": {"uv": [4, 0, 12, 3], "texture": "#05_plus_side"}
			}
		},
		{
			"from": [4, 13, 9],
			"to": [12, 16, 10],
			"rotation": {"angle": 0, "axis": "x", "origin": [8, 14.5, 8]},
			"faces": {
				"north": {"uv": [4, 0, 12, 3], "rotation": 180, "texture": "#05_plus_side"},
				"south": {"uv": [4, 0, 12, 3], "texture": "#05_plus_side"}
			}
		},
		{
			"from": [0, 13, 0],
			"to": [16, 16, 16],
			"faces": {
				"north": {"uv": [0, 0, 16, 3], "texture": "#05_plus_side", "cullface": "north"},
				"east": {"uv": [0, 0, 16, 3], "texture": "#05_plus_side", "cullface": "east"},
				"south": {"uv": [0, 4, 16, 7], "texture": "#05_plus_side", "cullface": "south"},
				"west": {"uv": [0, 0, 16, 3], "texture": "#05_plus_side", "cullface": "west"},
				"up": {"uv": [0, 16, 16, 0], "texture": "#texture", "cullface": "up"},
				"down": {"uv": [0, 0, 16, 16], "texture": "#texture"}
			}
		}
	],
	"groups": [
		{
			"name": "group",
			"origin": [0, 0, 0],
			"color": 0,
			"children": [0, 1, 2, 3, 4]
		},
		5
	]
}