{
	"parent": "block/thin_block",
	"credit": "Made with Blockbench",
	"textures": {
		"texture": "block/copper_trapdoor",
		"05_plus_side": "block/copper_door_05_plus_side",
		"particle": "block/copper_trapdoor"
	},
	"elements": [
		{
			"from": [13, 3, 13],
			"to": [3, 0, 3],
			"rotation": {"angle": 0, "axis": "y", "origin": [8, 1.5, 8]},
			"faces": {
				"north": {"uv": [3, 0, 13, 3], "texture": "#05_plus_side"},
				"east": {"uv": [3, 0, 13, 3], "texture": "#05_plus_side"},
				"south": {"uv": [3, 0, 13, 3], "rotation": 180, "texture": "#05_plus_side"},
				"west": {"uv": [3, 0, 13, 3], "rotation": 180, "texture": "#05_plus_side"}
			}
		},
		{
			"from": [9, 3, 9],
			"to": [7, 0, 7],
			"rotation": {"angle": 0, "axis": "y", "origin": [8, 1.5, 8]},
			"faces": {
				"north": {"uv": [7, 0, 9, 3], "texture": "#05_plus_side"},
				"east": {"uv": [7, 0, 9, 3], "texture": "#05_plus_side"},
				"south": {"uv": [7, 0, 9, 3], "rotation": 180, "texture": "#05_plus_side"},
				"west": {"uv": [7, 0, 9, 3], "rotation": 180, "texture": "#05_plus_side"}
			}
		},
		{
			"from": [6, 0, 6],
			"to": [10, 3, 10],
			"rotation": {"angle": 0, "axis": "y", "origin": [8, 1.5, 8]},
			"faces": {
				"north": {"uv": [6, 0, 10, 3], "rotation": 180, "texture": "#05_plus_side"},
				"east": {"uv": [6, 0, 10, 3], "rotation": 180, "texture": "#05_plus_side"},
				"south": {"uv": [6, 0, 10, 3], "texture": "#05_plus_side"},
				"west": {"uv": [6, 0, 10, 3], "texture": "#05_plus_side"}
			}
		},
		{
			"from": [3, 0, 3],
			"to": [5, 3, 5],
			"rotation": {"angle": 0, "axis": "y", "origin": [8, 1.5, 8]},
			"faces": {
				"east": {"uv": [3, 0, 5, 3], "rotation": 180, "texture": "#05_plus_side"},
				"south": {"uv": [3, 0, 5, 3], "texture": "#05_plus_side"}
			}
		},
		{
			"from": [4, 0, 4],
			"to": [6, 3, 6],
			"rotation": {"angle": 0, "axis": "y", "origin": [8, 1.5, 8]},
			"faces": {
				"north": {"uv": [4, 0, 6, 3], "rotation": 180, "texture": "#05_plus_side"},
				"east": {"uv": [4, 0, 6, 3], "rotation": 180, "texture": "#05_plus_side"},
				"south": {"uv": [4, 0, 6, 3], "texture": "#05_plus_side"},
				"west": {"uv": [4, 0, 6, 3], "texture": "#05_plus_side"}
			}
		},
		{
			"from": [5, 0, 5],
			"to": [7, 3, 7],
			"rotation": {"angle": 0, "axis": "y", "origin": [8, 1.5, 8]},
			"faces": {
				"north": {"uv": [5, 0, 7, 3], "rotation": 180, "texture": "#05_plus_side"},
				"east": {"uv": [5, 0, 7, 3], "rotation": 180, "texture": "#05_plus_side"},
				"south": {"uv": [5, 0, 7, 3], "texture": "#05_plus_side"},
				"west": {"uv": [5, 0, 7, 3], "texture": "#05_plus_side"}
			}
		},
		{
			"from": [9, 0, 9],
			"to": [11, 3, 11],
			"rotation": {"angle": 0, "axis": "y", "origin": [8, 1.5, 8]},
			"faces": {
				"north": {"uv": [9, 0, 11, 3], "rotation": 180, "texture": "#05_plus_side"},
				"east": {"uv": [9, 0, 11, 3], "rotation": 180, "texture": "#05_plus_side"},
				"south": {"uv": [9, 0, 11, 3], "texture": "#05_plus_side"},
				"west": {"uv": [9, 0, 11, 3], "texture": "#05_plus_side"}
			}
		},
		{
			"from": [10, 0, 10],
			"to": [12, 3, 12],
			"rotation": {"angle": 0, "axis": "y", "origin": [8, 1.5, 8]},
			"faces": {
				"north": {"uv": [10, 0, 12, 3], "rotation": 180, "texture": "#05_plus_side"},
				"east": {"uv": [10, 0, 12, 3], "rotation": 180, "texture": "#05_plus_side"},
				"south": {"uv": [10, 0, 12, 3], "texture": "#05_plus_side"},
				"west": {"uv": [10, 0, 12, 3], "texture": "#05_plus_side"}
			}
		},
		{
			"from": [11, 0, 11],
			"to": [13, 3, 13],
			"rotation": {"angle": 0, "axis": "y", "origin": [8, 1.5, 8]},
			"faces": {
				"north": {"uv": [11, 0, 13, 3], "rotation": 180, "texture": "#05_plus_side"},
				"west": {"uv": [11, 0, 13, 3], "texture": "#05_plus_side"}
			}
		},
		{
			"from": [11, 0, 3],
			"to": [13, 3, 5],
			"rotation": {"angle": 0, "axis": "y", "origin": [8, 1.5, 8]},
			"faces": {
				"south": {"uv": [11, 0, 13, 3], "texture": "#05_plus_side"},
				"west": {"uv": [3, 0, 5, 3], "texture": "#05_plus_side"}
			}
		},
		{
			"from": [10, 0, 4],
			"to": [12, 3, 6],
			"rotation": {"angle": 0, "axis": "y", "origin": [8, 1.5, 8]},
			"faces": {
				"north": {"uv": [10, 0, 12, 3], "rotation": 180, "texture": "#05_plus_side"},
				"east": {"uv": [4, 0, 6, 3], "rotation": 180, "texture": "#05_plus_side"},
				"south": {"uv": [10, 0, 12, 3], "texture": "#05_plus_side"},
				"west": {"uv": [4, 0, 6, 3], "texture": "#05_plus_side"}
			}
		},
		{
			"from": [9, 0, 5],
			"to": [11, 3, 7],
			"rotation": {"angle": 0, "axis": "y", "origin": [8, 1.5, 8]},
			"faces": {
				"north": {"uv": [9, 0, 11, 3], "rotation": 180, "texture": "#05_plus_side"},
				"east": {"uv": [5, 0, 7, 3], "rotation": 180, "texture": "#05_plus_side"},
				"south": {"uv": [9, 0, 11, 3], "texture": "#05_plus_side"},
				"west": {"uv": [5, 0, 7, 3], "texture": "#05_plus_side"}
			}
		},
		{
			"from": [5, 0, 9],
			"to": [7, 3, 11],
			"rotation": {"angle": 0, "axis": "y", "origin": [8, 1.5, 8]},
			"faces": {
				"north": {"uv": [5, 0, 7, 3], "rotation": 180, "texture": "#05_plus_side"},
				"east": {"uv": [9, 0, 11, 3], "rotation": 180, "texture": "#05_plus_side"},
				"south": {"uv": [5, 0, 7, 3], "texture": "#05_plus_side"},
				"west": {"uv": [9, 0, 11, 3], "texture": "#05_plus_side"}
			}
		},
		{
			"from": [4, 0, 10],
			"to": [6, 3, 12],
			"rotation": {"angle": 0, "axis": "y", "origin": [8, 1.5, 8]},
			"faces": {
				"north": {"uv": [4, 0, 6, 3], "rotation": 180, "texture": "#05_plus_side"},
				"east": {"uv": [10, 0, 12, 3], "rotation": 180, "texture": "#05_plus_side"},
				"south": {"uv": [4, 0, 6, 3], "texture": "#05_plus_side"},
				"west": {"uv": [10, 0, 12, 3], "texture": "#05_plus_side"}
			}
		},
		{
			"from": [3, 0, 11],
			"to": [5, 3, 13],
			"rotation": {"angle": 0, "axis": "y", "origin": [8, 1.5, 8]},
			"faces": {
				"north": {"uv": [3, 0, 5, 3], "rotation": 180, "texture": "#05_plus_side"},
				"east": {"uv": [11, 0, 13, 3], "rotation": 180, "texture": "#05_plus_side"}
			}
		},
		{
			"from": [0, 0, 0],
			"to": [16, 3, 16],
			"faces": {
				"north": {"uv": [0, 0, 16, 3], "texture": "#05_plus_side", "cullface": "north"},
				"east": {"uv": [0, 0, 16, 3], "texture": "#05_plus_side", "cullface": "east"},
				"south": {"uv": [0, 4, 16, 7], "texture": "#05_plus_side", "cullface": "south"},
				"west": {"uv": [0, 0, 16, 3], "texture": "#05_plus_side", "cullface": "west"},
				"up": {"uv": [0, 16, 16, 0], "texture": "#texture"},
				"down": {"uv": [0, 0, 16, 16], "texture": "#texture", "cullface": "down"}
			}
		}
	],
	"groups": [
		{
			"name": "group",
			"origin": [0, 0, 0],
			"color": 0,
			"children": [0, 1, 2, 3, 4, 5, 6, 7, 8, 9, 10, 11, 12, 13, 14]
		},
		15
	]
}