{
	"credit": "Made with Blockbench",
	"textures": {
		"top": "block/copper_door_top",
		"05_plus": "block/copper_door_05_plus",
		"05_plus_side": "block/copper_door_05_plus_side",
		"particle": "block/copper_door_top"
	},
	"elements": [
		{
			"from": [3, 13, 13],
			"to": [0, 3, 3],
			"rotation": {"angle": 0, "axis": "y", "origin": [1.5, 8, 8]},
			"faces": {
				"north": {"uv": [0, 3, 3, 13], "rotation": 180, "texture": "#05_plus"},
				"south": {"uv": [0, 3, 3, 13], "rotation": 180, "texture": "#05_plus"},
				"up": {"uv": [3, 0, 13, 3], "rotation": 270, "texture": "#05_plus_side"},
				"down": {"uv": [3, 0, 13, 3], "rotation": 90, "texture": "#05_plus_side"}
			}
		},
		{
			"from": [0, 6, 6],
			"to": [3, 10, 10],
			"rotation": {"angle": 0, "axis": "y", "origin": [1.5, 8, 8]},
			"faces": {
				"north": {"uv": [0, 6, 3, 10], "texture": "#05_plus"},
				"south": {"uv": [0, 6, 3, 10], "texture": "#05_plus"},
				"up": {"uv": [6, 0, 10, 3], "rotation": 90, "texture": "#05_plus_side"},
				"down": {"uv": [6, 0, 10, 3], "rotation": 270, "texture": "#05_plus_side"}
			}
		},
		{
			"from": [0, 3, 3],
			"to": [3, 5, 5],
			"rotation": {"angle": 0, "axis": "y", "origin": [1.5, 8, 8]},
			"faces": {
				"south": {"uv": [0, 11, 3, 13], "texture": "#05_plus"},
				"up": {"uv": [3, 0, 5, 3], "rotation": 90, "texture": "#05_plus_side"}
			}
		},
		{
			"from": [0, 4, 4],
			"to": [3, 6, 6],
			"rotation": {"angle": 0, "axis": "y", "origin": [1.5, 8, 8]},
			"faces": {
				"north": {"uv": [0, 10, 3, 12], "texture": "#05_plus"},
				"south": {"uv": [0, 10, 3, 12], "texture": "#05_plus"},
				"up": {"uv": [4, 0, 6, 3], "rotation": 90, "texture": "#05_plus_side"},
				"down": {"uv": [4, 0, 6, 3], "rotation": 270, "texture": "#05_plus_side"}
			}
		},
		{
			"from": [0, 5, 5],
			"to": [3, 7, 7],
			"rotation": {"angle": 0, "axis": "y", "origin": [1.5, 8, 8]},
			"faces": {
				"north": {"uv": [0, 9, 3, 11], "texture": "#05_plus"},
				"south": {"uv": [0, 9, 3, 11], "texture": "#05_plus"},
				"up": {"uv": [5, 0, 7, 3], "rotation": 90, "texture": "#05_plus_side"},
				"down": {"uv": [5, 0, 7, 3], "rotation": 270, "texture": "#05_plus_side"}
			}
		},
		{
			"from": [0, 9, 9],
			"to": [3, 11, 11],
			"rotation": {"angle": 0, "axis": "y", "origin": [1.5, 8, 8]},
			"faces": {
				"north": {"uv": [0, 5, 3, 7], "texture": "#05_plus"},
				"south": {"uv": [0, 5, 3, 7], "texture": "#05_plus"},
				"up": {"uv": [9, 0, 11, 3], "rotation": 90, "texture": "#05_plus_side"},
				"down": {"uv": [9, 0, 11, 3], "rotation": 270, "texture": "#05_plus_side"}
			}
		},
		{
			"from": [0, 10, 10],
			"to": [3, 12, 12],
			"rotation": {"angle": 0, "axis": "y", "origin": [1.5, 8, 8]},
			"faces": {
				"north": {"uv": [0, 4, 3, 6], "texture": "#05_plus"},
				"south": {"uv": [0, 4, 3, 6], "texture": "#05_plus"},
				"up": {"uv": [10, 0, 12, 3], "rotation": 90, "texture": "#05_plus_side"},
				"down": {"uv": [10, 0, 12, 3], "rotation": 270, "texture": "#05_plus_side"}
			}
		},
		{
			"from": [0, 11, 11],
			"to": [3, 13, 13],
			"rotation": {"angle": 0, "axis": "y", "origin": [1.5, 8, 8]},
			"faces": {
				"north": {"uv": [0, 3, 3, 5], "texture": "#05_plus"},
				"down": {"uv": [11, 0, 13, 3], "rotation": 270, "texture": "#05_plus_side"}
			}
		},
		{
			"from": [0, 3, 11],
			"to": [3, 5, 13],
			"rotation": {"angle": 0, "axis": "y", "origin": [1.5, 8, 8]},
			"faces": {
				"north": {"uv": [0, 11, 3, 13], "texture": "#05_plus"},
				"up": {"uv": [11, 0, 13, 3], "rotation": 90, "texture": "#05_plus_side"}
			}
		},
		{
			"from": [0, 4, 10],
			"to": [3, 6, 12],
			"rotation": {"angle": 0, "axis": "y", "origin": [1.5, 8, 8]},
			"faces": {
				"north": {"uv": [0, 10, 3, 12], "texture": "#05_plus"},
				"south": {"uv": [0, 10, 3, 12], "texture": "#05_plus"},
				"up": {"uv": [10, 0, 12, 3], "rotation": 90, "texture": "#05_plus_side"},
				"down": {"uv": [10, 0, 12, 3], "rotation": 270, "texture": "#05_plus_side"}
			}
		},
		{
			"from": [0, 5, 9],
			"to": [3, 7, 11],
			"rotation": {"angle": 0, "axis": "y", "origin": [1.5, 8, 8]},
			"faces": {
				"north": {"uv": [0, 9, 3, 11], "texture": "#05_plus"},
				"south": {"uv": [0, 9, 3, 11], "texture": "#05_plus"},
				"up": {"uv": [9, 0, 11, 3], "rotation": 90, "texture": "#05_plus_side"},
				"down": {"uv": [9, 0, 11, 3], "rotation": 270, "texture": "#05_plus_side"}
			}
		},
		{
			"from": [0, 9, 5],
			"to": [3, 11, 7],
			"rotation": {"angle": 0, "axis": "y", "origin": [1.5, 8, 8]},
			"faces": {
				"north": {"uv": [0, 5, 3, 7], "texture": "#05_plus"},
				"south": {"uv": [0, 5, 3, 7], "texture": "#05_plus"},
				"up": {"uv": [5, 0, 7, 3], "rotation": 90, "texture": "#05_plus_side"},
				"down": {"uv": [5, 0, 7, 3], "rotation": 270, "texture": "#05_plus_side"}
			}
		},
		{
			"from": [0, 10, 4],
			"to": [3, 12, 6],
			"rotation": {"angle": 0, "axis": "y", "origin": [1.5, 8, 8]},
			"faces": {
				"north": {"uv": [0, 4, 3, 6], "texture": "#05_plus"},
				"south": {"uv": [0, 4, 3, 6], "texture": "#05_plus"},
				"up": {"uv": [4, 0, 6, 3], "rotation": 90, "texture": "#05_plus_side"},
				"down": {"uv": [4, 0, 6, 3], "rotation": 270, "texture": "#05_plus_side"}
			}
		},
		{
			"from": [0, 11, 3],
			"to": [3, 13, 5],
			"rotation": {"angle": 0, "axis": "y", "origin": [1.5, 8, 8]},
			"faces": {
				"south": {"uv": [0, 3, 3, 5], "texture": "#05_plus"},
				"down": {"uv": [3, 0, 5, 3], "rotation": 270, "texture": "#05_plus_side"}
			}
		},
		{
			"from": [0, 0, 0],
			"to": [3, 16, 16],
			"faces": {
				"north": {"uv": [7, 0, 4, 16], "texture": "#05_plus", "cullface": "north"},
				"east": {"uv": [16, 0, 0, 16], "texture": "#top"},
				"south": {"uv": [3, 0, 0, 16], "texture": "#05_plus", "cullface": "south"},
				"west": {"uv": [0, 0, 16, 16], "texture": "#top", "cullface": "west"},
				"up": {"uv": [0, 0, 16, 3], "rotation": 90, "texture": "#05_plus_side", "cullface": "up"}
			}
		}
	],
	"groups": [
		{
			"name": "group",
			"origin": [0, 0, 0],
			"color": 0,
			"children": [0, 1, 2, 3, 4, 5, 6, 7, 8, 9, 10, 11, 12, 13]
		},
		14
	]
}