{
	"parent": "block/thin_block",
	"credit": "Made with Blockbench",
	"textures": {
		"texture": "block/copper_trapdoor",
		"05_plus_side": "block/copper_door_05_plus_side",
		"particle": "block/copper_trapdoor"
	},
	"elements": [
		{
			"from": [13, 13, 16],
			"to": [3, 3, 13],
			"rotation": {"angle": 0, "axis": "y", "origin": [8, 8, 14.5]},
			"faces": {
				"east": {"uv": [3, 0, 13, 3], "rotation": 90, "texture": "#05_plus_side"},
				"west": {"uv": [3, 0, 13, 3], "rotation": 90, "texture": "#05_plus_side"},
				"up": {"uv": [3, 0, 13, 3], "rotation": 180, "texture": "#05_plus_side"},
				"down": {"uv": [3, 0, 13, 3], "rotation": 180, "texture": "#05_plus_side"}
			}
		},
		{
			"from": [9, 9, 16],
			"to": [7, 7, 13],
			"rotation": {"angle": 0, "axis": "y", "origin": [8, 8, 14.5]},
			"faces": {
				"east": {"uv": [7, 0, 9, 3], "rotation": 90, "texture": "#05_plus_side"},
				"west": {"uv": [7, 0, 9, 3], "rotation": 90, "texture": "#05_plus_side"},
				"up": {"uv": [7, 0, 9, 3], "rotation": 180, "texture": "#05_plus_side"},
				"down": {"uv": [7, 0, 9, 3], "rotation": 180, "texture": "#05_plus_side"}
			}
		},
		{
			"from": [6, 6, 13],
			"to": [10, 10, 16],
			"rotation": {"angle": 0, "axis": "y", "origin": [8, 8, 14.5]},
			"faces": {
				"east": {"uv": [6, 0, 10, 3], "rotation": 270, "texture": "#05_plus_side"},
				"west": {"uv": [6, 0, 10, 3], "rotation": 270, "texture": "#05_plus_side"},
				"up": {"uv": [6, 0, 10, 3], "texture": "#05_plus_side"},
				"down": {"uv": [6, 0, 10, 3], "texture": "#05_plus_side"}
			}
		},
		{
			"from": [3, 3, 13],
			"to": [5, 5, 16],
			"rotation": {"angle": 0, "axis": "y", "origin": [8, 8, 14.5]},
			"faces": {
				"east": {"uv": [3, 0, 5, 3], "rotation": 270, "texture": "#05_plus_side"},
				"up": {"uv": [3, 0, 5, 3], "texture": "#05_plus_side"}
			}
		},
		{
			"from": [4, 4, 13],
			"to": [6, 6, 16],
			"rotation": {"angle": 0, "axis": "y", "origin": [8, 8, 14.5]},
			"faces": {
				"east": {"uv": [4, 0, 6, 3], "rotation": 270, "texture": "#05_plus_side"},
				"west": {"uv": [4, 0, 6, 3], "rotation": 270, "texture": "#05_plus_side"},
				"up": {"uv": [4, 0, 6, 3], "texture": "#05_plus_side"},
				"down": {"uv": [4, 0, 6, 3], "texture": "#05_plus_side"}
			}
		},
		{
			"from": [5, 5, 13],
			"to": [7, 7, 16],
			"rotation": {"angle": 0, "axis": "y", "origin": [8, 8, 14.5]},
			"faces": {
				"east": {"uv": [5, 0, 7, 3], "rotation": 270, "texture": "#05_plus_side"},
				"west": {"uv": [5, 0, 7, 3], "rotation": 270, "texture": "#05_plus_side"},
				"up": {"uv": [5, 0, 7, 3], "texture": "#05_plus_side"},
				"down": {"uv": [5, 0, 7, 3], "texture": "#05_plus_side"}
			}
		},
		{
			"from": [9, 9, 13],
			"to": [11, 11, 16],
			"rotation": {"angle": 0, "axis": "y", "origin": [8, 8, 14.5]},
			"faces": {
				"east": {"uv": [9, 0, 11, 3], "rotation": 270, "texture": "#05_plus_side"},
				"west": {"uv": [9, 0, 11, 3], "rotation": 270, "texture": "#05_plus_side"},
				"up": {"uv": [9, 0, 11, 3], "texture": "#05_plus_side"},
				"down": {"uv": [9, 0, 11, 3], "texture": "#05_plus_side"}
			}
		},
		{
			"from": [10, 10, 13],
			"to": [12, 12, 16],
			"rotation": {"angle": 0, "axis": "y", "origin": [8, 8, 14.5]},
			"faces": {
				"east": {"uv": [10, 0, 12, 3], "rotation": 270, "texture": "#05_plus_side"},
				"west": {"uv": [10, 0, 12, 3], "rotation": 270, "texture": "#05_plus_side"},
				"up": {"uv": [10, 0, 12, 3], "texture": "#05_plus_side"},
				"down": {"uv": [10, 0, 12, 3], "texture": "#05_plus_side"}
			}
		},
		{
			"from": [11, 11, 13],
			"to": [13, 13, 16],
			"rotation": {"angle": 0, "axis": "y", "origin": [8, 8, 14.5]},
			"faces": {
				"west": {"uv": [11, 0, 13, 3], "rotation": 270, "texture": "#05_plus_side"},
				"down": {"uv": [11, 0, 13, 3], "texture": "#05_plus_side"}
			}
		},
		{
			"from": [11, 3, 13],
			"to": [13, 5, 16],
			"rotation": {"angle": 0, "axis": "y", "origin": [8, 8, 14.5]},
			"faces": {
				"west": {"uv": [3, 0, 5, 3], "rotation": 270, "texture": "#05_plus_side"},
				"up": {"uv": [11, 0, 13, 3], "texture": "#05_plus_side"}
			}
		},
		{
			"from": [10, 4, 13],
			"to": [12, 6, 16],
			"rotation": {"angle": 0, "axis": "y", "origin": [8, 8, 14.5]},
			"faces": {
				"east": {"uv": [4, 0, 6, 3], "rotation": 270, "texture": "#05_plus_side"},
				"west": {"uv": [4, 0, 6, 3], "rotation": 270, "texture": "#05_plus_side"},
				"up": {"uv": [10, 0, 12, 3], "texture": "#05_plus_side"},
				"down": {"uv": [10, 0, 12, 3], "texture": "#05_plus_side"}
			}
		},
		{
			"from": [9, 5, 13],
			"to": [11, 7, 16],
			"rotation": {"angle": 0, "axis": "y", "origin": [8, 8, 14.5]},
			"faces": {
				"east": {"uv": [5, 0, 7, 3], "rotation": 270, "texture": "#05_plus_side"},
				"west": {"uv": [5, 0, 7, 3], "rotation": 270, "texture": "#05_plus_side"},
				"up": {"uv": [9, 0, 11, 3], "texture": "#05_plus_side"},
				"down": {"uv": [9, 0, 11, 3], "texture": "#05_plus_side"}
			}
		},
		{
			"from": [5, 9, 13],
			"to": [7, 11, 16],
			"rotation": {"angle": 0, "axis": "y", "origin": [8, 8, 14.5]},
			"faces": {
				"east": {"uv": [9, 0, 11, 3], "rotation": 270, "texture": "#05_plus_side"},
				"west": {"uv": [9, 0, 11, 3], "rotation": 270, "texture": "#05_plus_side"},
				"up": {"uv": [5, 0, 7, 3], "texture": "#05_plus_side"},
				"down": {"uv": [5, 0, 7, 3], "texture": "#05_plus_side"}
			}
		},
		{
			"from": [4, 10, 13],
			"to": [6, 12, 16],
			"rotation": {"angle": 0, "axis": "y", "origin": [8, 8, 14.5]},
			"faces": {
				"east": {"uv": [10, 0, 12, 3], "rotation": 270, "texture": "#05_plus_side"},
				"west": {"uv": [10, 0, 12, 3], "rotation": 270, "texture": "#05_plus_side"},
				"up": {"uv": [4, 0, 6, 3], "texture": "#05_plus_side"},
				"down": {"uv": [4, 0, 6, 3], "texture": "#05_plus_side"}
			}
		},
		{
			"from": [3, 11, 13],
			"to": [5, 13, 16],
			"rotation": {"angle": 0, "axis": "y", "origin": [8, 8, 14.5]},
			"faces": {
				"east": {"uv": [11, 0, 13, 3], "rotation": 270, "texture": "#05_plus_side"},
				"down": {"uv": [3, 0, 5, 3], "texture": "#05_plus_side"}
			}
		},
		{
			"from": [0, 0, 13],
			"to": [16, 16, 16],
			"faces": {
				"north": {"uv": [16, 16, 0, 0], "texture": "#texture"},
				"east": {"uv": [0, 0, 16, 3], "rotation": 90, "texture": "#05_plus_side", "cullface": "east"},
				"south": {"uv": [16, 16, 0, 0], "texture": "#texture", "cullface": "south"},
				"west": {"uv": [16, 0, 0, 3], "rotation": 90, "texture": "#05_plus_side", "cullface": "west"},
				"up": {"uv": [0, 3, 16, 0], "texture": "#05_plus_side", "cullface": "up"},
				"down": {"uv": [0, 4, 16, 7], "texture": "#05_plus_side", "cullface": "down"}
			}
		}
	],
	"groups": [
		{
			"name": "group",
			"origin": [0, 0, 0],
			"color": 0,
			"children": [0, 1, 2, 3, 4, 5, 6, 7, 8, 9, 10, 11, 12, 13, 14]
		},
		15
	]
}