{
	"parent": "block/thin_block",
	"credit": "Made with Blockbench",
	"textures": {
		"texture": "block/crimson_trapdoor",
		"05_plus_side": "block/crimson_door_05_plus_side",
		"particle": "block/crimson_trapdoor"
	},
	"elements": [
		{
			"from": [13, 3, 4],
			"to": [3, 0, 3],
			"rotation": {"angle": 0, "axis": "y", "origin": [8, 1.5, 8]},
			"faces": {
				"north": {"uv": [3, 0, 13, 3], "texture": "#05_plus_side"},
				"east": {"uv": [3, 0, 4, 3], "texture": "#05_plus_side"},
				"south": {"uv": [3, 0, 13, 3], "rotation": 180, "texture": "#05_plus_side"},
				"west": {"uv": [3, 0, 4, 3], "rotation": 180, "texture": "#05_plus_side"}
			}
		},
		{
			"from": [13, 3, 13],
			"to": [3, 0, 12],
			"rotation": {"angle": 0, "axis": "y", "origin": [8, 1.5, 8]},
			"faces": {
				"north": {"uv": [3, 0, 13, 3], "texture": "#05_plus_side"},
				"east": {"uv": [12, 0, 13, 3], "texture": "#05_plus_side"},
				"south": {"uv": [3, 0, 13, 3], "rotation": 180, "texture": "#05_plus_side"},
				"west": {"uv": [12, 0, 13, 3], "rotation": 180, "texture": "#05_plus_side"}
			}
		},
		{
			"from": [13, 3, 9],
			"to": [3, 0, 7],
			"rotation": {"angle": 0, "axis": "y", "origin": [8, 1.5, 8]},
			"faces": {
				"north": {"uv": [3, 0, 13, 3], "texture": "#05_plus_side"},
				"east": {"uv": [7, 0, 9, 3], "texture": "#05_plus_side"},
				"south": {"uv": [3, 0, 13, 3], "rotation": 180, "texture": "#05_plus_side"},
				"west": {"uv": [7, 0, 9, 3], "rotation": 180, "texture": "#05_plus_side"}
			}
		},
		{
			"from": [0, 0, 0],
			"to": [16, 3, 16],
			"faces": {
				"north": {"uv": [0, 0, 16, 3], "texture": "#05_plus_side", "cullface": "north"},
				"east": {"uv": [0, 0, 16, 3], "texture": "#05_plus_side", "cullface": "east"},
				"south": {"uv": [0, 4, 16, 7], "texture": "#05_plus_side", "cullface": "south"},
				"west": {"uv": [0, 0, 16, 3], "texture": "#05_plus_side", "cullface": "west"},
				"up": {"uv": [0, 16, 16, 0], "texture": "#texture"},
				"down": {"uv": [0, 0, 16, 16], "texture": "#texture", "cullface": "down"}
			}
		}
	],
	"groups": [
		{
			"name": "group",
			"origin": [4, 4, 14.5],
			"color": 0,
			"children": [0, 1, 2]
		},
		3
	]
}