{
	"credit": "Made with Blockbench",
	"textures": {
		"2": "block/05m_mace_1",
		"3": "block/05m_mace_2",
		"particle": "block/heavy_core",
		"all": "block/heavy_core"
	},
	"elements": [
		{
			"name": "core_inside",
			"from": [4.5, 6, 9],
			"to": [4, 2, 7],
			"rotation": {"angle": 0, "axis": "z", "origin": [4.25, 4, 8]},
			"faces": {
				"north": {"uv": [11, 0, 12, 4], "texture": "#2"},
				"south": {"uv": [11, 0, 12, 4], "texture": "#2"},
				"west": {"uv": [8, 0, 10, 4], "texture": "#2"},
				"up": {"uv": [13, 3, 15, 4], "texture": "#2"},
				"down": {"uv": [13, 3, 15, 4], "texture": "#2"}
			}
		},
		{
			"name": "core_inside",
			"from": [12, 6, 9],
			"to": [11.5, 2, 7],
			"rotation": {"angle": 0, "axis": "z", "origin": [11.75, 4, 8]},
			"faces": {
				"north": {"uv": [11, 0, 12, 4], "texture": "#2"},
				"east": {"uv": [8, 0, 10, 4], "texture": "#2"},
				"south": {"uv": [11, 0, 12, 4], "texture": "#2"},
				"up": {"uv": [13, 3, 15, 4], "rotation": 180, "texture": "#2"},
				"down": {"uv": [13, 3, 15, 4], "rotation": 180, "texture": "#2"}
			}
		},
		{
			"name": "core_inside",
			"from": [9, 6, 12],
			"to": [7, 2, 11.5],
			"rotation": {"angle": 0, "axis": "z", "origin": [8, 4, 11.75]},
			"faces": {
				"east": {"uv": [11, 0, 12, 4], "texture": "#2"},
				"south": {"uv": [8, 0, 10, 4], "texture": "#2"},
				"west": {"uv": [11, 0, 12, 4], "texture": "#2"},
				"up": {"uv": [13, 3, 15, 4], "rotation": 270, "texture": "#2"},
				"down": {"uv": [13, 3, 15, 4], "rotation": 90, "texture": "#2"}
			}
		},
		{
			"name": "core_inside",
			"from": [9, 6, 4.5],
			"to": [7, 2, 4],
			"rotation": {"angle": 0, "axis": "z", "origin": [8, 4, 4.25]},
			"faces": {
				"north": {"uv": [8, 0, 10, 4], "texture": "#2"},
				"east": {"uv": [11, 0, 12, 4], "texture": "#2"},
				"west": {"uv": [11, 0, 12, 4], "texture": "#2"},
				"up": {"uv": [13, 3, 15, 4], "rotation": 90, "texture": "#2"},
				"down": {"uv": [13, 3, 15, 4], "rotation": 270, "texture": "#2"}
			}
		},
		{
			"name": "core_inside_top",
			"from": [5, 8, 5],
			"to": [11, 7.5, 11],
			"rotation": {"angle": 0, "axis": "z", "origin": [8, 7.75, 8]},
			"faces": {
				"north": {"uv": [7, 0, 8, 6], "rotation": 270, "texture": "#3"},
				"east": {"uv": [7, 0, 8, 6], "rotation": 270, "texture": "#3"},
				"south": {"uv": [7, 0, 8, 6], "rotation": 270, "texture": "#3"},
				"west": {"uv": [7, 0, 8, 6], "rotation": 270, "texture": "#3"},
				"up": {"uv": [9, 0, 15, 6], "texture": "#3"}
			}
		},
		{
			"name": "core_inside_top",
			"from": [6, 7.5, 6],
			"to": [10, 8, 10],
			"rotation": {"angle": 0, "axis": "z", "origin": [8, 7.75, 8]},
			"faces": {
				"north": {"uv": [5, 1, 6, 5], "rotation": 270, "texture": "#3"},
				"east": {"uv": [5, 1, 6, 5], "rotation": 270, "texture": "#3"},
				"south": {"uv": [5, 1, 6, 5], "rotation": 270, "texture": "#3"},
				"west": {"uv": [5, 1, 6, 5], "rotation": 270, "texture": "#3"}
			}
		},
		{
			"from": [11, 8, 5],
			"to": [12, 8, 11],
			"rotation": {"angle": 0, "axis": "y", "origin": [11.5, 8, 8]},
			"faces": {
				"up": {"uv": [14, 8, 15, 14], "texture": "#3"}
			}
		},
		{
			"from": [4, 8, 5],
			"to": [5, 8, 11],
			"rotation": {"angle": 0, "axis": "y", "origin": [4.5, 8, 8]},
			"faces": {
				"up": {"uv": [7, 8, 8, 14], "texture": "#3"}
			}
		},
		{
			"from": [4, 8, 4],
			"to": [12, 8, 5],
			"rotation": {"angle": 0, "axis": "y", "origin": [8, 8, 4.5]},
			"faces": {
				"up": {"uv": [7, 7, 15, 8], "texture": "#3"}
			}
		},
		{
			"from": [4, 8, 11],
			"to": [12, 8, 12],
			"rotation": {"angle": 0, "axis": "y", "origin": [8, 8, 11.5]},
			"faces": {
				"up": {"uv": [7, 14, 15, 15], "texture": "#3"}
			}
		},
		{
			"from": [4, 6, 4],
			"to": [12, 8, 12],
			"rotation": {"angle": 0, "axis": "y", "origin": [7, 6, 7]},
			"faces": {
				"north": {"uv": [15, 7, 7, 9], "texture": "#2"},
				"east": {"uv": [7, 7, 15, 9], "texture": "#2"},
				"south": {"uv": [15, 7, 7, 9], "texture": "#2"},
				"west": {"uv": [7, 7, 15, 9], "texture": "#2"}
			}
		},
		{
			"from": [4, 0, 4],
			"to": [12, 2, 12],
			"rotation": {"angle": 0, "axis": "y", "origin": [7, 0, 7]},
			"faces": {
				"north": {"uv": [15, 13, 7, 15], "texture": "#2"},
				"east": {"uv": [7, 13, 15, 15], "texture": "#2"},
				"south": {"uv": [15, 13, 7, 15], "texture": "#2"},
				"west": {"uv": [7, 13, 15, 15], "texture": "#2"},
				"down": {"uv": [8, 0, 16, 8], "texture": "#all"}
			}
		},
		{
			"from": [9, 2, 4],
			"to": [12, 6, 7],
			"rotation": {"angle": 0, "axis": "y", "origin": [10.5, 4, 5.5]},
			"faces": {
				"north": {"uv": [10, 9, 7, 13], "texture": "#2"},
				"east": {"uv": [7, 9, 10, 13], "texture": "#2"}
			}
		},
		{
			"from": [4, 2, 4],
			"to": [7, 6, 7],
			"rotation": {"angle": 0, "axis": "y", "origin": [5.5, 4, 5.5]},
			"faces": {
				"north": {"uv": [10, 9, 7, 13], "texture": "#2"},
				"west": {"uv": [7, 9, 10, 13], "texture": "#2"}
			}
		},
		{
			"from": [9, 2, 9],
			"to": [12, 6, 12],
			"rotation": {"angle": 0, "axis": "y", "origin": [10.5, 4, 10.5]},
			"faces": {
				"east": {"uv": [7, 9, 10, 13], "texture": "#2"},
				"south": {"uv": [10, 9, 7, 13], "texture": "#2"}
			}
		},
		{
			"from": [4, 2, 9],
			"to": [7, 6, 12],
			"rotation": {"angle": 0, "axis": "y", "origin": [5.5, 4, 10.5]},
			"faces": {
				"south": {"uv": [10, 9, 7, 13], "texture": "#2"},
				"west": {"uv": [7, 9, 10, 13], "texture": "#2"}
			}
		},
		{
			"name": "heavy_core",
			"from": [6, 8, 6],
			"to": [10, 8, 10],
			"rotation": {"angle": 0, "axis": "y", "origin": [8, 8, 8]},
			"faces": {
				"up": {"uv": [9, 9, 13, 13], "texture": "#3"}
			}
		}
	],
	"display": {
		"thirdperson_righthand": {
			"rotation": [45, 45, 0],
			"translation": [0, 3, 0],
			"scale": [0.5, 0.5, 0.5]
		},
		"ground": {
			"translation": [0, 3, 0],
			"scale": [0.5, 0.5, 0.5]
		},
		"gui": {
			"rotation": [30, 225, 0],
			"translation": [0, 3, 0]
		},
		"fixed": {
			"rotation": [0, 180, 0],
			"translation": [0, 4, 0]
		}
	}
}