{
	"parent": "block/thin_block",
	"credit": "Made with Blockbench",
	"textures": {
		"texture": "block/jungle_trapdoor",
		"05_plus_side": "block/jungle_door_05_plus_side",
		"particle": "block/jungle_trapdoor"
	},
	"elements": [
		{
			"from": [13, 7, 16],
			"to": [3, 3, 13],
			"rotation": {"angle": 0, "axis": "y", "origin": [8, 5, 14.5]},
			"faces": {
				"east": {"uv": [3, 0, 7, 3], "rotation": 90, "texture": "#05_plus_side"},
				"west": {"uv": [3, 0, 7, 3], "rotation": 90, "texture": "#05_plus_side"},
				"up": {"uv": [3, 0, 13, 3], "rotation": 180, "texture": "#05_plus_side"},
				"down": {"uv": [3, 0, 13, 3], "rotation": 180, "texture": "#05_plus_side"}
			}
		},
		{
			"from": [12, 12, 16],
			"to": [4, 9, 13],
			"rotation": {"angle": 0, "axis": "y", "origin": [8, 10.5, 14.5]},
			"faces": {
				"east": {"uv": [9, 0, 12, 3], "rotation": 90, "texture": "#05_plus_side"},
				"west": {"uv": [9, 0, 12, 3], "rotation": 90, "texture": "#05_plus_side"},
				"up": {"uv": [4, 0, 12, 3], "rotation": 180, "texture": "#05_plus_side"},
				"down": {"uv": [4, 0, 12, 3], "rotation": 180, "texture": "#05_plus_side"}
			}
		},
		{
			"from": [6, 3, 13],
			"to": [7, 12, 16],
			"rotation": {"angle": 0, "axis": "y", "origin": [6.5, 7.5, 14.5]},
			"faces": {
				"east": {"uv": [3, 0, 12, 3], "rotation": 90, "texture": "#05_plus_side"},
				"west": {"uv": [3, 0, 12, 3], "rotation": 90, "texture": "#05_plus_side"}
			}
		},
		{
			"from": [9, 3, 13],
			"to": [10, 12, 16],
			"rotation": {"angle": 0, "axis": "y", "origin": [9.5, 7.5, 14.5]},
			"faces": {
				"east": {"uv": [3, 0, 12, 3], "rotation": 90, "texture": "#05_plus_side"},
				"west": {"uv": [3, 0, 12, 3], "rotation": 90, "texture": "#05_plus_side"}
			}
		},
		{
			"from": [4, 3, 13],
			"to": [5, 4, 16],
			"rotation": {"angle": 0, "axis": "y", "origin": [4.5, 3.5, 14.5]},
			"faces": {
				"east": {"uv": [3, 0, 4, 3], "rotation": 90, "texture": "#05_plus_side"},
				"up": {"uv": [4, 0, 5, 3], "rotation": 180, "texture": "#05_plus_side"}
			}
		},
		{
			"from": [11, 3, 13],
			"to": [12, 4, 16],
			"rotation": {"angle": 0, "axis": "y", "origin": [11.5, 3.5, 14.5]},
			"faces": {
				"west": {"uv": [3, 0, 4, 3], "rotation": 90, "texture": "#05_plus_side"},
				"up": {"uv": [11, 0, 12, 3], "rotation": 180, "texture": "#05_plus_side"}
			}
		},
		{
			"from": [3, 4, 13],
			"to": [4, 5, 16],
			"rotation": {"angle": 0, "axis": "y", "origin": [3.5, 4.5, 14.5]},
			"faces": {
				"east": {"uv": [4, 0, 5, 3], "rotation": 90, "texture": "#05_plus_side"},
				"up": {"uv": [3, 0, 4, 3], "rotation": 180, "texture": "#05_plus_side"}
			}
		},
		{
			"from": [12, 4, 13],
			"to": [13, 5, 16],
			"rotation": {"angle": 0, "axis": "y", "origin": [12.5, 4.5, 14.5]},
			"faces": {
				"west": {"uv": [4, 0, 5, 3], "rotation": 90, "texture": "#05_plus_side"},
				"up": {"uv": [12, 0, 13, 3], "rotation": 180, "texture": "#05_plus_side"}
			}
		},
		{
			"from": [4, 11, 13],
			"to": [5, 12, 16],
			"rotation": {"angle": 0, "axis": "y", "origin": [4.5, 11.5, 14.5]},
			"faces": {
				"east": {"uv": [11, 0, 12, 3], "rotation": 90, "texture": "#05_plus_side"},
				"down": {"uv": [4, 0, 5, 3], "rotation": 180, "texture": "#05_plus_side"}
			}
		},
		{
			"from": [11, 11, 13],
			"to": [12, 12, 16],
			"rotation": {"angle": 0, "axis": "y", "origin": [11.5, 11.5, 14.5]},
			"faces": {
				"west": {"uv": [11, 0, 12, 3], "rotation": 90, "texture": "#05_plus_side"},
				"down": {"uv": [11, 0, 12, 3], "rotation": 180, "texture": "#05_plus_side"}
			}
		},
		{
			"from": [0, 0, 13],
			"to": [16, 16, 16],
			"faces": {
				"north": {"uv": [16, 16, 0, 0], "texture": "#texture"},
				"east": {"uv": [0, 0, 16, 3], "rotation": 90, "texture": "#05_plus_side", "cullface": "east"},
				"south": {"uv": [16, 16, 0, 0], "texture": "#texture", "cullface": "south"},
				"west": {"uv": [16, 0, 0, 3], "rotation": 90, "texture": "#05_plus_side", "cullface": "west"},
				"up": {"uv": [0, 3, 16, 0], "texture": "#05_plus_side", "cullface": "up"},
				"down": {"uv": [0, 4, 16, 7], "texture": "#05_plus_side", "cullface": "down"}
			}
		}
	],
	"groups": [
		{
			"name": "group",
			"origin": [0, 0, 0],
			"color": 0,
			"children": [0, 1, 2, 3, 4, 5, 6, 7, 8, 9]
		},
		10
	]
}