{
	"credit": "Made with Blockbench",
	"textures": {
		"top": "block/jungle_door_top",
		"05_plus": "block/jungle_door_05_plus",
		"05_plus_side": "block/jungle_door_05_plus_side",
		"particle": "block/jungle_door_top"
	},
	"elements": [
		{
			"from": [3, 6, 10],
			"to": [0, 4, 6],
			"rotation": {"angle": 0, "axis": "y", "origin": [1.5, 5, 8]},
			"faces": {
				"north": {"uv": [0, 10, 3, 12], "rotation": 180, "texture": "#05_plus"},
				"south": {"uv": [0, 10, 3, 12], "rotation": 180, "texture": "#05_plus"},
				"up": {"uv": [6, 0, 10, 3], "rotation": 90, "texture": "#05_plus_side"},
				"down": {"uv": [6, 0, 10, 3], "rotation": 90, "texture": "#05_plus_side"}
			}
		},
		{
			"from": [3, 12, 6],
			"to": [0, 8, 4],
			"rotation": {"angle": 0, "axis": "y", "origin": [1.5, 10, 5]},
			"faces": {
				"north": {"uv": [0, 4, 3, 8], "rotation": 180, "texture": "#05_plus"},
				"south": {"uv": [0, 4, 3, 8], "rotation": 180, "texture": "#05_plus"},
				"up": {"uv": [4, 0, 6, 3], "rotation": 90, "texture": "#05_plus_side"},
				"down": {"uv": [4, 0, 6, 3], "rotation": 90, "texture": "#05_plus_side"}
			}
		},
		{
			"from": [3, 12, 12],
			"to": [0, 8, 10],
			"rotation": {"angle": 0, "axis": "y", "origin": [1.5, 10, 11]},
			"faces": {
				"north": {"uv": [0, 4, 3, 8], "rotation": 180, "texture": "#05_plus"},
				"south": {"uv": [0, 4, 3, 8], "rotation": 180, "texture": "#05_plus"},
				"up": {"uv": [10, 0, 12, 3], "rotation": 90, "texture": "#05_plus_side"},
				"down": {"uv": [10, 0, 12, 3], "rotation": 90, "texture": "#05_plus_side"}
			}
		},
		{
			"from": [3, 13, 9],
			"to": [0, 8, 7],
			"rotation": {"angle": 0, "axis": "y", "origin": [1.5, 10.5, 8]},
			"faces": {
				"north": {"uv": [0, 3, 3, 8], "rotation": 180, "texture": "#05_plus"},
				"south": {"uv": [0, 3, 3, 8], "rotation": 180, "texture": "#05_plus"},
				"up": {"uv": [7, 0, 9, 3], "rotation": 90, "texture": "#05_plus_side"},
				"down": {"uv": [7, 0, 9, 3], "rotation": 90, "texture": "#05_plus_side"}
			}
		},
		{
			"from": [0, 4, 6],
			"to": [3, 5, 7],
			"rotation": {"angle": 0, "axis": "y", "origin": [1.5, 4.5, 6.5]},
			"faces": {
				"south": {"uv": [0, 11, 3, 12], "rotation": 180, "texture": "#05_plus"},
				"up": {"uv": [6, 0, 7, 3], "rotation": 90, "texture": "#05_plus_side"}
			}
		},
		{
			"from": [0, 4, 9],
			"to": [3, 5, 10],
			"rotation": {"angle": 0, "axis": "y", "origin": [1.5, 4.5, 9.5]},
			"faces": {
				"north": {"uv": [0, 11, 3, 12], "rotation": 180, "texture": "#05_plus"},
				"up": {"uv": [9, 0, 10, 3], "rotation": 90, "texture": "#05_plus_side"}
			}
		},
		{
			"from": [0, 11, 4],
			"to": [3, 12, 5],
			"rotation": {"angle": 0, "axis": "y", "origin": [1.5, 11.5, 4.5]},
			"faces": {
				"south": {"uv": [0, 4, 3, 5], "rotation": 180, "texture": "#05_plus"},
				"down": {"uv": [4, 0, 5, 3], "rotation": 90, "texture": "#05_plus_side"}
			}
		},
		{
			"from": [0, 11, 11],
			"to": [3, 12, 12],
			"rotation": {"angle": 0, "axis": "y", "origin": [1.5, 11.5, 11.5]},
			"faces": {
				"north": {"uv": [0, 4, 3, 5], "rotation": 180, "texture": "#05_plus"},
				"down": {"uv": [11, 0, 12, 3], "rotation": 90, "texture": "#05_plus_side"}
			}
		},
		{
			"from": [0, 0, 0],
			"to": [3, 16, 16],
			"faces": {
				"north": {"uv": [3, 0, 0, 16], "texture": "#05_plus", "cullface": "north"},
				"east": {"uv": [0, 0, 16, 16], "texture": "#top"},
				"south": {"uv": [4, 0, 7, 16], "texture": "#05_plus", "cullface": "south"},
				"west": {"uv": [16, 0, 0, 16], "texture": "#top", "cullface": "west"},
				"up": {"uv": [0, 0, 16, 3], "rotation": 270, "texture": "#05_plus_side", "cullface": "up"}
			}
		}
	],
	"groups": [
		{
			"name": "group",
			"origin": [8, 8, 8],
			"color": 0,
			"children": [0, 1, 2, 3, 4, 5, 6, 7]
		},
		8
	]
}