{
	"parent": "block/thin_block",
	"credit": "Made with Blockbench",
	"textures": {
		"texture": "block/mangrove_trapdoor",
		"05_plus_side": "block/mangrove_door_05_plus_side",
		"particle": "block/mangrove_trapdoor"
	},
	"elements": [
		{
			"from": [11, 11, 16],
			"to": [5, 5, 13],
			"rotation": {"angle": 0, "axis": "y", "origin": [8, 8, 14.5]},
			"faces": {
				"east": {"uv": [5, 0, 11, 3], "rotation": 90, "texture": "#05_plus_side"},
				"west": {"uv": [5, 0, 11, 3], "rotation": 90, "texture": "#05_plus_side"},
				"up": {"uv": [5, 0, 11, 3], "rotation": 180, "texture": "#05_plus_side"},
				"down": {"uv": [5, 0, 11, 3], "rotation": 180, "texture": "#05_plus_side"}
			}
		},
		{
			"from": [5, 5, 13],
			"to": [6, 6, 16],
			"rotation": {"angle": 0, "axis": "y", "origin": [6, 6, 14.5]},
			"faces": {
				"east": {"uv": [5, 0, 6, 3], "rotation": 90, "texture": "#05_plus_side"},
				"up": {"uv": [5, 0, 6, 3], "rotation": 180, "texture": "#05_plus_side"}
			}
		},
		{
			"from": [10, 5, 13],
			"to": [11, 6, 16],
			"rotation": {"angle": 0, "axis": "y", "origin": [11, 6, 14.5]},
			"faces": {
				"west": {"uv": [5, 0, 6, 3], "rotation": 90, "texture": "#05_plus_side"},
				"up": {"uv": [10, 0, 11, 3], "rotation": 180, "texture": "#05_plus_side"}
			}
		},
		{
			"from": [5, 10, 13],
			"to": [6, 11, 16],
			"rotation": {"angle": 0, "axis": "y", "origin": [6, 11, 14.5]},
			"faces": {
				"east": {"uv": [10, 0, 11, 3], "rotation": 90, "texture": "#05_plus_side"},
				"down": {"uv": [5, 0, 6, 3], "rotation": 180, "texture": "#05_plus_side"}
			}
		},
		{
			"from": [10, 10, 13],
			"to": [11, 11, 16],
			"rotation": {"angle": 0, "axis": "y", "origin": [11, 11, 14.5]},
			"faces": {
				"west": {"uv": [10, 0, 11, 3], "rotation": 90, "texture": "#05_plus_side"},
				"down": {"uv": [10, 0, 11, 3], "rotation": 180, "texture": "#05_plus_side"}
			}
		},
		{
			"from": [0, 0, 13],
			"to": [16, 16, 16],
			"faces": {
				"north": {"uv": [16, 16, 0, 0], "texture": "#texture"},
				"east": {"uv": [0, 0, 16, 3], "rotation": 90, "texture": "#05_plus_side", "cullface": "east"},
				"south": {"uv": [16, 16, 0, 0], "texture": "#texture", "cullface": "south"},
				"west": {"uv": [16, 0, 0, 3], "rotation": 90, "texture": "#05_plus_side", "cullface": "west"},
				"up": {"uv": [0, 3, 16, 0], "texture": "#05_plus_side", "cullface": "up"},
				"down": {"uv": [0, 4, 16, 7], "texture": "#05_plus_side", "cullface": "down"}
			}
		}
	],
	"groups": [
		{
			"name": "group",
			"origin": [0, 0, 0],
			"color": 0,
			"children": [0, 1, 2, 3, 4]
		},
		5
	]
}