{
	"credit": "Made with Blockbench",
	"ambientocclusion": false,
	"textures": {
		"1": "block/05m_nether_wart_1",
		"2": "block/05m_nether_wart_2",
		"3": "block/05m_nether_wart_3",
		"5": "block/nether_wart_block",
		"particle": "block/nether_wart_stage2"
	},
	"elements": [
		{
			"from": [2, 3, 3],
			"to": [7, 6, 6],
			"rotation": {"angle": 45, "axis": "y", "origin": [4.5, 3.75, 4.5]},
			"faces": {
				"north": {"uv": [1, 2, 6, 5], "texture": "#3"},
				"east": {"uv": [5, 2, 2, 5], "texture": "#3"},
				"south": {"uv": [6, 2, 1, 5], "texture": "#3"},
				"west": {"uv": [2, 2, 5, 5], "texture": "#3"},
				"up": {"uv": [6, 11, 11, 14], "texture": "#3"},
				"down": {"uv": [6, 11, 11, 14], "texture": "#3"}
			}
		},
		{
			"from": [3, -1, 3],
			"to": [6, 7, 6],
			"rotation": {"angle": 45, "axis": "y", "origin": [4.5, 3.75, 4.5]},
			"faces": {
				"north": {"uv": [2, 1, 5, 9], "texture": "#3"},
				"east": {"uv": [5, 1, 2, 9], "texture": "#3"},
				"south": {"uv": [5, 1, 2, 9], "texture": "#3"},
				"west": {"uv": [2, 1, 5, 9], "texture": "#3"},
				"up": {"uv": [7, 11, 10, 14], "texture": "#3"},
				"down": {"uv": [0, 12, 3, 15], "texture": "#5", "cullface": "down"}
			}
		},
		{
			"from": [9, 2, 10],
			"to": [14, 4, 13],
			"rotation": {"angle": 22.5, "axis": "y", "origin": [11.5, 2.5, 11.5]},
			"faces": {
				"north": {"uv": [9, 2, 14, 4], "texture": "#2"},
				"east": {"uv": [13, 2, 10, 4], "texture": "#2"},
				"south": {"uv": [14, 2, 9, 4], "texture": "#2"},
				"west": {"uv": [10, 2, 13, 4], "texture": "#2"},
				"up": {"uv": [6, 7, 11, 10], "texture": "#3"},
				"down": {"uv": [6, 7, 11, 10], "texture": "#3"}
			}
		},
		{
			"from": [10, -1, 10],
			"to": [13, 5, 13],
			"rotation": {"angle": 22.5, "axis": "y", "origin": [11.5, 2.5, 11.5]},
			"faces": {
				"north": {"uv": [10, 1, 13, 7], "texture": "#2"},
				"east": {"uv": [13, 1, 10, 7], "texture": "#2"},
				"south": {"uv": [13, 1, 10, 7], "texture": "#2"},
				"west": {"uv": [10, 1, 13, 7], "texture": "#2"},
				"up": {"uv": [7, 7, 10, 10], "texture": "#3"},
				"down": {"uv": [6, 0, 9, 3], "texture": "#5", "cullface": "down"}
			}
		},
		{
			"from": [1, 6, 10],
			"to": [8, 9, 13],
			"rotation": {"angle": -45, "axis": "y", "origin": [4.5, 6.25, 11.5]},
			"faces": {
				"north": {"uv": [1, 3, 8, 6], "texture": "#2"},
				"east": {"uv": [6, 3, 3, 6], "texture": "#2"},
				"south": {"uv": [8, 3, 1, 6], "texture": "#2"},
				"west": {"uv": [3, 3, 6, 6], "texture": "#2"},
				"up": {"uv": [7, 10, 14, 13], "texture": "#2"},
				"down": {"uv": [7, 10, 14, 13], "texture": "#2"}
			}
		},
		{
			"from": [2, 5, 9],
			"to": [7, 10, 14],
			"rotation": {"angle": -45, "axis": "y", "origin": [4.5, 6.25, 11.5]},
			"faces": {
				"north": {"uv": [2, 2, 7, 7], "texture": "#2"},
				"east": {"uv": [7, 2, 2, 7], "texture": "#2"},
				"south": {"uv": [7, 2, 2, 7], "texture": "#2"},
				"west": {"uv": [2, 2, 7, 7], "texture": "#2"},
				"up": {"uv": [8, 9, 13, 14], "texture": "#2"},
				"down": {"uv": [8, 9, 13, 14], "texture": "#2"}
			}
		},
		{
			"from": [3, -1, 10],
			"to": [6, 11, 13],
			"rotation": {"angle": -45, "axis": "y", "origin": [4.5, 6.25, 11.5]},
			"faces": {
				"north": {"uv": [3, 1, 6, 13], "texture": "#2"},
				"east": {"uv": [6, 1, 3, 13], "texture": "#2"},
				"south": {"uv": [6, 1, 3, 13], "texture": "#2"},
				"west": {"uv": [3, 1, 6, 13], "texture": "#2"},
				"up": {"uv": [9, 10, 12, 13], "texture": "#2"},
				"down": {"uv": [6, 3, 9, 6], "texture": "#5", "cullface": "down"}
			}
		},
		{
			"from": [9.5, -1, 2.5],
			"to": [13.5, 13, 6.5],
			"rotation": {"angle": -22.5, "axis": "y", "origin": [11.5, 7.75, 4.5]},
			"faces": {
				"north": {"uv": [3, 1, 7, 15], "texture": "#1"},
				"east": {"uv": [7, 1, 3, 15], "texture": "#1"},
				"south": {"uv": [7, 1, 3, 15], "texture": "#1"},
				"west": {"uv": [3, 1, 7, 15], "texture": "#1"},
				"up": {"uv": [10, 9, 14, 13], "texture": "#1"},
				"down": {"uv": [10, 8, 14, 12], "texture": "#5", "cullface": "down"}
			}
		},
		{
			"from": [8.5, 7, 1.5],
			"to": [14.5, 12, 7.5],
			"rotation": {"angle": -22.5, "axis": "y", "origin": [11.5, 7.75, 4.5]},
			"faces": {
				"north": {"uv": [2, 2, 8, 7], "texture": "#1"},
				"east": {"uv": [8, 2, 2, 7], "texture": "#1"},
				"south": {"uv": [8, 2, 2, 7], "texture": "#1"},
				"west": {"uv": [2, 2, 8, 7], "texture": "#1"},
				"up": {"uv": [9, 8, 15, 14], "texture": "#1"},
				"down": {"uv": [9, 8, 15, 14], "texture": "#1"}
			}
		},
		{
			"from": [7.5, 8, 2.5],
			"to": [15.5, 11, 6.5],
			"rotation": {"angle": -22.5, "axis": "y", "origin": [11.5, 7.75, 4.5]},
			"faces": {
				"north": {"uv": [1, 3, 9, 6], "texture": "#1"},
				"east": {"uv": [7, 3, 3, 6], "texture": "#1"},
				"south": {"uv": [9, 3, 1, 6], "texture": "#1"},
				"west": {"uv": [3, 3, 7, 6], "texture": "#1"},
				"up": {"uv": [8, 9, 16, 13], "texture": "#1"},
				"down": {"uv": [8, 9, 16, 13], "texture": "#1"}
			}
		}
	],
	"groups": [
		{
			"name": "group",
			"origin": [0, 0, 0],
			"color": 0,
			"children": [0, 1]
		},
		{
			"name": "group",
			"origin": [0, 0, 0],
			"color": 0,
			"children": [2, 3]
		},
		{
			"name": "group",
			"origin": [1.5, 2, 1.5],
			"color": 0,
			"children": [4, 5, 6]
		},
		{
			"name": "group",
			"origin": [12, 7.75, 4],
			"color": 0,
			"children": [7, 8, 9]
		}
	]
}