{
	"credit": "Made with Blockbench",
	"ambientocclusion": false,
	"textures": {
		"1": "block/05m_nether_wart_1",
		"2": "block/05m_nether_wart_2",
		"3": "block/05m_nether_wart_3",
		"4": "block/05m_nether_wart_4",
		"5": "block/nether_wart_block",
		"particle": "block/nether_wart_stage1"
	},
	"elements": [
		{
			"from": [2, 2, 3],
			"to": [7, 4, 6],
			"rotation": {"angle": 45, "axis": "y", "origin": [4.5, 2.5, 4.5]},
			"faces": {
				"north": {"uv": [9, 2, 14, 4], "texture": "#2"},
				"east": {"uv": [13, 2, 10, 4], "texture": "#2"},
				"south": {"uv": [14, 2, 9, 4], "texture": "#2"},
				"west": {"uv": [10, 2, 13, 4], "texture": "#2"},
				"up": {"uv": [6, 11, 11, 14], "texture": "#3"},
				"down": {"uv": [6, 11, 11, 14], "texture": "#3"}
			}
		},
		{
			"from": [3, -1, 3],
			"to": [6, 5, 6],
			"rotation": {"angle": 45, "axis": "y", "origin": [4.5, 2.5, 4.5]},
			"faces": {
				"north": {"uv": [10, 1, 13, 7], "texture": "#2"},
				"east": {"uv": [13, 1, 10, 7], "texture": "#2"},
				"south": {"uv": [13, 1, 10, 7], "texture": "#2"},
				"west": {"uv": [10, 1, 13, 7], "texture": "#2"},
				"up": {"uv": [7, 11, 10, 14], "texture": "#3"},
				"down": {"uv": [6, 0, 9, 3], "texture": "#5", "cullface": "down"}
			}
		},
		{
			"from": [9, 1, 10],
			"to": [14, 3, 13],
			"rotation": {"angle": 22.5, "axis": "y", "origin": [11.5, 1.75, 11.5]},
			"faces": {
				"north": {"uv": [10, 2, 15, 4], "texture": "#1"},
				"east": {"uv": [14, 2, 11, 4], "texture": "#1"},
				"south": {"uv": [15, 2, 10, 4], "texture": "#1"},
				"west": {"uv": [11, 2, 14, 4], "texture": "#1"},
				"up": {"uv": [6, 7, 11, 10], "texture": "#3"},
				"down": {"uv": [6, 7, 11, 10], "texture": "#3"}
			}
		},
		{
			"from": [10, -1, 10],
			"to": [13, 4, 13],
			"rotation": {"angle": 22.5, "axis": "y", "origin": [11.5, 1.75, 11.5]},
			"faces": {
				"north": {"uv": [11, 1, 14, 6], "texture": "#1"},
				"east": {"uv": [14, 1, 11, 6], "texture": "#1"},
				"south": {"uv": [14, 1, 11, 6], "texture": "#1"},
				"west": {"uv": [11, 1, 14, 6], "texture": "#1"},
				"up": {"uv": [7, 7, 10, 10], "texture": "#3"},
				"down": {"uv": [0, 12, 3, 15], "texture": "#5", "cullface": "down"}
			}
		},
		{
			"from": [1, 6, 11],
			"to": [7, 9, 13],
			"rotation": {"angle": -45, "axis": "y", "origin": [4.5, 7.5, 11.5]},
			"faces": {
				"north": {"uv": [1, 2, 7, 5], "texture": "#4"},
				"east": {"uv": [5, 2, 3, 5], "texture": "#4"},
				"south": {"uv": [7, 2, 1, 5], "texture": "#4"},
				"west": {"uv": [3, 2, 5, 5], "texture": "#4"},
				"up": {"uv": [8, 3, 14, 5], "texture": "#4"},
				"down": {"uv": [8, 3, 14, 5], "texture": "#4"}
			}
		},
		{
			"from": [2, 5, 10],
			"to": [6, 10, 14],
			"rotation": {"angle": -45, "axis": "y", "origin": [4.5, 7.5, 11.5]},
			"faces": {
				"north": {"uv": [2, 1, 6, 6], "texture": "#4"},
				"east": {"uv": [6, 1, 2, 6], "texture": "#4"},
				"south": {"uv": [6, 1, 2, 6], "texture": "#4"},
				"west": {"uv": [2, 1, 6, 6], "texture": "#4"},
				"up": {"uv": [9, 2, 13, 6], "texture": "#4"},
				"down": {"uv": [9, 2, 13, 6], "texture": "#4"}
			}
		},
		{
			"from": [3, -1, 10],
			"to": [6, 5, 13],
			"rotation": {"angle": -45, "axis": "y", "origin": [4.5, 2, 11.5]},
			"faces": {
				"north": {"uv": [2, 6, 5, 12], "texture": "#4"},
				"east": {"uv": [5, 6, 2, 12], "texture": "#4"},
				"south": {"uv": [5, 6, 2, 12], "texture": "#4"},
				"west": {"uv": [2, 6, 5, 12], "texture": "#4"},
				"down": {"uv": [3, 10, 6, 13], "texture": "#5", "cullface": "down"}
			}
		},
		{
			"from": [9, 5, 3],
			"to": [15, 8, 5],
			"rotation": {"angle": -22.5, "axis": "y", "origin": [11.5, 4, 4.5]},
			"faces": {
				"north": {"uv": [10, 2, 16, 5], "texture": "#3"},
				"east": {"uv": [14, 2, 12, 5], "texture": "#3"},
				"south": {"uv": [16, 2, 10, 5], "texture": "#3"},
				"west": {"uv": [12, 2, 14, 5], "texture": "#3"},
				"up": {"uv": [6, 8, 12, 10], "texture": "#4"},
				"down": {"uv": [6, 8, 12, 10], "texture": "#4"}
			}
		},
		{
			"from": [10, 4, 2],
			"to": [14, 9, 6],
			"rotation": {"angle": -22.5, "axis": "y", "origin": [11.5, 4, 4.5]},
			"faces": {
				"north": {"uv": [11, 1, 15, 6], "texture": "#3"},
				"east": {"uv": [15, 1, 11, 6], "texture": "#3"},
				"south": {"uv": [15, 1, 11, 6], "texture": "#3"},
				"west": {"uv": [11, 1, 15, 6], "texture": "#3"},
				"up": {"uv": [7, 7, 11, 11], "texture": "#4"},
				"down": {"uv": [7, 7, 11, 11], "texture": "#4"}
			}
		},
		{
			"from": [10, -1, 3],
			"to": [13, 4, 6],
			"rotation": {"angle": -22.5, "axis": "y", "origin": [11.5, 1.5, 4.5]},
			"faces": {
				"north": {"uv": [12, 6, 15, 11], "texture": "#3"},
				"east": {"uv": [15, 6, 12, 11], "texture": "#3"},
				"south": {"uv": [15, 6, 12, 11], "texture": "#3"},
				"west": {"uv": [12, 6, 15, 11], "texture": "#3"},
				"down": {"uv": [6, 3, 9, 6], "texture": "#5", "cullface": "down"}
			}
		}
	],
	"groups": [
		{
			"name": "group",
			"origin": [0, 0, 0],
			"color": 0,
			"children": [0, 1]
		},
		{
			"name": "group",
			"origin": [0, 0, 0],
			"color": 0,
			"children": [2, 3]
		},
		{
			"name": "group",
			"origin": [0, 0, 0],
			"color": 0,
			"children": [4, 5, 6]
		},
		{
			"name": "group",
			"origin": [0, 0, 0],
			"color": 0,
			"children": [7, 8, 9]
		}
	]
}