{
	"credit": "Made with Blockbench",
	"ambientocclusion": false,
	"textures": {
		"1": "block/05m_nether_wart_1",
		"2": "block/05m_nether_wart_2",
		"3": "block/05m_nether_wart_3",
		"4": "block/05m_nether_wart_4",
		"5": "block/nether_wart_block",
		"particle": "block/nether_wart_stage0"
	},
	"elements": [
		{
			"from": [3, -1, 3.5],
			"to": [6, 1, 5.5],
			"rotation": {"angle": 45, "axis": "y", "origin": [4.5, 0, 4.5]},
			"faces": {
				"north": {"uv": [12, 12, 15, 14], "texture": "#3"},
				"east": {"uv": [4, 13, 2, 15], "texture": "#4"},
				"south": {"uv": [15, 12, 12, 14], "texture": "#3"},
				"west": {"uv": [2, 13, 4, 15], "texture": "#4"},
				"up": {"uv": [6, 12, 9, 14], "texture": "#4"},
				"down": {"uv": [11, 8, 14, 10], "texture": "#5", "cullface": "down"}
			}
		},
		{
			"from": [10, -1, 10.5],
			"to": [13, 2, 12.5],
			"rotation": {"angle": 22.5, "axis": "y", "origin": [11.5, 0.5, 11.5]},
			"faces": {
				"north": {"uv": [2, 10, 5, 13], "texture": "#3"},
				"east": {"uv": [15, 8, 13, 11], "texture": "#4"},
				"south": {"uv": [5, 10, 2, 13], "texture": "#3"},
				"west": {"uv": [13, 8, 15, 11], "texture": "#4"},
				"up": {"uv": [10, 12, 13, 14], "texture": "#4"},
				"down": {"uv": [11, 8, 14, 10], "texture": "#5", "cullface": "down"}
			}
		},
		{
			"from": [9, 2, 3],
			"to": [14, 4, 6],
			"rotation": {"angle": -22.5, "axis": "y", "origin": [11.5, 2.5, 4.5]},
			"faces": {
				"north": {"uv": [9, 2, 14, 4], "texture": "#2"},
				"east": {"uv": [13, 2, 10, 4], "texture": "#2"},
				"south": {"uv": [14, 2, 9, 4], "texture": "#2"},
				"west": {"uv": [10, 2, 13, 4], "texture": "#2"},
				"up": {"uv": [6, 11, 11, 14], "texture": "#3"},
				"down": {"uv": [6, 11, 11, 14], "texture": "#3"}
			}
		},
		{
			"from": [10, -1, 3],
			"to": [13, 5, 6],
			"rotation": {"angle": -22.5, "axis": "y", "origin": [11.5, 2.5, 4.5]},
			"faces": {
				"north": {"uv": [10, 1, 13, 7], "texture": "#2"},
				"east": {"uv": [13, 1, 10, 7], "texture": "#2"},
				"south": {"uv": [13, 1, 10, 7], "texture": "#2"},
				"west": {"uv": [10, 1, 13, 7], "texture": "#2"},
				"up": {"uv": [7, 11, 10, 14], "texture": "#3"},
				"down": {"uv": [4, 6, 7, 9], "texture": "#5", "cullface": "down"}
			}
		},
		{
			"from": [2, 1, 10],
			"to": [7, 3, 13],
			"rotation": {"angle": -45, "axis": "y", "origin": [4.5, 1.75, 11.5]},
			"faces": {
				"north": {"uv": [10, 2, 15, 4], "texture": "#1"},
				"east": {"uv": [14, 2, 11, 4], "texture": "#1"},
				"south": {"uv": [15, 2, 10, 4], "texture": "#1"},
				"west": {"uv": [11, 2, 14, 4], "texture": "#1"},
				"up": {"uv": [6, 7, 11, 10], "texture": "#3"},
				"down": {"uv": [6, 7, 11, 10], "texture": "#3"}
			}
		},
		{
			"from": [3, -1, 10],
			"to": [6, 4, 13],
			"rotation": {"angle": -45, "axis": "y", "origin": [4.5, 1.75, 11.5]},
			"faces": {
				"north": {"uv": [11, 1, 14, 6], "texture": "#1"},
				"east": {"uv": [14, 1, 11, 6], "texture": "#1"},
				"south": {"uv": [14, 1, 11, 6], "texture": "#1"},
				"west": {"uv": [11, 1, 14, 6], "texture": "#1"},
				"up": {"uv": [7, 7, 10, 10], "texture": "#3"},
				"down": {"uv": [6, 3, 9, 6], "texture": "#5", "cullface": "down"}
			}
		}
	],
	"groups": [
		0,
		1,
		{
			"name": "group",
			"origin": [0, 0, 0],
			"color": 0,
			"children": [2, 3]
		},
		{
			"name": "group",
			"origin": [0, 0, 0],
			"color": 0,
			"children": [4, 5]
		}
	]
}