{
	"credit": "Made with Blockbench",
	"textures": {
		"top": "block/oak_door_top",
		"05_plus": "block/oak_door_05_plus",
		"05_plus_side": "block/oak_door_05_plus_side",
		"particle": "block/oak_door_top"
	},
	"elements": [
		{
			"from": [3, 8, 7],
			"to": [0, 5, 3],
			"rotation": {"angle": 0, "axis": "y", "origin": [1.5, 6.5, 5]},
			"faces": {
				"north": {"uv": [0, 8, 3, 11], "rotation": 180, "texture": "#05_plus"},
				"south": {"uv": [0, 8, 3, 11], "rotation": 180, "texture": "#05_plus"},
				"up": {"uv": [3, 0, 7, 3], "rotation": 90, "texture": "#05_plus_side"},
				"down": {"uv": [3, 0, 7, 3], "rotation": 90, "texture": "#05_plus_side"}
			}
		},
		{
			"from": [3, 8, 13],
			"to": [0, 5, 9],
			"rotation": {"angle": 0, "axis": "y", "origin": [1.5, 6.5, 11]},
			"faces": {
				"north": {"uv": [0, 8, 3, 11], "rotation": 180, "texture": "#05_plus"},
				"south": {"uv": [0, 8, 3, 11], "rotation": 180, "texture": "#05_plus"},
				"up": {"uv": [9, 0, 13, 3], "rotation": 90, "texture": "#05_plus_side"},
				"down": {"uv": [9, 0, 13, 3], "rotation": 90, "texture": "#05_plus_side"}
			}
		},
		{
			"from": [3, 13, 7],
			"to": [0, 10, 3],
			"rotation": {"angle": 0, "axis": "y", "origin": [1.5, 11.5, 5]},
			"faces": {
				"north": {"uv": [0, 3, 3, 6], "rotation": 180, "texture": "#05_plus"},
				"south": {"uv": [0, 3, 3, 6], "rotation": 180, "texture": "#05_plus"},
				"up": {"uv": [3, 0, 7, 3], "rotation": 90, "texture": "#05_plus_side"},
				"down": {"uv": [3, 0, 7, 3], "rotation": 90, "texture": "#05_plus_side"}
			}
		},
		{
			"from": [3, 13, 13],
			"to": [0, 10, 9],
			"rotation": {"angle": 0, "axis": "y", "origin": [1.5, 11.5, 11]},
			"faces": {
				"north": {"uv": [0, 3, 3, 6], "rotation": 180, "texture": "#05_plus"},
				"south": {"uv": [0, 3, 3, 6], "rotation": 180, "texture": "#05_plus"},
				"up": {"uv": [9, 0, 13, 3], "rotation": 90, "texture": "#05_plus_side"},
				"down": {"uv": [9, 0, 13, 3], "rotation": 90, "texture": "#05_plus_side"}
			}
		},
		{
			"from": [0, 0, 0],
			"to": [3, 16, 16],
			"faces": {
				"north": {"uv": [7, 0, 4, 16], "texture": "#05_plus", "cullface": "north"},
				"east": {"uv": [16, 0, 0, 16], "texture": "#top"},
				"south": {"uv": [0, 0, 3, 16], "texture": "#05_plus", "cullface": "south"},
				"west": {"uv": [0, 0, 16, 16], "texture": "#top", "cullface": "west"},
				"up": {"uv": [0, 3, 16, 0], "rotation": 90, "texture": "#05_plus_side", "cullface": "up"}
			}
		}
	],
	"groups": [
		{
			"name": "group",
			"origin": [0, 0, 0],
			"color": 0,
			"children": [0, 1, 2, 3]
		},
		4
	]
}