{
	"parent": "block/thin_block",
	"credit": "Made with Blockbench",
	"textures": {
		"texture": "block/oak_trapdoor",
		"05_plus_side": "block/oak_door_05_plus_side",
		"particle": "block/oak_trapdoor"
	},
	"elements": [
		{
			"from": [7, 16, 13],
			"to": [3, 13, 9],
			"rotation": {"angle": 0, "axis": "y", "origin": [5, 14.5, 11]},
			"faces": {
				"north": {"uv": [3, 0, 7, 3], "texture": "#05_plus_side"},
				"east": {"uv": [9, 0, 13, 3], "rotation": 180, "texture": "#05_plus_side"},
				"south": {"uv": [3, 0, 7, 3], "rotation": 180, "texture": "#05_plus_side"},
				"west": {"uv": [9, 0, 13, 3], "texture": "#05_plus_side"}
			}
		},
		{
			"from": [13, 16, 13],
			"to": [9, 13, 9],
			"rotation": {"angle": 0, "axis": "y", "origin": [11, 14.5, 11]},
			"faces": {
				"north": {"uv": [9, 0, 13, 3], "texture": "#05_plus_side"},
				"east": {"uv": [9, 0, 13, 3], "rotation": 180, "texture": "#05_plus_side"},
				"south": {"uv": [9, 0, 13, 3], "rotation": 180, "texture": "#05_plus_side"},
				"west": {"uv": [9, 0, 13, 3], "texture": "#05_plus_side"}
			}
		},
		{
			"from": [7, 16, 7],
			"to": [3, 13, 3],
			"rotation": {"angle": 0, "axis": "y", "origin": [5, 14.5, 5]},
			"faces": {
				"north": {"uv": [3, 0, 7, 3], "texture": "#05_plus_side"},
				"east": {"uv": [3, 0, 7, 3], "rotation": 180, "texture": "#05_plus_side"},
				"south": {"uv": [3, 0, 7, 3], "rotation": 180, "texture": "#05_plus_side"},
				"west": {"uv": [3, 0, 7, 3], "texture": "#05_plus_side"}
			}
		},
		{
			"from": [13, 16, 7],
			"to": [9, 13, 3],
			"rotation": {"angle": 0, "axis": "y", "origin": [11, 14.5, 5]},
			"faces": {
				"north": {"uv": [9, 0, 13, 3], "texture": "#05_plus_side"},
				"east": {"uv": [3, 0, 7, 3], "rotation": 180, "texture": "#05_plus_side"},
				"south": {"uv": [9, 0, 13, 3], "rotation": 180, "texture": "#05_plus_side"},
				"west": {"uv": [3, 0, 7, 3], "texture": "#05_plus_side"}
			}
		},
		{
			"from": [0, 13, 0],
			"to": [16, 16, 16],
			"faces": {
				"north": {"uv": [0, 0, 16, 3], "texture": "#05_plus_side", "cullface": "north"},
				"east": {"uv": [0, 0, 16, 3], "texture": "#05_plus_side", "cullface": "east"},
				"south": {"uv": [0, 4, 16, 7], "texture": "#05_plus_side", "cullface": "south"},
				"west": {"uv": [0, 0, 16, 3], "texture": "#05_plus_side", "cullface": "west"},
				"up": {"uv": [0, 16, 16, 0], "texture": "#texture", "cullface": "up"},
				"down": {"uv": [0, 0, 16, 16], "texture": "#texture"}
			}
		}
	],
	"groups": [
		{
			"name": "group",
			"origin": [5, 5, 14.5],
			"color": 0,
			"children": [0, 1, 2, 3]
		},
		4
	]
}