{
	"credit": "Made with Blockbench",
	"ambientocclusion": false,
	"textures": {
		"particle": "block/redstone_torch",
		"torch": "block/redstone_torch",
		"chain": "block/05m_chain"
	},
	"elements": [
		{
			"name": "chain",
			"from": [-1.3, 6, 6.5],
			"to": [2.7, 7, 9.5],
			"rotation": {"angle": -22.5, "axis": "z", "origin": [0.7, 6.5, 8]},
			"faces": {
				"north": {"uv": [7, 9, 8, 13], "rotation": 270, "texture": "#chain"},
				"east": {"uv": [3, 1, 6, 2], "rotation": 180, "texture": "#chain"},
				"south": {"uv": [1, 9, 2, 13], "rotation": 90, "texture": "#chain"},
				"west": {"uv": [3, 7, 6, 8], "texture": "#chain", "cullface": "west"},
				"up": {"uv": [6, 9, 3, 13], "rotation": 90, "texture": "#chain"},
				"down": {"uv": [3, 9, 6, 13], "rotation": 90, "texture": "#chain"}
			}
		},
		{
			"name": "inside",
			"from": [1.7, 7, 8.5],
			"to": [-0.3, 6, 7.5],
			"rotation": {"angle": -22.5, "axis": "z", "origin": [0.7, 6.5, 8]},
			"faces": {
				"north": {"uv": [10, 10, 11, 12], "rotation": 270, "texture": "#chain"},
				"east": {"uv": [12, 12, 13, 13], "texture": "#chain", "cullface": "west"},
				"south": {"uv": [14, 10, 15, 12], "rotation": 90, "texture": "#chain"}
			}
		},
		{
			"from": [-1, 3.5, 7],
			"to": [1, 13.5, 9],
			"shade": false,
			"rotation": {"angle": -22.5, "axis": "z", "origin": [0, 3.5, 8]},
			"faces": {
				"north": {"uv": [9, 6, 7, 16], "texture": "#torch"},
				"east": {"uv": [7, 6, 9, 16], "texture": "#torch"},
				"south": {"uv": [9, 6, 7, 16], "texture": "#torch"},
				"west": {"uv": [7, 6, 9, 16], "texture": "#torch"},
				"up": {"uv": [7, 6, 9, 8], "texture": "#torch"},
				"down": {"uv": [7, 13, 9, 15], "texture": "#torch"}
			}
		},
		{
			"from": [-1.5, 8, 6.5],
			"to": [1.5, 11, 9.5],
			"shade": false,
			"rotation": {"angle": -22.5, "axis": "z", "origin": [0, 3.5, 8]},
			"faces": {
				"up": {"uv": [6, 5, 7, 6], "texture": "#torch"}
			}
		},
		{
			"from": [-1.5, 14, 6.5],
			"to": [1.5, 17, 9.5],
			"shade": false,
			"rotation": {"angle": -22.5, "axis": "z", "origin": [0, 3.5, 8]},
			"faces": {
				"down": {"uv": [6, 5, 7, 6], "texture": "#torch"}
			}
		},
		{
			"from": [-1.5, 11, 3.5],
			"to": [1.5, 14, 6.5],
			"shade": false,
			"rotation": {"angle": -22.5, "axis": "z", "origin": [0, 3.5, 8]},
			"faces": {
				"south": {"uv": [6, 5, 7, 6], "texture": "#torch"}
			}
		},
		{
			"from": [1.5, 11, 6.5],
			"to": [4.5, 14, 9.5],
			"shade": false,
			"rotation": {"angle": -22.5, "axis": "z", "origin": [0, 3.5, 8]},
			"faces": {
				"west": {"uv": [6, 5, 7, 6], "texture": "#torch"}
			}
		},
		{
			"from": [-1.5, 11, 9.5],
			"to": [1.5, 14, 12.5],
			"shade": false,
			"rotation": {"angle": -22.5, "axis": "z", "origin": [0, 3.5, 8]},
			"faces": {
				"north": {"uv": [6, 5, 7, 6], "texture": "#torch"}
			}
		},
		{
			"from": [-4.5, 11, 6.5],
			"to": [-1.5, 14, 9.5],
			"shade": false,
			"rotation": {"angle": -22.5, "axis": "z", "origin": [0, 3.5, 8]},
			"faces": {
				"east": {"uv": [6, 5, 7, 6], "texture": "#torch"}
			}
		}
	]
}