{
	"credit": "Made with Blockbench",
	"parent": "minecraft:block/cross",
	"textures": {
		"2": "block/05m_sweet_berry",
		"cross": "block/05m_sweet_berry_bush_stage2",
		"particle": "block/sweet_berry_bush_stage2"
	},
	"elements": [
		{
			"from": [9.75, 3, 9.75],
			"to": [10.75, 4, 10.75],
			"rotation": {"angle": -45, "axis": "z", "origin": [10.25, 3.5, 10.25]},
			"faces": {
				"north": {"uv": [7, 1, 8, 2], "texture": "#2"},
				"east": {"uv": [7, 1, 8, 2], "texture": "#2"},
				"south": {"uv": [7, 1, 8, 2], "texture": "#2"},
				"west": {"uv": [7, 1, 8, 2], "texture": "#2"},
				"up": {"uv": [7, 1, 8, 2], "rotation": 180, "texture": "#2"},
				"down": {"uv": [7, 1, 8, 2], "rotation": 180, "texture": "#2"}
			}
		},
		{
			"from": [6.15, 13, 8.85],
			"to": [7.15, 14, 9.85],
			"rotation": {"angle": 45, "axis": "x", "origin": [6.65, 13.5, 9.35]},
			"faces": {
				"north": {"uv": [7, 1, 8, 2], "texture": "#2"},
				"east": {"uv": [7, 1, 8, 2], "texture": "#2"},
				"south": {"uv": [7, 1, 8, 2], "texture": "#2"},
				"west": {"uv": [7, 1, 8, 2], "texture": "#2"},
				"up": {"uv": [7, 1, 8, 2], "rotation": 180, "texture": "#2"},
				"down": {"uv": [7, 1, 8, 2], "rotation": 180, "texture": "#2"}
			}
		},
		{
			"from": [3.35, 10, 10.65],
			"to": [5.35, 12, 12.65],
			"rotation": {"angle": -45, "axis": "z", "origin": [4.35, 11, 11.65]},
			"faces": {
				"north": {"uv": [4, 4, 6, 6], "texture": "#2"},
				"east": {"uv": [4, 4, 6, 6], "texture": "#2"},
				"south": {"uv": [4, 4, 6, 6], "texture": "#2"},
				"west": {"uv": [4, 4, 6, 6], "texture": "#2"},
				"up": {"uv": [4, 4, 6, 6], "rotation": 180, "texture": "#2"},
				"down": {"uv": [4, 4, 6, 6], "rotation": 180, "texture": "#2"}
			}
		},
		{
			"from": [5.2, 5, 8.8],
			"to": [7.2, 7, 10.8],
			"rotation": {"angle": 22.5, "axis": "x", "origin": [6.2, 6, 9.8]},
			"faces": {
				"north": {"uv": [4, 4, 6, 6], "texture": "#2"},
				"east": {"uv": [4, 4, 6, 6], "texture": "#2"},
				"south": {"uv": [4, 4, 6, 6], "texture": "#2"},
				"west": {"uv": [4, 4, 6, 6], "texture": "#2"},
				"up": {"uv": [4, 4, 6, 6], "rotation": 180, "texture": "#2"},
				"down": {"uv": [4, 4, 6, 6], "rotation": 180, "texture": "#2"}
			}
		},
		{
			"from": [10.6, 5, 10.6],
			"to": [12.6, 7, 12.6],
			"rotation": {"angle": -22.5, "axis": "z", "origin": [11.6, 6, 11.6]},
			"faces": {
				"north": {"uv": [4, 4, 6, 6], "texture": "#2"},
				"east": {"uv": [4, 4, 6, 6], "texture": "#2"},
				"south": {"uv": [4, 4, 6, 6], "texture": "#2"},
				"west": {"uv": [4, 4, 6, 6], "texture": "#2"},
				"up": {"uv": [4, 4, 6, 6], "rotation": 180, "texture": "#2"},
				"down": {"uv": [4, 4, 6, 6], "rotation": 180, "texture": "#2"}
			}
		},
		{
			"from": [5.25, 3, 5.25],
			"to": [6.25, 4, 6.25],
			"rotation": {"angle": 45, "axis": "z", "origin": [5.75, 3.5, 5.75]},
			"faces": {
				"north": {"uv": [7, 1, 8, 2], "texture": "#2"},
				"east": {"uv": [7, 1, 8, 2], "texture": "#2"},
				"south": {"uv": [7, 1, 8, 2], "texture": "#2"},
				"west": {"uv": [7, 1, 8, 2], "texture": "#2"},
				"up": {"uv": [7, 1, 8, 2], "texture": "#2"},
				"down": {"uv": [7, 1, 8, 2], "texture": "#2"}
			}
		},
		{
			"from": [8.85, 13, 6.15],
			"to": [9.85, 14, 7.15],
			"rotation": {"angle": -45, "axis": "x", "origin": [9.35, 13.5, 6.65]},
			"faces": {
				"north": {"uv": [7, 1, 8, 2], "texture": "#2"},
				"east": {"uv": [7, 1, 8, 2], "texture": "#2"},
				"south": {"uv": [7, 1, 8, 2], "texture": "#2"},
				"west": {"uv": [7, 1, 8, 2], "texture": "#2"},
				"up": {"uv": [7, 1, 8, 2], "texture": "#2"},
				"down": {"uv": [7, 1, 8, 2], "texture": "#2"}
			}
		},
		{
			"from": [10.65, 10, 3.35],
			"to": [12.65, 12, 5.35],
			"rotation": {"angle": 45, "axis": "z", "origin": [11.65, 11, 4.35]},
			"faces": {
				"north": {"uv": [4, 4, 6, 6], "texture": "#2"},
				"east": {"uv": [4, 4, 6, 6], "texture": "#2"},
				"south": {"uv": [4, 4, 6, 6], "texture": "#2"},
				"west": {"uv": [4, 4, 6, 6], "texture": "#2"},
				"up": {"uv": [4, 4, 6, 6], "texture": "#2"},
				"down": {"uv": [4, 4, 6, 6], "texture": "#2"}
			}
		},
		{
			"from": [8.8, 5, 5.2],
			"to": [10.8, 7, 7.2],
			"rotation": {"angle": -22.5, "axis": "x", "origin": [9.8, 6, 6.2]},
			"faces": {
				"north": {"uv": [4, 4, 6, 6], "texture": "#2"},
				"east": {"uv": [4, 4, 6, 6], "texture": "#2"},
				"south": {"uv": [4, 4, 6, 6], "texture": "#2"},
				"west": {"uv": [4, 4, 6, 6], "texture": "#2"},
				"up": {"uv": [4, 4, 6, 6], "texture": "#2"},
				"down": {"uv": [4, 4, 6, 6], "texture": "#2"}
			}
		},
		{
			"from": [3.4, 5, 3.4],
			"to": [5.4, 7, 5.4],
			"rotation": {"angle": 22.5, "axis": "z", "origin": [4.4, 6, 4.4]},
			"faces": {
				"north": {"uv": [4, 4, 6, 6], "texture": "#2"},
				"east": {"uv": [4, 4, 6, 6], "texture": "#2"},
				"south": {"uv": [4, 4, 6, 6], "texture": "#2"},
				"west": {"uv": [4, 4, 6, 6], "texture": "#2"},
				"up": {"uv": [4, 4, 6, 6], "texture": "#2"},
				"down": {"uv": [4, 4, 6, 6], "texture": "#2"}
			}
		},
		{
			"from": [0.8, 0, 8],
			"to": [15.2, 16, 8],
			"shade": false,
			"rotation": {"angle": 45, "axis": "y", "origin": [8, 8, 8], "rescale": true},
			"faces": {
				"north": {"uv": [0, 0, 16, 16], "texture": "#cross"},
				"south": {"uv": [0, 0, 16, 16], "texture": "#cross"}
			}
		},
		{
			"from": [8, 0, 0.8],
			"to": [8, 16, 15.2],
			"shade": false,
			"rotation": {"angle": 45, "axis": "y", "origin": [8, 8, 8], "rescale": true},
			"faces": {
				"east": {"uv": [0, 0, 16, 16], "texture": "#cross"},
				"west": {"uv": [0, 0, 16, 16], "texture": "#cross"}
			}
		}
	],
	"groups": [
		{
			"name": "group",
			"origin": [11.6, 5, 11.6],
			"color": 0,
			"children": [0, 1, 2, 3, 4]
		},
		{
			"name": "group",
			"origin": [11.6, 5, 11.6],
			"color": 0,
			"children": [5, 6, 7, 8, 9]
		},
		10,
		11
	]
}