{
	"credit": "Made with Blockbench",
	"parent": "minecraft:block/cross",
	"textures": {
		"2": "block/05m_sweet_berry",
		"cross": "block/05m_sweet_berry_bush_stage3",
		"particle": "block/sweet_berry_bush_stage3"
	},
	"elements": [
		{
			"from": [11.5, 11, 11.5],
			"to": [13.5, 13, 13.5],
			"rotation": {"angle": -22.5, "axis": "z", "origin": [12.5, 12, 12.5]},
			"faces": {
				"north": {"uv": [1, 4, 3, 6], "texture": "#2"},
				"east": {"uv": [1, 4, 3, 6], "texture": "#2"},
				"south": {"uv": [1, 4, 3, 6], "texture": "#2"},
				"west": {"uv": [1, 4, 3, 6], "texture": "#2"},
				"up": {"uv": [1, 4, 3, 6], "rotation": 180, "texture": "#2"},
				"down": {"uv": [1, 4, 3, 6], "rotation": 180, "texture": "#2"}
			}
		},
		{
			"from": [3.4, 12, 10.6],
			"to": [5.4, 14, 12.6],
			"rotation": {"angle": -45, "axis": "x", "origin": [4.4, 13, 11.6]},
			"faces": {
				"north": {"uv": [1, 4, 3, 6], "texture": "#2"},
				"east": {"uv": [1, 4, 3, 6], "texture": "#2"},
				"south": {"uv": [1, 4, 3, 6], "texture": "#2"},
				"west": {"uv": [1, 4, 3, 6], "texture": "#2"},
				"up": {"uv": [1, 4, 3, 6], "rotation": 180, "texture": "#2"},
				"down": {"uv": [1, 4, 3, 6], "rotation": 180, "texture": "#2"}
			}
		},
		{
			"from": [12.35, 6, 12.35],
			"to": [14.35, 8, 14.35],
			"rotation": {"angle": -22.5, "axis": "x", "origin": [13.35, 7, 13.35]},
			"faces": {
				"north": {"uv": [1, 4, 3, 6], "texture": "#2"},
				"east": {"uv": [1, 4, 3, 6], "texture": "#2"},
				"south": {"uv": [1, 4, 3, 6], "texture": "#2"},
				"west": {"uv": [1, 4, 3, 6], "texture": "#2"},
				"up": {"uv": [1, 4, 3, 6], "rotation": 180, "texture": "#2"},
				"down": {"uv": [1, 4, 3, 6], "rotation": 180, "texture": "#2"}
			}
		},
		{
			"from": [8.8, 5, 8.8],
			"to": [10.8, 7, 10.8],
			"rotation": {"angle": 45, "axis": "z", "origin": [9.8, 6, 9.8]},
			"faces": {
				"north": {"uv": [1, 4, 3, 6], "texture": "#2"},
				"east": {"uv": [1, 4, 3, 6], "texture": "#2"},
				"south": {"uv": [1, 4, 3, 6], "texture": "#2"},
				"west": {"uv": [1, 4, 3, 6], "texture": "#2"},
				"up": {"uv": [1, 4, 3, 6], "rotation": 180, "texture": "#2"},
				"down": {"uv": [1, 4, 3, 6], "rotation": 180, "texture": "#2"}
			}
		},
		{
			"from": [3.5, 6, 10.5],
			"to": [5.5, 8, 12.5],
			"rotation": {"angle": 22.5, "axis": "z", "origin": [4.5, 7, 11.5]},
			"faces": {
				"north": {"uv": [1, 1, 3, 3], "texture": "#2"},
				"east": {"uv": [1, 1, 3, 3], "texture": "#2"},
				"south": {"uv": [1, 1, 3, 3], "texture": "#2"},
				"west": {"uv": [1, 1, 3, 3], "texture": "#2"},
				"up": {"uv": [1, 1, 3, 3], "rotation": 180, "texture": "#2"},
				"down": {"uv": [1, 1, 3, 3], "rotation": 180, "texture": "#2"}
			}
		},
		{
			"from": [10.35, 3.75, 10.35],
			"to": [12.85, 6.25, 12.85],
			"rotation": {"angle": -22.5, "axis": "z", "origin": [11.6, 5, 11.6]},
			"faces": {
				"north": {"uv": [4, 4, 6, 6], "texture": "#2"},
				"east": {"uv": [4, 4, 6, 6], "texture": "#2"},
				"south": {"uv": [4, 4, 6, 6], "texture": "#2"},
				"west": {"uv": [4, 4, 6, 6], "texture": "#2"},
				"up": {"uv": [4, 4, 6, 6], "rotation": 180, "texture": "#2"},
				"down": {"uv": [4, 4, 6, 6], "rotation": 180, "texture": "#2"}
			}
		},
		{
			"from": [4.95, 6.75, 8.55],
			"to": [7.45, 9.25, 11.05],
			"rotation": {"angle": -22.5, "axis": "z", "origin": [6.2, 8, 9.8]},
			"faces": {
				"north": {"uv": [4, 4, 6, 6], "texture": "#2"},
				"east": {"uv": [4, 4, 6, 6], "texture": "#2"},
				"south": {"uv": [4, 4, 6, 6], "texture": "#2"},
				"west": {"uv": [4, 4, 6, 6], "texture": "#2"},
				"up": {"uv": [4, 4, 6, 6], "rotation": 180, "texture": "#2"},
				"down": {"uv": [4, 4, 6, 6], "rotation": 180, "texture": "#2"}
			}
		},
		{
			"from": [1.35, 7.75, 12.15],
			"to": [3.85, 10.25, 14.65],
			"rotation": {"angle": -22.5, "axis": "z", "origin": [2.6, 9, 13.4]},
			"faces": {
				"north": {"uv": [4, 4, 6, 6], "texture": "#2"},
				"east": {"uv": [4, 4, 6, 6], "texture": "#2"},
				"south": {"uv": [4, 4, 6, 6], "texture": "#2"},
				"west": {"uv": [4, 4, 6, 6], "texture": "#2"},
				"up": {"uv": [4, 4, 6, 6], "rotation": 180, "texture": "#2"},
				"down": {"uv": [4, 4, 6, 6], "rotation": 180, "texture": "#2"}
			}
		},
		{
			"from": [5.25, 4, 9.75],
			"to": [6.25, 5, 10.75],
			"rotation": {"angle": 22.5, "axis": "z", "origin": [5.75, 4.5, 10.25]},
			"faces": {
				"north": {"uv": [7, 1, 8, 2], "texture": "#2"},
				"east": {"uv": [7, 1, 8, 2], "texture": "#2"},
				"south": {"uv": [7, 1, 8, 2], "texture": "#2"},
				"west": {"uv": [7, 1, 8, 2], "texture": "#2"},
				"up": {"uv": [7, 1, 8, 2], "rotation": 180, "texture": "#2"},
				"down": {"uv": [7, 1, 8, 2], "rotation": 180, "texture": "#2"}
			}
		},
		{
			"from": [2.5, 11, 2.5],
			"to": [4.5, 13, 4.5],
			"rotation": {"angle": 22.5, "axis": "z", "origin": [3.5, 12, 3.5]},
			"faces": {
				"north": {"uv": [1, 4, 3, 6], "texture": "#2"},
				"east": {"uv": [1, 4, 3, 6], "texture": "#2"},
				"south": {"uv": [1, 4, 3, 6], "texture": "#2"},
				"west": {"uv": [1, 4, 3, 6], "texture": "#2"},
				"up": {"uv": [1, 4, 3, 6], "texture": "#2"},
				"down": {"uv": [1, 4, 3, 6], "texture": "#2"}
			}
		},
		{
			"from": [10.6, 12, 3.4],
			"to": [12.6, 14, 5.4],
			"rotation": {"angle": 45, "axis": "x", "origin": [11.6, 13, 4.4]},
			"faces": {
				"north": {"uv": [1, 4, 3, 6], "texture": "#2"},
				"east": {"uv": [1, 4, 3, 6], "texture": "#2"},
				"south": {"uv": [1, 4, 3, 6], "texture": "#2"},
				"west": {"uv": [1, 4, 3, 6], "texture": "#2"},
				"up": {"uv": [1, 4, 3, 6], "texture": "#2"},
				"down": {"uv": [1, 4, 3, 6], "texture": "#2"}
			}
		},
		{
			"from": [1.65, 6, 1.65],
			"to": [3.65, 8, 3.65],
			"rotation": {"angle": 22.5, "axis": "x", "origin": [2.65, 7, 2.65]},
			"faces": {
				"north": {"uv": [1, 4, 3, 6], "texture": "#2"},
				"east": {"uv": [1, 4, 3, 6], "texture": "#2"},
				"south": {"uv": [1, 4, 3, 6], "texture": "#2"},
				"west": {"uv": [1, 4, 3, 6], "texture": "#2"},
				"up": {"uv": [1, 4, 3, 6], "texture": "#2"},
				"down": {"uv": [1, 4, 3, 6], "texture": "#2"}
			}
		},
		{
			"from": [5.2, 5, 5.2],
			"to": [7.2, 7, 7.2],
			"rotation": {"angle": -45, "axis": "z", "origin": [6.2, 6, 6.2]},
			"faces": {
				"north": {"uv": [1, 4, 3, 6], "texture": "#2"},
				"east": {"uv": [1, 4, 3, 6], "texture": "#2"},
				"south": {"uv": [1, 4, 3, 6], "texture": "#2"},
				"west": {"uv": [1, 4, 3, 6], "texture": "#2"},
				"up": {"uv": [1, 4, 3, 6], "texture": "#2"},
				"down": {"uv": [1, 4, 3, 6], "texture": "#2"}
			}
		},
		{
			"from": [10.5, 6, 3.5],
			"to": [12.5, 8, 5.5],
			"rotation": {"angle": -22.5, "axis": "z", "origin": [11.5, 7, 4.5]},
			"faces": {
				"north": {"uv": [1, 1, 3, 3], "texture": "#2"},
				"east": {"uv": [1, 1, 3, 3], "texture": "#2"},
				"south": {"uv": [1, 1, 3, 3], "texture": "#2"},
				"west": {"uv": [1, 1, 3, 3], "texture": "#2"},
				"up": {"uv": [1, 1, 3, 3], "texture": "#2"},
				"down": {"uv": [1, 1, 3, 3], "texture": "#2"}
			}
		},
		{
			"from": [3.15, 3.75, 3.15],
			"to": [5.65, 6.25, 5.65],
			"rotation": {"angle": 22.5, "axis": "z", "origin": [4.4, 5, 4.4]},
			"faces": {
				"north": {"uv": [4, 4, 6, 6], "texture": "#2"},
				"east": {"uv": [4, 4, 6, 6], "texture": "#2"},
				"south": {"uv": [4, 4, 6, 6], "texture": "#2"},
				"west": {"uv": [4, 4, 6, 6], "texture": "#2"},
				"up": {"uv": [4, 4, 6, 6], "texture": "#2"},
				"down": {"uv": [4, 4, 6, 6], "texture": "#2"}
			}
		},
		{
			"from": [6.75, 9.75, 6.75],
			"to": [9.25, 12.25, 9.25],
			"rotation": {"angle": -22.5, "axis": "x", "origin": [8, 11, 8]},
			"faces": {
				"north": {"uv": [4, 4, 6, 6], "texture": "#2"},
				"east": {"uv": [4, 4, 6, 6], "texture": "#2"},
				"south": {"uv": [4, 4, 6, 6], "texture": "#2"},
				"west": {"uv": [4, 4, 6, 6], "texture": "#2"},
				"up": {"uv": [4, 4, 6, 6], "texture": "#2"},
				"down": {"uv": [4, 4, 6, 6], "texture": "#2"}
			}
		},
		{
			"from": [8.55, 6.75, 4.95],
			"to": [11.05, 9.25, 7.45],
			"rotation": {"angle": 22.5, "axis": "z", "origin": [9.8, 8, 6.2]},
			"faces": {
				"north": {"uv": [4, 4, 6, 6], "texture": "#2"},
				"east": {"uv": [4, 4, 6, 6], "texture": "#2"},
				"south": {"uv": [4, 4, 6, 6], "texture": "#2"},
				"west": {"uv": [4, 4, 6, 6], "texture": "#2"},
				"up": {"uv": [4, 4, 6, 6], "texture": "#2"},
				"down": {"uv": [4, 4, 6, 6], "texture": "#2"}
			}
		},
		{
			"from": [12.15, 7.75, 1.35],
			"to": [14.65, 10.25, 3.85],
			"rotation": {"angle": 22.5, "axis": "z", "origin": [13.4, 9, 2.6]},
			"faces": {
				"north": {"uv": [4, 4, 6, 6], "texture": "#2"},
				"east": {"uv": [4, 4, 6, 6], "texture": "#2"},
				"south": {"uv": [4, 4, 6, 6], "texture": "#2"},
				"west": {"uv": [4, 4, 6, 6], "texture": "#2"},
				"up": {"uv": [4, 4, 6, 6], "texture": "#2"},
				"down": {"uv": [4, 4, 6, 6], "texture": "#2"}
			}
		},
		{
			"from": [9.75, 4, 5.25],
			"to": [10.75, 5, 6.25],
			"rotation": {"angle": -22.5, "axis": "z", "origin": [10.25, 4.5, 5.75]},
			"faces": {
				"north": {"uv": [7, 1, 8, 2], "texture": "#2"},
				"east": {"uv": [7, 1, 8, 2], "texture": "#2"},
				"south": {"uv": [7, 1, 8, 2], "texture": "#2"},
				"west": {"uv": [7, 1, 8, 2], "texture": "#2"},
				"up": {"uv": [7, 1, 8, 2], "texture": "#2"},
				"down": {"uv": [7, 1, 8, 2], "texture": "#2"}
			}
		},
		{
			"from": [0.8, 0, 8],
			"to": [15.2, 16, 8],
			"shade": false,
			"rotation": {"angle": 45, "axis": "y", "origin": [8, 8, 8], "rescale": true},
			"faces": {
				"north": {"uv": [0, 0, 16, 16], "texture": "#cross"},
				"south": {"uv": [0, 0, 16, 16], "texture": "#cross"}
			}
		},
		{
			"from": [8, 0, 0.8],
			"to": [8, 16, 15.2],
			"shade": false,
			"rotation": {"angle": 45, "axis": "y", "origin": [8, 8, 8], "rescale": true},
			"faces": {
				"east": {"uv": [0, 0, 16, 16], "texture": "#cross"},
				"west": {"uv": [0, 0, 16, 16], "texture": "#cross"}
			}
		}
	],
	"groups": [
		{
			"name": "group",
			"origin": [0, 0, 0],
			"color": 0,
			"children": [0, 1, 2, 3, 4, 5, 6, 7, 8]
		},
		{
			"name": "group",
			"origin": [0, 0, 0],
			"color": 0,
			"children": [9, 10, 11, 12, 13, 14, 15, 16, 17, 18]
		},
		19,
		20
	]
}