{
  "variants": {
    "age=0": {
      "model": "minecraft:block/carrots_stage0"
    },
    "age=1": {
      "model": "minecraft:block/carrots_stage0"
    },
    "age=2": {
      "model": "minecraft:block/carrots_stage1"
    },
    "age=3": {
      "model": "minecraft:block/carrots_stage1"
    },
    "age=4": [
      {"model": "minecraft:block/05m_carrots_stage2", "weight":1, "y": 90 },
      {"model": "minecraft:block/05m_carrots_stage2", "weight":1, "y": 180 },
      {"model": "minecraft:block/05m_carrots_stage2", "weight":1, "y": 270 },
      {"model": "minecraft:block/05m_carrots_stage2", "weight":1, "y": 0 }
    ],
    "age=5": [
      {"model": "minecraft:block/05m_carrots_stage2", "weight":1, "y": 90 },
      {"model": "minecraft:block/05m_carrots_stage2", "weight":1, "y": 180 },
      {"model": "minecraft:block/05m_carrots_stage2", "weight":1, "y": 270 },
      {"model": "minecraft:block/05m_carrots_stage2", "weight":1, "y": 0 }
    ],
    "age=6": [
      {"model": "minecraft:block/05m_carrots_stage2", "weight":1, "y": 90 },
      {"model": "minecraft:block/05m_carrots_stage2", "weight":1, "y": 180 },
      {"model": "minecraft:block/05m_carrots_stage2", "weight":1, "y": 270 },
      {"model": "minecraft:block/05m_carrots_stage2", "weight":1, "y": 0 }
    ],
    "age=7": [
      {"model": "minecraft:block/05m_carrots_stage3", "weight":1, "y": 90 },
      {"model": "minecraft:block/05m_carrots_stage3", "weight":1, "y": 180 },
      {"model": "minecraft:block/05m_carrots_stage3", "weight":1, "y": 270 },
      {"model": "minecraft:block/05m_carrots_stage3", "weight":1, "y": 0 }
    ]
  }
}