{
  "variants": {
    "powered=false,shape=ascending_east": {
      "model": "minecraft:block/05m_rail_detector_rail_raised_off",
      "y": 90
    },
    "powered=false,shape=ascending_north": {
      "model": "minecraft:block/05m_rail_detector_rail_raised_off"
    },
    "powered=false,shape=ascending_south": {
      "model": "minecraft:block/05m_rail_detector_rail_raised_off",
      "y": 180
    },
    "powered=false,shape=ascending_west": {
      "model": "minecraft:block/05m_rail_detector_rail_raised_off",
      "y": 270
    },
    "powered=false,shape=east_west": {
      "model": "minecraft:block/05m_rail_detector_rail_off",
      "y": 90
    },
    "powered=false,shape=north_south": {
      "model": "minecraft:block/05m_rail_detector_rail_off"
    },
    "powered=true,shape=ascending_east": {
      "model": "minecraft:block/05m_rail_detector_rail_raised_on",
      "y": 90
    },
    "powered=true,shape=ascending_north": {
      "model": "minecraft:block/05m_rail_detector_rail_raised_on"
    },
    "powered=true,shape=ascending_south": {
      "model": "minecraft:block/05m_rail_detector_rail_raised_on",
      "y": 180
    },
    "powered=true,shape=ascending_west": {
      "model": "minecraft:block/05m_rail_detector_rail_raised_on",
      "y": 270
    },
    "powered=true,shape=east_west": {
      "model": "minecraft:block/05m_rail_detector_rail_on",
      "y": 90
    },
    "powered=true,shape=north_south": {
      "model": "minecraft:block/05m_rail_detector_rail_on"
    }
  }
}