{
  "variants": {
    "facing=down": [
      {"model": "block/05m_amethyst_cluster_medium_1", "weight":1, "x":180 },
      {"model": "block/05m_amethyst_cluster_medium_2", "weight":1, "x":180 },
      {"model": "block/05m_amethyst_cluster_medium_3", "weight":1, "x":180 },
      {"model": "block/05m_amethyst_cluster_medium_4", "weight":1, "x":180 }
    ],
    "facing=east": [
      {"model": "block/05m_amethyst_cluster_medium_1", "weight":1, "x":90, "y":90 },
      {"model": "block/05m_amethyst_cluster_medium_2", "weight":1, "x":90, "y":90 },
      {"model": "block/05m_amethyst_cluster_medium_3", "weight":1, "x":90, "y":90 },
      {"model": "block/05m_amethyst_cluster_medium_4", "weight":1, "x":90, "y":90 }
    ],
    "facing=north": [
      {"model": "block/05m_amethyst_cluster_medium_1", "weight":1, "x":90 },
      {"model": "block/05m_amethyst_cluster_medium_2", "weight":1, "x":90 },
      {"model": "block/05m_amethyst_cluster_medium_3", "weight":1, "x":90 },
      {"model": "block/05m_amethyst_cluster_medium_4", "weight":1, "x":90 }
    ],
    "facing=south": [
      {"model": "block/05m_amethyst_cluster_medium_1", "weight":1, "x":90, "y":180 },
      {"model": "block/05m_amethyst_cluster_medium_2", "weight":1, "x":90, "y":180 },
      {"model": "block/05m_amethyst_cluster_medium_3", "weight":1, "x":90, "y":180 },
      {"model": "block/05m_amethyst_cluster_medium_4", "weight":1, "x":90, "y":180 }
    ],
    "facing=up": [
      {"model": "block/05m_amethyst_cluster_medium_1", "weight":1 },
      {"model": "block/05m_amethyst_cluster_medium_2", "weight":1 },
      {"model": "block/05m_amethyst_cluster_medium_3", "weight":1 },
      {"model": "block/05m_amethyst_cluster_medium_4", "weight":1 }
    ],
    "facing=west": [
      {"model": "block/05m_amethyst_cluster_medium_1", "weight":1, "x":90, "y":270 },
      {"model": "block/05m_amethyst_cluster_medium_2", "weight":1, "x":90, "y":270 },
      {"model": "block/05m_amethyst_cluster_medium_3", "weight":1, "x":90, "y":270 },
      {"model": "block/05m_amethyst_cluster_medium_4", "weight":1, "x":90, "y":270 }
    ]
  }
}