{
  "variants": {
    "age=0": [
      {"model": "block/nether_wart_stage0", "weight":1, "y":0   },
      {"model": "block/nether_wart_stage0", "weight":1, "y":90  },
      {"model": "block/nether_wart_stage0", "weight":1, "y":180 },
      {"model": "block/nether_wart_stage0", "weight":1, "y":270 }
    ],
    "age=1": [
      {"model": "block/nether_wart_stage1", "weight":1, "y":0   },
      {"model": "block/nether_wart_stage1", "weight":1, "y":90  },
      {"model": "block/nether_wart_stage1", "weight":1, "y":180 },
      {"model": "block/nether_wart_stage1", "weight":1, "y":270 }
    ],
    "age=2": [
      {"model": "block/nether_wart_stage1", "weight":1, "y":0   },
      {"model": "block/nether_wart_stage1", "weight":1, "y":90  },
      {"model": "block/nether_wart_stage1", "weight":1, "y":180 },
      {"model": "block/nether_wart_stage1", "weight":1, "y":270 }
    ],
    "age=3": [
      {"model": "block/nether_wart_stage2", "weight":1, "y":0   },
      {"model": "block/nether_wart_stage2", "weight":1, "y":90  },
      {"model": "block/nether_wart_stage2", "weight":1, "y":180 },
      {"model": "block/nether_wart_stage2", "weight":1, "y":270 }
    ]
  }
}