{
  "variants": {
    "age=0": {
      "model": "minecraft:block/potatoes_stage0"
    },
    "age=1": {
      "model": "minecraft:block/potatoes_stage0"
    },
    "age=2": [
      {"model": "minecraft:block/05m_potatoes_stage1", "weight":1, "y": 0 },
      {"model": "minecraft:block/05m_potatoes_stage1", "weight":1, "y": 90 },
      {"model": "minecraft:block/05m_potatoes_stage1", "weight":1, "y": 180 },
      {"model": "minecraft:block/05m_potatoes_stage1", "weight":1, "y": 270 }
    ],
    "age=3": [
      {"model": "minecraft:block/05m_potatoes_stage1", "weight":1, "y": 0 },
      {"model": "minecraft:block/05m_potatoes_stage1", "weight":1, "y": 90 },
      {"model": "minecraft:block/05m_potatoes_stage1", "weight":1, "y": 180 },
      {"model": "minecraft:block/05m_potatoes_stage1", "weight":1, "y": 270 }
    ],
    "age=4": [
      {"model": "minecraft:block/05m_potatoes_stage2", "weight":1, "y": 0 },
      {"model": "minecraft:block/05m_potatoes_stage2", "weight":1, "y": 90 },
      {"model": "minecraft:block/05m_potatoes_stage2", "weight":1, "y": 180 },
      {"model": "minecraft:block/05m_potatoes_stage2", "weight":1, "y": 270 }
    ],
    "age=5": [
      {"model": "minecraft:block/05m_potatoes_stage2", "weight":1, "y": 0 },
      {"model": "minecraft:block/05m_potatoes_stage2", "weight":1, "y": 90 },
      {"model": "minecraft:block/05m_potatoes_stage2", "weight":1, "y": 180 },
      {"model": "minecraft:block/05m_potatoes_stage2", "weight":1, "y": 270 }
    ],
    "age=6": [
      {"model": "minecraft:block/05m_potatoes_stage2", "weight":1, "y": 0 },
      {"model": "minecraft:block/05m_potatoes_stage2", "weight":1, "y": 90 },
      {"model": "minecraft:block/05m_potatoes_stage2", "weight":1, "y": 180 },
      {"model": "minecraft:block/05m_potatoes_stage2", "weight":1, "y": 270 }
    ],
    "age=7": [
      {"model": "minecraft:block/05m_potatoes_stage3", "weight":1, "y": 0 },
      {"model": "minecraft:block/05m_potatoes_stage3", "weight":1, "y": 90 },
      {"model": "minecraft:block/05m_potatoes_stage3", "weight":1, "y": 180 },
      {"model": "minecraft:block/05m_potatoes_stage3", "weight":1, "y": 270 }
    ]
  }
}