{
  "variants": {
    "shape=ascending_east": {
      "model": "minecraft:block/05m_rail_rail_raised",
      "y": 90
    },
    "shape=ascending_north": {
      "model": "minecraft:block/05m_rail_rail_raised"
    },
    "shape=ascending_south": {
      "model": "minecraft:block/05m_rail_rail_raised",
      "y": 180
    },
    "shape=ascending_west": {
      "model": "minecraft:block/05m_rail_rail_raised",
      "y": 270
    },
    "shape=east_west": {
      "model": "minecraft:block/05m_rail_rail",
      "y": 90
    },
    "shape=north_east": {
      "model": "minecraft:block/05m_rail_rail_corner",
      "y": 270
    },
    "shape=north_south": {
      "model": "minecraft:block/05m_rail_rail"
    },
    "shape=north_west": {
      "model": "minecraft:block/05m_rail_rail_corner",
      "y": 180
    },
    "shape=south_east": {
      "model": "minecraft:block/05m_rail_rail_corner"
    },
    "shape=south_west": {
      "model": "minecraft:block/05m_rail_rail_corner",
      "y": 90
    }
  }
}