{
  "variants": {
    "age=0": {
      "model": "minecraft:block/sweet_berry_bush_stage0"
    },
    "age=1": {
      "model": "minecraft:block/sweet_berry_bush_stage1"
    },
    "age=2": [
      {"model": "block/sweet_berry_bush_stage2", "weight":1, "y":0   },
      {"model": "block/sweet_berry_bush_stage2", "weight":1, "y":90  },
      {"model": "block/sweet_berry_bush_stage2", "weight":1, "y":180 },
      {"model": "block/sweet_berry_bush_stage2", "weight":1, "y":270 }
    ],
    "age=3": [
      {"model": "block/sweet_berry_bush_stage3", "weight":1, "y":0   },
      {"model": "block/sweet_berry_bush_stage3", "weight":1, "y":90  },
      {"model": "block/sweet_berry_bush_stage3", "weight":1, "y":180 },
      {"model": "block/sweet_berry_bush_stage3", "weight":1, "y":270 }
    ]
  }
}